pair_id	level	retail_address	retail_name	size	aug6_address	aug6_section	exact_at_first	masked_occurrences	exact_occurrences	first_destination_reuse	status	all_aug6_addresses
aug6-retail-0001	0	0x002a48f0	FUN_002a48f0	56	0x00268448	s06_00267d80	1	1	1	1	unique_masked_candidate	0x00268448
aug6-retail-0002	0	0x002adcf8	FUN_002adcf8	56	0x0028b1b8	s06_00267d80	0	1	0	1	unique_masked_candidate	0x0028b1b8
aug6-retail-0003	0	0x002aded8	FUN_002aded8	56	0x0028b398	s06_00267d80	0	1	0	1	unique_masked_candidate	0x0028b398
aug6-retail-0004	0	0x002adf10	FUN_002adf10	36	0x0028b3d0	s06_00267d80	0	1	0	1	unique_masked_candidate	0x0028b3d0
aug6-retail-0005	0	0x002adfd0	FUN_002adfd0	20	0x0028b488	s06_00267d80	1	1	1	1	unique_masked_candidate	0x0028b488
aug6-retail-0006	0	0x002aeac0	FUN_002aeac0	88	0x0028bef8	s06_00267d80	1	1	1	1	unique_masked_candidate	0x0028bef8
aug6-retail-0007	0	0x002afbc0	FUN_002afbc0	44	0x00279980	s06_00267d80	0	2	0	3	ambiguous_candidate	0x00279980,0x0028d090
aug6-retail-0008	0	0x002b3248	FUN_002b3248	32	0x00290350	s06_00267d80	1	1	1	1	unique_masked_candidate	0x00290350
aug6-retail-0009	0	0x002d3778	FUN_002d3778	28	0x002b1ec0	s06_00267d80	0	1	0	1	unique_masked_candidate	0x002b1ec0
aug6-retail-0010	0	0x002d6768	FUN_002d6768	28	0x002759d0	s06_00267d80	0	1	0	2	ambiguous_candidate	0x002759d0
aug6-retail-0011	0	0x002d7140	FUN_002d7140	92	0x00268580	s06_00267d80	0	1	0	1	unique_masked_candidate	0x00268580
aug6-retail-0012	0	0x002d7940	FUN_002d7940	24	0x00268d68	s06_00267d80	1	1	1	1	unique_masked_candidate	0x00268d68
aug6-retail-0013	0	0x002dd048	FUN_002dd048	5060	0x0026e210	s06_00267d80	0	1	0	1	unique_masked_candidate	0x0026e210
aug6-retail-0014	0	0x002de410	FUN_002de410	160	0x0026f5d8	s06_00267d80	1	1	1	1	unique_masked_candidate	0x0026f5d8
aug6-retail-0015	0	0x002e5890	FUN_002e5890	136	0x00274e18	s06_00267d80	0	1	0	1	unique_masked_candidate	0x00274e18
aug6-retail-0016	0	0x002e5918	FUN_002e5918	28	0x00274ea0	s06_00267d80	0	12	0	17	ambiguous_candidate	0x00274ea0,0x002819b0,0x002b6530,0x002d8f68,0x002e20e8,0x00322c38,0x0037a8c8,0x003bb4b0,0x003d5598,0x003d77a8,0x003d8230,0x003d8250
aug6-retail-0017	0	0x002e6448	FUN_002e6448	28	0x002759d0	s06_00267d80	0	1	0	2	ambiguous_candidate	0x002759d0
aug6-retail-0018	0	0x002e90b0	FUN_002e90b0	80	0x00278218	s06_00267d80	1	1	1	1	unique_masked_candidate	0x00278218
aug6-retail-0019	0	0x002ea2e0	FUN_002ea2e0	56	0x00279668	s06_00267d80	1	1	1	1	unique_masked_candidate	0x00279668
aug6-retail-0020	0	0x002ea600	FUN_002ea600	44	0x00279980	s06_00267d80	0	2	0	3	ambiguous_candidate	0x00279980,0x0028d090
aug6-retail-0021	0	0x002ea998	FUN_002ea998	376	0x00279c78	s06_00267d80	1	1	1	1	unique_masked_candidate	0x00279c78
aug6-retail-0022	0	0x002eb1f4	FUN_002eb1f4	128	0x0027a4d4	s06_00267d80	0	1	0	1	unique_masked_candidate	0x0027a4d4
aug6-retail-0023	0	0x002ed3f8	FUN_002ed3f8	36	0x0027c3b8	s06_00267d80	0	1	0	1	unique_masked_candidate	0x0027c3b8
aug6-retail-0024	0	0x002edd48	FUN_002edd48	48	0x0027cd18	s06_00267d80	1	1	1	1	unique_masked_candidate	0x0027cd18
aug6-retail-0025	0	0x002edd78	FUN_002edd78	48	0x0027cd48	s06_00267d80	1	1	1	1	unique_masked_candidate	0x0027cd48
aug6-retail-0026	0	0x002edda8	FUN_002edda8	48	0x0027cd78	s06_00267d80	1	1	1	1	unique_masked_candidate	0x0027cd78
aug6-retail-0027	0	0x002ede18	FUN_002ede18	16	0x0027cde8	s06_00267d80	1	1	1	1	unique_masked_candidate	0x0027cde8
aug6-retail-0028	0	0x002ede28	FUN_002ede28	16	0x0027cdf8	s06_00267d80	1	2	2	1	ambiguous_candidate	0x0027cdf8,0x002ced98
aug6-retail-0029	0	0x002ede38	FUN_002ede38	40	0x0027ce08	s06_00267d80	1	1	1	1	unique_masked_candidate	0x0027ce08
aug6-retail-0030	0	0x002ede60	FUN_002ede60	40	0x0027ce30	s06_00267d80	1	1	1	1	unique_masked_candidate	0x0027ce30
aug6-retail-0031	0	0x002ede88	FUN_002ede88	40	0x0027ce58	s06_00267d80	1	1	1	1	unique_masked_candidate	0x0027ce58
aug6-retail-0032	0	0x002edeb0	FUN_002edeb0	160	0x0027ce80	s06_00267d80	1	1	1	1	unique_masked_candidate	0x0027ce80
aug6-retail-0033	0	0x002edf50	FUN_002edf50	40	0x0027cf20	s06_00267d80	1	1	1	1	unique_masked_candidate	0x0027cf20
aug6-retail-0034	0	0x002edf78	FUN_002edf78	48	0x0027cf48	s06_00267d80	1	1	1	1	unique_masked_candidate	0x0027cf48
aug6-retail-0035	0	0x002edfa8	FUN_002edfa8	56	0x0027cf78	s06_00267d80	1	1	1	1	unique_masked_candidate	0x0027cf78
aug6-retail-0036	0	0x002edfe0	FUN_002edfe0	40	0x0027cfb0	s06_00267d80	1	1	1	1	unique_masked_candidate	0x0027cfb0
aug6-retail-0037	0	0x002ee010	FUN_002ee010	32	0x0027cfe0	s06_00267d80	1	1	1	1	unique_masked_candidate	0x0027cfe0
aug6-retail-0038	0	0x002ee030	FUN_002ee030	24	0x0027d000	s06_00267d80	1	1	1	1	unique_masked_candidate	0x0027d000
aug6-retail-0039	0	0x002ee058	FUN_002ee058	24	0x0027d028	s06_00267d80	1	1	1	1	unique_masked_candidate	0x0027d028
aug6-retail-0040	0	0x002ee078	FUN_002ee078	24	0x0027d048	s06_00267d80	1	1	1	1	unique_masked_candidate	0x0027d048
aug6-retail-0041	0	0x002ee0c0	FUN_002ee0c0	16	0x0027d080	s06_00267d80	1	1	1	1	unique_masked_candidate	0x0027d080
aug6-retail-0042	0	0x002ee0e0	FUN_002ee0e0	16	0x0027d098	s06_00267d80	1	1	1	1	unique_masked_candidate	0x0027d098
aug6-retail-0043	0	0x002ee0f0	FUN_002ee0f0	24	0x0027d0a8	s06_00267d80	1	1	1	1	unique_masked_candidate	0x0027d0a8
aug6-retail-0044	0	0x002ee108	FUN_002ee108	24	0x0027d0c0	s06_00267d80	1	1	1	1	unique_masked_candidate	0x0027d0c0
aug6-retail-0045	0	0x002ee120	FUN_002ee120	24	0x0027d0d8	s06_00267d80	1	1	1	1	unique_masked_candidate	0x0027d0d8
aug6-retail-0046	0	0x002ee138	FUN_002ee138	24	0x0027d0f0	s06_00267d80	1	1	1	1	unique_masked_candidate	0x0027d0f0
aug6-retail-0047	0	0x002ee150	FUN_002ee150	40	0x0027d108	s06_00267d80	1	1	1	1	unique_masked_candidate	0x0027d108
aug6-retail-0048	0	0x002ee178	FUN_002ee178	24	0x0027d130	s06_00267d80	1	1	1	1	unique_masked_candidate	0x0027d130
aug6-retail-0049	0	0x002ee190	FUN_002ee190	24	0x0027d148	s06_00267d80	1	1	1	1	unique_masked_candidate	0x0027d148
aug6-retail-0050	0	0x002ee1a8	FUN_002ee1a8	24	0x0027d160	s06_00267d80	1	1	1	1	unique_masked_candidate	0x0027d160
aug6-retail-0051	0	0x002ee1c0	FUN_002ee1c0	24	0x0027d190	s06_00267d80	1	1	1	1	unique_masked_candidate	0x0027d190
aug6-retail-0052	0	0x002ee1d8	FUN_002ee1d8	32	0x0027d1a8	s06_00267d80	1	1	1	1	unique_masked_candidate	0x0027d1a8
aug6-retail-0053	0	0x002ee1f8	FUN_002ee1f8	40	0x0027d1c8	s06_00267d80	1	1	1	1	unique_masked_candidate	0x0027d1c8
aug6-retail-0054	0	0x002ee220	FUN_002ee220	24	0x0027d1f0	s06_00267d80	1	1	1	1	unique_masked_candidate	0x0027d1f0
aug6-retail-0055	0	0x002ee238	FUN_002ee238	48	0x0027d208	s06_00267d80	1	1	1	1	unique_masked_candidate	0x0027d208
aug6-retail-0056	0	0x002ee268	FUN_002ee268	40	0x0027d238	s06_00267d80	1	1	1	1	unique_masked_candidate	0x0027d238
aug6-retail-0057	0	0x002ee290	FUN_002ee290	32	0x0027d260	s06_00267d80	1	1	1	1	unique_masked_candidate	0x0027d260
aug6-retail-0058	0	0x002ee2b0	FUN_002ee2b0	56	0x0027d280	s06_00267d80	1	1	1	1	unique_masked_candidate	0x0027d280
aug6-retail-0059	0	0x002ee2e8	FUN_002ee2e8	48	0x0027d2b8	s06_00267d80	1	1	1	1	unique_masked_candidate	0x0027d2b8
aug6-retail-0060	0	0x002ee318	FUN_002ee318	40	0x0027d2e8	s06_00267d80	1	1	1	1	unique_masked_candidate	0x0027d2e8
aug6-retail-0061	0	0x002ee340	FUN_002ee340	72	0x0027d310	s06_00267d80	1	1	1	1	unique_masked_candidate	0x0027d310
aug6-retail-0062	0	0x002ee3d0	FUN_002ee3d0	80	0x0027d358	s06_00267d80	1	1	1	1	unique_masked_candidate	0x0027d358
aug6-retail-0063	0	0x002ee420	FUN_002ee420	72	0x0027d3a8	s06_00267d80	1	1	1	1	unique_masked_candidate	0x0027d3a8
aug6-retail-0064	0	0x002ee468	FUN_002ee468	112	0x0027d3f0	s06_00267d80	1	1	1	1	unique_masked_candidate	0x0027d3f0
aug6-retail-0065	0	0x002ee4d8	FUN_002ee4d8	104	0x0027d460	s06_00267d80	1	1	1	1	unique_masked_candidate	0x0027d460
aug6-retail-0066	0	0x002ee540	FUN_002ee540	112	0x0027d4c8	s06_00267d80	1	1	1	1	unique_masked_candidate	0x0027d4c8
aug6-retail-0067	0	0x002ee5b0	FUN_002ee5b0	40	0x0027d538	s06_00267d80	1	1	1	1	unique_masked_candidate	0x0027d538
aug6-retail-0068	0	0x002ee5d8	FUN_002ee5d8	48	0x0027d560	s06_00267d80	1	1	1	1	unique_masked_candidate	0x0027d560
aug6-retail-0069	0	0x002ee608	FUN_002ee608	24	0x0027d590	s06_00267d80	1	1	1	1	unique_masked_candidate	0x0027d590
aug6-retail-0070	0	0x002ee620	FUN_002ee620	40	0x0027d5a8	s06_00267d80	1	1	1	1	unique_masked_candidate	0x0027d5a8
aug6-retail-0071	0	0x002ee648	FUN_002ee648	24	0x0027d5d0	s06_00267d80	1	1	1	1	unique_masked_candidate	0x0027d5d0
aug6-retail-0072	0	0x002ee660	FUN_002ee660	72	0x0027d5e8	s06_00267d80	1	1	1	1	unique_masked_candidate	0x0027d5e8
aug6-retail-0073	0	0x002ee6b0	FUN_002ee6b0	48	0x0027d638	s06_00267d80	1	1	1	1	unique_masked_candidate	0x0027d638
aug6-retail-0074	0	0x002ee6e0	FUN_002ee6e0	24	0x0027d668	s06_00267d80	1	1	1	1	unique_masked_candidate	0x0027d668
aug6-retail-0075	0	0x002ee6f8	FUN_002ee6f8	24	0x0027d680	s06_00267d80	1	1	1	1	unique_masked_candidate	0x0027d680
aug6-retail-0076	0	0x002ee8c0	FUN_002ee8c0	40	0x0027d848	s06_00267d80	1	1	1	1	unique_masked_candidate	0x0027d848
aug6-retail-0077	0	0x002ee8e8	FUN_002ee8e8	48	0x0027d870	s06_00267d80	1	1	1	1	unique_masked_candidate	0x0027d870
aug6-retail-0078	0	0x002ee918	FUN_002ee918	56	0x0027d8a0	s06_00267d80	1	1	1	1	unique_masked_candidate	0x0027d8a0
aug6-retail-0079	0	0x002ee950	FUN_002ee950	32	0x0027d8d8	s06_00267d80	1	1	1	1	unique_masked_candidate	0x0027d8d8
aug6-retail-0080	0	0x002ee970	FUN_002ee970	32	0x0027d8f8	s06_00267d80	1	1	1	1	unique_masked_candidate	0x0027d8f8
aug6-retail-0081	0	0x002ee990	FUN_002ee990	552	0x0027d918	s06_00267d80	0	1	0	1	unique_masked_candidate	0x0027d918
aug6-retail-0082	0	0x002eebb8	FUN_002eebb8	32	0x0027db40	s06_00267d80	1	1	1	1	unique_masked_candidate	0x0027db40
aug6-retail-0083	0	0x002eebd8	FUN_002eebd8	32	0x0027db60	s06_00267d80	1	1	1	1	unique_masked_candidate	0x0027db60
aug6-retail-0084	0	0x002eebf8	FUN_002eebf8	80	0x0027db80	s06_00267d80	1	1	1	1	unique_masked_candidate	0x0027db80
aug6-retail-0085	0	0x002eec98	FUN_002eec98	80	0x0027dbd0	s06_00267d80	1	1	1	1	unique_masked_candidate	0x0027dbd0
aug6-retail-0086	0	0x002eece8	FUN_002eece8	72	0x0027dc20	s06_00267d80	1	1	1	1	unique_masked_candidate	0x0027dc20
aug6-retail-0087	0	0x002eed30	FUN_002eed30	64	0x0027dc68	s06_00267d80	1	1	1	1	unique_masked_candidate	0x0027dc68
aug6-retail-0088	0	0x002eed70	FUN_002eed70	136	0x0027dca8	s06_00267d80	1	1	1	1	unique_masked_candidate	0x0027dca8
aug6-retail-0089	0	0x002eedf8	FUN_002eedf8	192	0x0027dd30	s06_00267d80	0	1	0	1	unique_masked_candidate	0x0027dd30
aug6-retail-0090	0	0x002eeeb8	FUN_002eeeb8	120	0x0027ddf0	s06_00267d80	1	1	1	1	unique_masked_candidate	0x0027ddf0
aug6-retail-0091	0	0x002eef30	FUN_002eef30	136	0x0027de68	s06_00267d80	1	1	1	1	unique_masked_candidate	0x0027de68
aug6-retail-0092	0	0x002eefb8	FUN_002eefb8	152	0x0027def0	s06_00267d80	1	1	1	1	unique_masked_candidate	0x0027def0
aug6-retail-0093	0	0x002ef050	FUN_002ef050	88	0x0027df88	s06_00267d80	1	1	1	1	unique_masked_candidate	0x0027df88
aug6-retail-0094	0	0x002ef0a8	FUN_002ef0a8	80	0x0027dfe0	s06_00267d80	1	1	1	1	unique_masked_candidate	0x0027dfe0
aug6-retail-0095	0	0x002ef0f8	FUN_002ef0f8	72	0x0027e030	s06_00267d80	1	1	1	1	unique_masked_candidate	0x0027e030
aug6-retail-0096	0	0x002ef140	FUN_002ef140	72	0x0027e078	s06_00267d80	1	1	1	1	unique_masked_candidate	0x0027e078
aug6-retail-0097	0	0x002ef1e0	FUN_002ef1e0	56	0x0027e138	s06_00267d80	1	1	1	1	unique_masked_candidate	0x0027e138
aug6-retail-0098	0	0x002ef218	FUN_002ef218	16	0x0027e170	s06_00267d80	1	1	1	1	unique_masked_candidate	0x0027e170
aug6-retail-0099	0	0x002ef228	FUN_002ef228	24	0x0027e180	s06_00267d80	1	1	1	1	unique_masked_candidate	0x0027e180
aug6-retail-0100	0	0x002ef240	FUN_002ef240	16	0x0027e198	s06_00267d80	1	1	1	1	unique_masked_candidate	0x0027e198
aug6-retail-0101	0	0x002ef250	FUN_002ef250	16	0x0027e1a8	s06_00267d80	1	1	1	1	unique_masked_candidate	0x0027e1a8
aug6-retail-0102	0	0x002ef260	FUN_002ef260	56	0x0027e1b8	s06_00267d80	1	1	1	1	unique_masked_candidate	0x0027e1b8
aug6-retail-0103	0	0x002ef298	FUN_002ef298	72	0x0027e1f0	s06_00267d80	1	1	1	1	unique_masked_candidate	0x0027e1f0
aug6-retail-0104	0	0x002ef2e0	FUN_002ef2e0	56	0x0027e238	s06_00267d80	1	1	1	1	unique_masked_candidate	0x0027e238
aug6-retail-0105	0	0x002ef410	FUN_002ef410	60	0x0027e368	s06_00267d80	0	1	0	1	unique_masked_candidate	0x0027e368
aug6-retail-0106	0	0x002ef450	FUN_002ef450	248	0x0027e3a8	s06_00267d80	0	1	0	1	unique_masked_candidate	0x0027e3a8
aug6-retail-0107	0	0x002ef548	FUN_002ef548	184	0x0027e4a0	s06_00267d80	0	1	0	1	unique_masked_candidate	0x0027e4a0
aug6-retail-0108	0	0x002f4180	FUN_002f4180	28	0x00274ea0	s06_00267d80	0	12	0	17	ambiguous_candidate	0x00274ea0,0x002819b0,0x002b6530,0x002d8f68,0x002e20e8,0x00322c38,0x0037a8c8,0x003bb4b0,0x003d5598,0x003d77a8,0x003d8230,0x003d8250
aug6-retail-0109	0	0x002f6f50	FUN_002f6f50	104	0x002b4f78	s06_00267d80	1	1	1	1	unique_masked_candidate	0x002b4f78
aug6-retail-0110	0	0x002f7160	FUN_002f7160	252	0x002b5188	s06_00267d80	1	1	1	1	unique_masked_candidate	0x002b5188
aug6-retail-0111	0	0x002f7568	FUN_002f7568	28	0x00274ea0	s06_00267d80	0	12	0	17	ambiguous_candidate	0x00274ea0,0x002819b0,0x002b6530,0x002d8f68,0x002e20e8,0x00322c38,0x0037a8c8,0x003bb4b0,0x003d5598,0x003d77a8,0x003d8230,0x003d8250
aug6-retail-0112	0	0x002fc588	FUN_002fc588	28	0x00274ea0	s06_00267d80	0	12	0	17	ambiguous_candidate	0x00274ea0,0x002819b0,0x002b6530,0x002d8f68,0x002e20e8,0x00322c38,0x0037a8c8,0x003bb4b0,0x003d5598,0x003d77a8,0x003d8230,0x003d8250
aug6-retail-0113	0	0x002fc5a8	FUN_002fc5a8	28	0x00274ea0	s06_00267d80	0	12	0	17	ambiguous_candidate	0x00274ea0,0x002819b0,0x002b6530,0x002d8f68,0x002e20e8,0x00322c38,0x0037a8c8,0x003bb4b0,0x003d5598,0x003d77a8,0x003d8230,0x003d8250
aug6-retail-0114	0	0x002fc5c8	FUN_002fc5c8	28	0x00274ea0	s06_00267d80	0	12	0	17	ambiguous_candidate	0x00274ea0,0x002819b0,0x002b6530,0x002d8f68,0x002e20e8,0x00322c38,0x0037a8c8,0x003bb4b0,0x003d5598,0x003d77a8,0x003d8230,0x003d8250
aug6-retail-0115	0	0x002fc5e8	FUN_002fc5e8	28	0x00274ea0	s06_00267d80	0	12	0	17	ambiguous_candidate	0x00274ea0,0x002819b0,0x002b6530,0x002d8f68,0x002e20e8,0x00322c38,0x0037a8c8,0x003bb4b0,0x003d5598,0x003d77a8,0x003d8230,0x003d8250
aug6-retail-0116	0	0x002fef50	FUN_002fef50	88	0x002bc870	s06_00267d80	1	1	1	1	unique_masked_candidate	0x002bc870
aug6-retail-0117	0	0x002ff1a8	FUN_002ff1a8	60	0x002bcac8	s06_00267d80	1	1	1	1	unique_masked_candidate	0x002bcac8
aug6-retail-0118	0	0x00306650	FUN_00306650	100	0x002c4538	s06_00267d80	1	1	1	1	unique_masked_candidate	0x002c4538
aug6-retail-0119	0	0x00307fb8	FUN_00307fb8	280	0x002c5a20	s06_00267d80	1	1	1	1	unique_masked_candidate	0x002c5a20
aug6-retail-0120	0	0x0030bef0	FUN_0030bef0	56	0x002c9668	s06_00267d80	1	1	1	1	unique_masked_candidate	0x002c9668
aug6-retail-0121	0	0x0030e060	FUN_0030e060	32	0x002cb0d0	s06_00267d80	1	1	1	1	unique_masked_candidate	0x002cb0d0
aug6-retail-0122	0	0x0030e080	FUN_0030e080	56	0x002cb0f0	s06_00267d80	0	1	0	1	unique_masked_candidate	0x002cb0f0
aug6-retail-0123	0	0x0030e0b8	FUN_0030e0b8	160	0x002cb128	s06_00267d80	1	1	1	1	unique_masked_candidate	0x002cb128
aug6-retail-0124	0	0x0030e2d8	FUN_0030e2d8	320	0x002cb348	s06_00267d80	1	1	1	1	unique_masked_candidate	0x002cb348
aug6-retail-0125	0	0x0030e418	FUN_0030e418	312	0x002cb488	s06_00267d80	1	1	1	1	unique_masked_candidate	0x002cb488
aug6-retail-0126	0	0x0030e550	FUN_0030e550	752	0x002cb5c0	s06_00267d80	0	1	0	1	unique_masked_candidate	0x002cb5c0
aug6-retail-0127	0	0x0030e820	FUN_0030e820	32	0x002cb890	s06_00267d80	1	1	1	1	unique_masked_candidate	0x002cb890
aug6-retail-0128	0	0x0030e840	FUN_0030e840	40	0x002cb8b0	s06_00267d80	0	1	0	1	unique_masked_candidate	0x002cb8b0
aug6-retail-0129	0	0x00310838	FUN_00310838	116	0x002ccde8	s06_00267d80	1	1	1	1	unique_masked_candidate	0x002ccde8
aug6-retail-0130	0	0x00311080	FUN_00311080	100	0x002cd630	s06_00267d80	0	1	0	1	unique_masked_candidate	0x002cd630
aug6-retail-0131	0	0x00311238	FUN_00311238	120	0x002cd7e8	s06_00267d80	1	1	1	1	unique_masked_candidate	0x002cd7e8
aug6-retail-0132	0	0x003112b0	FUN_003112b0	152	0x002cd860	s06_00267d80	0	1	0	1	unique_masked_candidate	0x002cd860
aug6-retail-0133	0	0x00311b58	FUN_00311b58	40	0x002ce108	s06_00267d80	0	1	0	1	unique_masked_candidate	0x002ce108
aug6-retail-0134	0	0x00312098	FUN_00312098	32	0x002ce628	s06_00267d80	1	1	1	1	unique_masked_candidate	0x002ce628
aug6-retail-0135	0	0x003120b8	FUN_003120b8	48	0x002ce648	s06_00267d80	1	1	1	1	unique_masked_candidate	0x002ce648
aug6-retail-0136	0	0x003120e8	FUN_003120e8	48	0x002ce678	s06_00267d80	1	1	1	1	unique_masked_candidate	0x002ce678
aug6-retail-0137	0	0x00312d18	FUN_00312d18	72	0x002cf2a8	s06_00267d80	0	1	0	1	unique_masked_candidate	0x002cf2a8
aug6-retail-0138	0	0x00312d60	FUN_00312d60	1544	0x002cf2f0	s06_00267d80	0	1	0	1	unique_masked_candidate	0x002cf2f0
aug6-retail-0139	0	0x00313368	FUN_00313368	3348	0x002cf8f8	s06_00267d80	0	1	0	1	unique_masked_candidate	0x002cf8f8
aug6-retail-0140	0	0x00314d40	FUN_00314d40	2136	0x002d12d0	s06_00267d80	0	1	0	1	unique_masked_candidate	0x002d12d0
aug6-retail-0141	0	0x00316f60	FUN_00316f60	2688	0x002d34c8	s06_00267d80	0	1	0	1	unique_masked_candidate	0x002d34c8
aug6-retail-0142	0	0x0031a658	FUN_0031a658	60	0x002d6a60	s06_00267d80	1	1	1	1	unique_masked_candidate	0x002d6a60
aug6-retail-0143	0	0x0031a6a0	FUN_0031a6a0	28	0x002d6aa8	s06_00267d80	1	1	1	1	unique_masked_candidate	0x002d6aa8
aug6-retail-0144	0	0x0031a6c8	FUN_0031a6c8	68	0x002d6ad0	s06_00267d80	1	1	1	1	unique_masked_candidate	0x002d6ad0
aug6-retail-0145	0	0x0031a7c0	FUN_0031a7c0	92	0x002d6bc8	s06_00267d80	0	1	0	1	unique_masked_candidate	0x002d6bc8
aug6-retail-0146	0	0x0031a820	FUN_0031a820	104	0x002d6c28	s06_00267d80	0	1	0	1	unique_masked_candidate	0x002d6c28
aug6-retail-0147	0	0x0031a888	FUN_0031a888	68	0x002d6c90	s06_00267d80	0	1	0	1	unique_masked_candidate	0x002d6c90
aug6-retail-0148	0	0x0031a9f0	FUN_0031a9f0	56	0x002d6df8	s06_00267d80	1	1	1	1	unique_masked_candidate	0x002d6df8
aug6-retail-0149	0	0x0031aa28	FUN_0031aa28	288	0x002d6e30	s06_00267d80	1	6	6	6	ambiguous_candidate	0x002d6e30,0x00343e08,0x0035b660,0x00369810,0x0037f5b8,0x003a7910
aug6-retail-0150	0	0x0031ab48	FUN_0031ab48	148	0x002d6f50	s06_00267d80	0	1	0	1	unique_masked_candidate	0x002d6f50
aug6-retail-0151	0	0x0031abe0	FUN_0031abe0	124	0x002d6fe8	s06_00267d80	0	1	0	1	unique_masked_candidate	0x002d6fe8
aug6-retail-0152	0	0x0031b9c0	FUN_0031b9c0	56	0x002d7dc0	s06_00267d80	1	1	1	1	unique_masked_candidate	0x002d7dc0
aug6-retail-0153	0	0x0031bc20	FUN_0031bc20	36	0x002d8020	s06_00267d80	0	1	0	1	unique_masked_candidate	0x002d8020
aug6-retail-0154	0	0x0031bcf0	FUN_0031bcf0	204	0x002d8050	s06_00267d80	1	1	1	1	unique_masked_candidate	0x002d8050
aug6-retail-0155	0	0x0031be88	FUN_0031be88	36	0x002d81e8	s06_00267d80	1	1	1	1	unique_masked_candidate	0x002d81e8
aug6-retail-0156	0	0x0031beb0	FUN_0031beb0	44	0x002d8210	s06_00267d80	0	1	0	1	unique_masked_candidate	0x002d8210
aug6-retail-0157	0	0x0031bee0	FUN_0031bee0	36	0x002d8240	s06_00267d80	1	1	1	1	unique_masked_candidate	0x002d8240
aug6-retail-0158	0	0x0031c978	FUN_0031c978	28	0x00274ea0	s06_00267d80	0	12	0	17	ambiguous_candidate	0x00274ea0,0x002819b0,0x002b6530,0x002d8f68,0x002e20e8,0x00322c38,0x0037a8c8,0x003bb4b0,0x003d5598,0x003d77a8,0x003d8230,0x003d8250
aug6-retail-0159	0	0x0031c998	FUN_0031c998	28	0x00274ea0	s06_00267d80	0	12	0	17	ambiguous_candidate	0x00274ea0,0x002819b0,0x002b6530,0x002d8f68,0x002e20e8,0x00322c38,0x0037a8c8,0x003bb4b0,0x003d5598,0x003d77a8,0x003d8230,0x003d8250
aug6-retail-0160	0	0x0031d660	FUN_0031d660	16	0x002d9b70	s06_00267d80	1	1	1	1	unique_masked_candidate	0x002d9b70
aug6-retail-0161	0	0x0031d708	FUN_0031d708	68	0x002d9c18	s06_00267d80	0	1	0	1	unique_masked_candidate	0x002d9c18
aug6-retail-0162	0	0x0031d8a0	FUN_0031d8a0	84	0x002d9db0	s06_00267d80	0	1	0	1	unique_masked_candidate	0x002d9db0
aug6-retail-0163	0	0x0031d8f8	FUN_0031d8f8	92	0x002d9e08	s06_00267d80	0	1	0	1	unique_masked_candidate	0x002d9e08
aug6-retail-0164	0	0x0031e4f8	FUN_0031e4f8	92	0x002da9c0	s06_00267d80	1	1	1	1	unique_masked_candidate	0x002da9c0
aug6-retail-0165	0	0x0031e7a8	FUN_0031e7a8	48	0x002dac70	s06_00267d80	1	1	1	1	unique_masked_candidate	0x002dac70
aug6-retail-0166	0	0x0031e7d8	FUN_0031e7d8	48	0x002daca0	s06_00267d80	1	1	1	1	unique_masked_candidate	0x002daca0
aug6-retail-0167	0	0x0031f1c8	FUN_0031f1c8	88	0x002db6f0	s06_00267d80	0	1	0	1	unique_masked_candidate	0x002db6f0
aug6-retail-0168	0	0x0031f2b0	FUN_0031f2b0	16	0x002db7d8	s06_00267d80	1	1	1	1	unique_masked_candidate	0x002db7d8
aug6-retail-0169	0	0x00320db0	FUN_00320db0	48	0x002dd448	s06_00267d80	1	1	1	1	unique_masked_candidate	0x002dd448
aug6-retail-0170	0	0x00322900	FUN_00322900	128	0x002dee38	s06_00267d80	0	1	0	1	unique_masked_candidate	0x002dee38
aug6-retail-0171	0	0x00322a98	FUN_00322a98	40	0x002defd0	s06_00267d80	1	1	1	1	unique_masked_candidate	0x002defd0
aug6-retail-0172	0	0x00322f60	FUN_00322f60	44	0x002df498	s06_00267d80	0	1	0	1	unique_masked_candidate	0x002df498
aug6-retail-0173	0	0x00323e48	FUN_00323e48	64	0x002e0390	s06_00267d80	1	1	1	1	unique_masked_candidate	0x002e0390
aug6-retail-0174	0	0x00325100	FUN_00325100	44	0x002e12e0	s06_00267d80	0	1	0	1	unique_masked_candidate	0x002e12e0
aug6-retail-0175	0	0x00325130	FUN_00325130	40	0x002e1310	s06_00267d80	0	1	0	1	unique_masked_candidate	0x002e1310
aug6-retail-0176	0	0x003252a8	FUN_003252a8	28	0x002e1488	s06_00267d80	0	2	0	4	ambiguous_candidate	0x002e1488,0x002e1568
aug6-retail-0177	0	0x00325300	FUN_00325300	28	0x002e1488	s06_00267d80	0	2	0	4	ambiguous_candidate	0x002e1488,0x002e1568
aug6-retail-0178	0	0x003253a0	FUN_003253a0	28	0x002e1488	s06_00267d80	0	2	0	4	ambiguous_candidate	0x002e1488,0x002e1568
aug6-retail-0179	0	0x00325728	FUN_00325728	56	0x002e18f0	s06_00267d80	0	1	0	1	unique_masked_candidate	0x002e18f0
aug6-retail-0180	0	0x00326200	FUN_00326200	28	0x00274ea0	s06_00267d80	0	12	0	17	ambiguous_candidate	0x00274ea0,0x002819b0,0x002b6530,0x002d8f68,0x002e20e8,0x00322c38,0x0037a8c8,0x003bb4b0,0x003d5598,0x003d77a8,0x003d8230,0x003d8250
aug6-retail-0181	0	0x003294a0	FUN_003294a0	40	0x002e5598	s06_00267d80	1	1	1	1	unique_masked_candidate	0x002e5598
aug6-retail-0182	0	0x003294c8	FUN_003294c8	36	0x002e55c0	s06_00267d80	1	1	1	1	unique_masked_candidate	0x002e55c0
aug6-retail-0183	0	0x003294f0	FUN_003294f0	32	0x002e55e8	s06_00267d80	1	1	1	1	unique_masked_candidate	0x002e55e8
aug6-retail-0184	0	0x0032bb68	FUN_0032bb68	32	0x002e6808	s06_00267d80	0	1	0	1	unique_masked_candidate	0x002e6808
aug6-retail-0185	0	0x0032c9c0	FUN_0032c9c0	100	0x002e7670	s06_00267d80	0	1	0	1	unique_masked_candidate	0x002e7670
aug6-retail-0186	0	0x0032f318	FUN_0032f318	100	0x002e9ed0	s06_00267d80	1	1	1	1	unique_masked_candidate	0x002e9ed0
aug6-retail-0187	0	0x00330ad8	FUN_00330ad8	152	0x002eb658	s06_00267d80	1	1	1	1	unique_masked_candidate	0x002eb658
aug6-retail-0188	0	0x0033bb40	FUN_0033bb40	96	0x002f7100	s06_00267d80	0	1	0	1	unique_masked_candidate	0x002f7100
aug6-retail-0189	0	0x0033bec8	FUN_0033bec8	60	0x002f7488	s06_00267d80	0	1	0	1	unique_masked_candidate	0x002f7488
aug6-retail-0190	0	0x003417b8	FUN_003417b8	100	0x002fba78	s06_00267d80	1	1	1	1	unique_masked_candidate	0x002fba78
aug6-retail-0191	0	0x00342ef8	FUN_00342ef8	60	0x002fd138	s06_00267d80	1	1	1	1	unique_masked_candidate	0x002fd138
aug6-retail-0192	0	0x00342f38	FUN_00342f38	60	0x002fd178	s06_00267d80	1	1	1	1	unique_masked_candidate	0x002fd178
aug6-retail-0193	0	0x00344948	FUN_00344948	36	0x002feb50	s06_00267d80	1	1	1	1	unique_masked_candidate	0x002feb50
aug6-retail-0194	0	0x00346680	FUN_00346680	48	0x00300988	s06_00267d80	0	12	0	20	ambiguous_candidate	0x00300988,0x00300bb8,0x00300c88,0x00300d80,0x00300ed8,0x00300fa8,0x00301060,0x00301118,0x003011d0,0x00301480,0x00301538,0x00301678
aug6-retail-0195	0	0x00346a80	FUN_00346a80	48	0x00300988	s06_00267d80	0	12	0	20	ambiguous_candidate	0x00300988,0x00300bb8,0x00300c88,0x00300d80,0x00300ed8,0x00300fa8,0x00301060,0x00301118,0x003011d0,0x00301480,0x00301538,0x00301678
aug6-retail-0196	0	0x00346b50	FUN_00346b50	48	0x00300988	s06_00267d80	0	12	0	20	ambiguous_candidate	0x00300988,0x00300bb8,0x00300c88,0x00300d80,0x00300ed8,0x00300fa8,0x00301060,0x00301118,0x003011d0,0x00301480,0x00301538,0x00301678
aug6-retail-0197	0	0x00346d20	FUN_00346d20	48	0x00300988	s06_00267d80	0	12	0	20	ambiguous_candidate	0x00300988,0x00300bb8,0x00300c88,0x00300d80,0x00300ed8,0x00300fa8,0x00301060,0x00301118,0x003011d0,0x00301480,0x00301538,0x00301678
aug6-retail-0198	0	0x0034c060	FUN_0034c060	48	0x00300988	s06_00267d80	0	12	0	20	ambiguous_candidate	0x00300988,0x00300bb8,0x00300c88,0x00300d80,0x00300ed8,0x00300fa8,0x00301060,0x00301118,0x003011d0,0x00301480,0x00301538,0x00301678
aug6-retail-0199	0	0x0034c118	FUN_0034c118	48	0x00300988	s06_00267d80	0	12	0	20	ambiguous_candidate	0x00300988,0x00300bb8,0x00300c88,0x00300d80,0x00300ed8,0x00300fa8,0x00301060,0x00301118,0x003011d0,0x00301480,0x00301538,0x00301678
aug6-retail-0200	0	0x0034c288	FUN_0034c288	48	0x00300988	s06_00267d80	0	12	0	20	ambiguous_candidate	0x00300988,0x00300bb8,0x00300c88,0x00300d80,0x00300ed8,0x00300fa8,0x00301060,0x00301118,0x003011d0,0x00301480,0x00301538,0x00301678
aug6-retail-0201	0	0x0034c340	FUN_0034c340	48	0x00300988	s06_00267d80	0	12	0	20	ambiguous_candidate	0x00300988,0x00300bb8,0x00300c88,0x00300d80,0x00300ed8,0x00300fa8,0x00301060,0x00301118,0x003011d0,0x00301480,0x00301538,0x00301678
aug6-retail-0202	0	0x0034c3f8	FUN_0034c3f8	48	0x00300988	s06_00267d80	0	12	0	20	ambiguous_candidate	0x00300988,0x00300bb8,0x00300c88,0x00300d80,0x00300ed8,0x00300fa8,0x00301060,0x00301118,0x003011d0,0x00301480,0x00301538,0x00301678
aug6-retail-0203	0	0x0034c4b0	FUN_0034c4b0	48	0x00300988	s06_00267d80	0	12	0	20	ambiguous_candidate	0x00300988,0x00300bb8,0x00300c88,0x00300d80,0x00300ed8,0x00300fa8,0x00301060,0x00301118,0x003011d0,0x00301480,0x00301538,0x00301678
aug6-retail-0204	0	0x0034c568	FUN_0034c568	48	0x00300988	s06_00267d80	0	12	0	20	ambiguous_candidate	0x00300988,0x00300bb8,0x00300c88,0x00300d80,0x00300ed8,0x00300fa8,0x00301060,0x00301118,0x003011d0,0x00301480,0x00301538,0x00301678
aug6-retail-0205	0	0x0034c638	FUN_0034c638	48	0x00300988	s06_00267d80	0	12	0	20	ambiguous_candidate	0x00300988,0x00300bb8,0x00300c88,0x00300d80,0x00300ed8,0x00300fa8,0x00301060,0x00301118,0x003011d0,0x00301480,0x00301538,0x00301678
aug6-retail-0206	0	0x0034c6f0	FUN_0034c6f0	48	0x00300988	s06_00267d80	0	12	0	20	ambiguous_candidate	0x00300988,0x00300bb8,0x00300c88,0x00300d80,0x00300ed8,0x00300fa8,0x00301060,0x00301118,0x003011d0,0x00301480,0x00301538,0x00301678
aug6-retail-0207	0	0x0034c7f0	FUN_0034c7f0	48	0x00300988	s06_00267d80	0	12	0	20	ambiguous_candidate	0x00300988,0x00300bb8,0x00300c88,0x00300d80,0x00300ed8,0x00300fa8,0x00301060,0x00301118,0x003011d0,0x00301480,0x00301538,0x00301678
aug6-retail-0208	0	0x0034c8e8	FUN_0034c8e8	48	0x00300988	s06_00267d80	0	12	0	20	ambiguous_candidate	0x00300988,0x00300bb8,0x00300c88,0x00300d80,0x00300ed8,0x00300fa8,0x00301060,0x00301118,0x003011d0,0x00301480,0x00301538,0x00301678
aug6-retail-0209	0	0x0034e9a0	FUN_0034e9a0	48	0x00300988	s06_00267d80	0	12	0	20	ambiguous_candidate	0x00300988,0x00300bb8,0x00300c88,0x00300d80,0x00300ed8,0x00300fa8,0x00301060,0x00301118,0x003011d0,0x00301480,0x00301538,0x00301678
aug6-retail-0210	0	0x0034eb78	FUN_0034eb78	48	0x00300988	s06_00267d80	0	12	0	20	ambiguous_candidate	0x00300988,0x00300bb8,0x00300c88,0x00300d80,0x00300ed8,0x00300fa8,0x00301060,0x00301118,0x003011d0,0x00301480,0x00301538,0x00301678
aug6-retail-0211	0	0x0034ecd0	FUN_0034ecd0	48	0x00300988	s06_00267d80	0	12	0	20	ambiguous_candidate	0x00300988,0x00300bb8,0x00300c88,0x00300d80,0x00300ed8,0x00300fa8,0x00301060,0x00301118,0x003011d0,0x00301480,0x00301538,0x00301678
aug6-retail-0212	0	0x0034ed80	FUN_0034ed80	48	0x00300988	s06_00267d80	0	12	0	20	ambiguous_candidate	0x00300988,0x00300bb8,0x00300c88,0x00300d80,0x00300ed8,0x00300fa8,0x00301060,0x00301118,0x003011d0,0x00301480,0x00301538,0x00301678
aug6-retail-0213	0	0x0034ef68	FUN_0034ef68	48	0x00300988	s06_00267d80	0	12	0	20	ambiguous_candidate	0x00300988,0x00300bb8,0x00300c88,0x00300d80,0x00300ed8,0x00300fa8,0x00301060,0x00301118,0x003011d0,0x00301480,0x00301538,0x00301678
aug6-retail-0214	0	0x0034f298	FUN_0034f298	56	0x00301908	s06_00267d80	0	1	0	1	unique_masked_candidate	0x00301908
aug6-retail-0215	0	0x0034f2d0	FUN_0034f2d0	36	0x00301940	s06_00267d80	0	1	0	1	unique_masked_candidate	0x00301940
aug6-retail-0216	0	0x0034f2f8	FUN_0034f2f8	40	0x00301968	s06_00267d80	0	1	0	1	unique_masked_candidate	0x00301968
aug6-retail-0217	0	0x00350f40	FUN_00350f40	32	0x003033b0	s06_00267d80	0	1	0	1	unique_masked_candidate	0x003033b0
aug6-retail-0218	0	0x00354f30	FUN_00354f30	56	0x00306670	s06_00267d80	0	1	0	1	unique_masked_candidate	0x00306670
aug6-retail-0219	0	0x00357c70	FUN_00357c70	64	0x00309428	s06_00267d80	1	1	1	1	unique_masked_candidate	0x00309428
aug6-retail-0220	0	0x00367538	FUN_00367538	36	0x00316830	s06_00267d80	1	1	1	1	unique_masked_candidate	0x00316830
aug6-retail-0221	0	0x00368558	FUN_00368558	40	0x00317590	s06_00267d80	0	1	0	1	unique_masked_candidate	0x00317590
aug6-retail-0222	0	0x00369ec8	FUN_00369ec8	364	0x00318c78	s06_00267d80	0	1	0	1	unique_masked_candidate	0x00318c78
aug6-retail-0223	0	0x0036be28	FUN_0036be28	40	0x0031abc8	s06_00267d80	1	3	3	3	ambiguous_candidate	0x0031abc8,0x0031b774,0x0031c03c
aug6-retail-0224	0	0x0036c9ac	FUN_0036c9ac	40	0x0031b74c	s06_00267d80	1	3	3	3	ambiguous_candidate	0x0031b74c,0x0031c014,0x0031dce0
aug6-retail-0225	0	0x0036c9d4	FUN_0036c9d4	40	0x0031abc8	s06_00267d80	1	3	3	3	ambiguous_candidate	0x0031abc8,0x0031b774,0x0031c03c
aug6-retail-0226	0	0x0036d274	FUN_0036d274	40	0x0031b74c	s06_00267d80	1	3	3	3	ambiguous_candidate	0x0031b74c,0x0031c014,0x0031dce0
aug6-retail-0227	0	0x0036d29c	FUN_0036d29c	40	0x0031abc8	s06_00267d80	1	3	3	3	ambiguous_candidate	0x0031abc8,0x0031b774,0x0031c03c
aug6-retail-0228	0	0x0036dcc0	FUN_0036dcc0	40	0x0031ca60	s06_00267d80	1	1	1	1	unique_masked_candidate	0x0031ca60
aug6-retail-0229	0	0x0036dce8	FUN_0036dce8	288	0x0031ca88	s06_00267d80	0	1	0	1	unique_masked_candidate	0x0031ca88
aug6-retail-0230	0	0x0036de08	FUN_0036de08	56	0x0031cba8	s06_00267d80	1	1	1	1	unique_masked_candidate	0x0031cba8
aug6-retail-0231	0	0x0036ef40	FUN_0036ef40	40	0x0031b74c	s06_00267d80	1	3	3	3	ambiguous_candidate	0x0031b74c,0x0031c014,0x0031dce0
aug6-retail-0232	0	0x00374b78	FUN_00374b78	28	0x00274ea0	s06_00267d80	0	12	0	17	ambiguous_candidate	0x00274ea0,0x002819b0,0x002b6530,0x002d8f68,0x002e20e8,0x00322c38,0x0037a8c8,0x003bb4b0,0x003d5598,0x003d77a8,0x003d8230,0x003d8250
aug6-retail-0233	0	0x0037e5c0	FUN_0037e5c0	44	0x00279980	s06_00267d80	0	2	0	3	ambiguous_candidate	0x00279980,0x0028d090
aug6-retail-0234	0	0x00381f80	FUN_00381f80	48	0x0032e2a0	s06_00267d80	0	1	0	1	unique_masked_candidate	0x0032e2a0
aug6-retail-0235	0	0x003827c0	FUN_003827c0	28	0x00274ea0	s06_00267d80	0	12	0	17	ambiguous_candidate	0x00274ea0,0x002819b0,0x002b6530,0x002d8f68,0x002e20e8,0x00322c38,0x0037a8c8,0x003bb4b0,0x003d5598,0x003d77a8,0x003d8230,0x003d8250
aug6-retail-0236	0	0x003883b8	FUN_003883b8	144	0x00359390	s06_00267d80	1	8	8	5	ambiguous_candidate	0x00359390,0x00365388,0x00367fe0,0x003bd248,0x003bfcf8,0x003c1678,0x003c4dc8,0x003c8088
aug6-retail-0237	0	0x0038aa40	FUN_0038aa40	144	0x00359390	s06_00267d80	1	8	8	5	ambiguous_candidate	0x00359390,0x00365388,0x00367fe0,0x003bd248,0x003bfcf8,0x003c1678,0x003c4dc8,0x003c8088
aug6-retail-0238	0	0x0039d100	FUN_0039d100	16	0x0033c6d0	s06_00267d80	1	1	1	1	unique_masked_candidate	0x0033c6d0
aug6-retail-0239	0	0x0039e5b0	UpdateMoby_775	76	0x0033d9f0	s06_00267d80	0	1	0	1	unique_masked_candidate	0x0033d9f0
aug6-retail-0240	0	0x0039eb10	FUN_0039eb10	16	0x0033df00	s06_00267d80	1	1	1	1	unique_masked_candidate	0x0033df00
aug6-retail-0241	0	0x003a2018	FUN_003a2018	288	0x002d6e30	s06_00267d80	1	6	6	6	ambiguous_candidate	0x002d6e30,0x00343e08,0x0035b660,0x00369810,0x0037f5b8,0x003a7910
aug6-retail-0242	0	0x003a2b28	FUN_003a2b28	144	0x003450d0	s06_00267d80	1	2	2	2	ambiguous_candidate	0x003450d0,0x003801b0
aug6-retail-0243	0	0x003b1a08	FUN_003b1a08	44	0x003b8f98	s06_00267d80	1	1	1	1	unique_masked_candidate	0x003b8f98
aug6-retail-0244	0	0x003b2900	FUN_003b2900	136	0x00369788	s06_00267d80	1	10	10	11	ambiguous_candidate	0x00369788,0x00373410,0x00376250,0x00376f80,0x0037d040,0x00387fe0,0x00389430,0x003a7888,0x003af600,0x003b9eb0
aug6-retail-0245	0	0x003b9cb8	UpdateMoby_2384	28	0x003587d8	s06_00267d80	0	1	0	1	unique_masked_candidate	0x003587d8
aug6-retail-0246	0	0x003baad0	FUN_003baad0	28	0x00274ea0	s06_00267d80	0	12	0	17	ambiguous_candidate	0x00274ea0,0x002819b0,0x002b6530,0x002d8f68,0x002e20e8,0x00322c38,0x0037a8c8,0x003bb4b0,0x003d5598,0x003d77a8,0x003d8230,0x003d8250
aug6-retail-0247	0	0x003bc080	FUN_003bc080	136	0x00369788	s06_00267d80	1	10	10	11	ambiguous_candidate	0x00369788,0x00373410,0x00376250,0x00376f80,0x0037d040,0x00387fe0,0x00389430,0x003a7888,0x003af600,0x003b9eb0
aug6-retail-0248	0	0x003bc108	FUN_003bc108	288	0x002d6e30	s06_00267d80	1	6	6	6	ambiguous_candidate	0x002d6e30,0x00343e08,0x0035b660,0x00369810,0x0037f5b8,0x003a7910
aug6-retail-0249	0	0x003bfb58	FUN_003bfb58	16	0x003bd8f0	s06_00267d80	1	1	1	1	unique_masked_candidate	0x003bd8f0
aug6-retail-0250	0	0x003c1d30	FUN_003c1d30	144	0x00359390	s06_00267d80	1	8	8	5	ambiguous_candidate	0x00359390,0x00365388,0x00367fe0,0x003bd248,0x003bfcf8,0x003c1678,0x003c4dc8,0x003c8088
aug6-retail-0251	0	0x003c37a0	FUN_003c37a0	40	0x00361410	s06_00267d80	1	1	1	1	unique_masked_candidate	0x00361410
aug6-retail-0252	0	0x003cbc80	FUN_003cbc80	136	0x00369788	s06_00267d80	1	10	10	11	ambiguous_candidate	0x00369788,0x00373410,0x00376250,0x00376f80,0x0037d040,0x00387fe0,0x00389430,0x003a7888,0x003af600,0x003b9eb0
aug6-retail-0253	0	0x003cbd08	FUN_003cbd08	288	0x002d6e30	s06_00267d80	1	6	6	6	ambiguous_candidate	0x002d6e30,0x00343e08,0x0035b660,0x00369810,0x0037f5b8,0x003a7910
aug6-retail-0254	0	0x003d6fb8	FUN_003d6fb8	144	0x00359390	s06_00267d80	1	8	8	5	ambiguous_candidate	0x00359390,0x00365388,0x00367fe0,0x003bd248,0x003bfcf8,0x003c1678,0x003c4dc8,0x003c8088
aug6-retail-0255	0	0x003da2b0	FUN_003da2b0	144	0x00359390	s06_00267d80	1	8	8	5	ambiguous_candidate	0x00359390,0x00365388,0x00367fe0,0x003bd248,0x003bfcf8,0x003c1678,0x003c4dc8,0x003c8088
aug6-retail-0256	0	0x003dc820	FUN_003dc820	136	0x00369788	s06_00267d80	1	10	10	11	ambiguous_candidate	0x00369788,0x00373410,0x00376250,0x00376f80,0x0037d040,0x00387fe0,0x00389430,0x003a7888,0x003af600,0x003b9eb0
aug6-retail-0257	0	0x003dff98	FUN_003dff98	136	0x00369788	s06_00267d80	1	10	10	11	ambiguous_candidate	0x00369788,0x00373410,0x00376250,0x00376f80,0x0037d040,0x00387fe0,0x00389430,0x003a7888,0x003af600,0x003b9eb0
aug6-retail-0258	0	0x003e0ce8	FUN_003e0ce8	136	0x00369788	s06_00267d80	1	10	10	11	ambiguous_candidate	0x00369788,0x00373410,0x00376250,0x00376f80,0x0037d040,0x00387fe0,0x00389430,0x003a7888,0x003af600,0x003b9eb0
aug6-retail-0259	0	0x003e4948	UpdateMoby_3077	28	0x00274ea0	s06_00267d80	0	12	0	17	ambiguous_candidate	0x00274ea0,0x002819b0,0x002b6530,0x002d8f68,0x002e20e8,0x00322c38,0x0037a8c8,0x003bb4b0,0x003d5598,0x003d77a8,0x003d8230,0x003d8250
aug6-retail-0260	0	0x003e6fc8	FUN_003e6fc8	136	0x00369788	s06_00267d80	1	10	10	11	ambiguous_candidate	0x00369788,0x00373410,0x00376250,0x00376f80,0x0037d040,0x00387fe0,0x00389430,0x003a7888,0x003af600,0x003b9eb0
aug6-retail-0261	0	0x003e9540	FUN_003e9540	288	0x002d6e30	s06_00267d80	1	6	6	6	ambiguous_candidate	0x002d6e30,0x00343e08,0x0035b660,0x00369810,0x0037f5b8,0x003a7910
aug6-retail-0262	0	0x003ea050	FUN_003ea050	144	0x003450d0	s06_00267d80	1	2	2	2	ambiguous_candidate	0x003450d0,0x003801b0
aug6-retail-0263	0	0x003ea860	FUN_003ea860	104	0x00341870	s06_00267d80	1	2	2	2	ambiguous_candidate	0x00341870,0x00380ae0
aug6-retail-0264	0	0x003f0a20	FUN_003f0a20	136	0x00369788	s06_00267d80	1	10	10	11	ambiguous_candidate	0x00369788,0x00373410,0x00376250,0x00376f80,0x0037d040,0x00387fe0,0x00389430,0x003a7888,0x003af600,0x003b9eb0
aug6-retail-0265	0	0x003f1dc8	FUN_003f1dc8	136	0x00369788	s06_00267d80	1	10	10	11	ambiguous_candidate	0x00369788,0x00373410,0x00376250,0x00376f80,0x0037d040,0x00387fe0,0x00389430,0x003a7888,0x003af600,0x003b9eb0
aug6-retail-0266	0	0x003f34d8	FUN_003f34d8	64	0x0038ab78	s06_00267d80	1	1	1	1	unique_masked_candidate	0x0038ab78
aug6-retail-0267	0	0x00412088	FUN_00412088	136	0x00369788	s06_00267d80	1	10	10	11	ambiguous_candidate	0x00369788,0x00373410,0x00376250,0x00376f80,0x0037d040,0x00387fe0,0x00389430,0x003a7888,0x003af600,0x003b9eb0
aug6-retail-0268	0	0x00412110	FUN_00412110	288	0x002d6e30	s06_00267d80	1	6	6	6	ambiguous_candidate	0x002d6e30,0x00343e08,0x0035b660,0x00369810,0x0037f5b8,0x003a7910
aug6-retail-0269	0	0x004181a8	FUN_004181a8	136	0x00369788	s06_00267d80	1	10	10	11	ambiguous_candidate	0x00369788,0x00373410,0x00376250,0x00376f80,0x0037d040,0x00387fe0,0x00389430,0x003a7888,0x003af600,0x003b9eb0
aug6-retail-0270	0	0x0041aef8	FUN_0041aef8	104	0x00341870	s06_00267d80	1	2	2	2	ambiguous_candidate	0x00341870,0x00380ae0
aug6-retail-0271	0	0x0041af60	FUN_0041af60	112	0x003418d8	s06_00267d80	1	1	1	1	unique_masked_candidate	0x003418d8
aug6-retail-0272	0	0x004204a0	FUN_004204a0	44	0x003cdef8	s06_00267d80	0	1	0	1	unique_masked_candidate	0x003cdef8
aug6-retail-0273	0	0x00423bb0	FUN_00423bb0	16	0x003d1100	s06_00267d80	1	1	1	1	unique_masked_candidate	0x003d1100
aug6-retail-0274	0	0x00428560	UpdateCamera_6	28	0x00274ea0	s06_00267d80	0	12	0	17	ambiguous_candidate	0x00274ea0,0x002819b0,0x002b6530,0x002d8f68,0x002e20e8,0x00322c38,0x0037a8c8,0x003bb4b0,0x003d5598,0x003d77a8,0x003d8230,0x003d8250
aug6-retail-0275	0	0x0042abf8	FUN_0042abf8	28	0x00274ea0	s06_00267d80	0	12	0	17	ambiguous_candidate	0x00274ea0,0x002819b0,0x002b6530,0x002d8f68,0x002e20e8,0x00322c38,0x0037a8c8,0x003bb4b0,0x003d5598,0x003d77a8,0x003d8230,0x003d8250
aug6-retail-0276	0	0x0042b688	FUN_0042b688	28	0x00274ea0	s06_00267d80	0	12	0	17	ambiguous_candidate	0x00274ea0,0x002819b0,0x002b6530,0x002d8f68,0x002e20e8,0x00322c38,0x0037a8c8,0x003bb4b0,0x003d5598,0x003d77a8,0x003d8230,0x003d8250
aug6-retail-0277	0	0x0042b760	FUN_0042b760	36	0x003d8328	s06_00267d80	1	1	1	1	unique_masked_candidate	0x003d8328
aug6-retail-0278	0	0x0042b790	FUN_0042b790	32	0x003d8358	s06_00267d80	1	1	1	1	unique_masked_candidate	0x003d8358
aug6-retail-0279	0	0x0042b7b0	FUN_0042b7b0	40	0x003d8378	s06_00267d80	1	1	1	1	unique_masked_candidate	0x003d8378
aug6-retail-0280	0	0x0042b8b0	FUN_0042b8b0	36	0x003d8478	s06_00267d80	1	1	1	1	unique_masked_candidate	0x003d8478
aug6-retail-0281	0	0x0042bdc0	FUN_0042bdc0	20	0x003d8988	s06_00267d80	1	1	1	1	unique_masked_candidate	0x003d8988
aug6-retail-0282	0	0x0042bdd8	FUN_0042bdd8	20	0x003d89a0	s06_00267d80	1	1	1	1	unique_masked_candidate	0x003d89a0
aug6-retail-0283	0	0x0042bdf0	FUN_0042bdf0	60	0x003d89b8	s06_00267d80	1	1	1	1	unique_masked_candidate	0x003d89b8
aug6-retail-0284	0	0x0042be30	FUN_0042be30	60	0x003d89f8	s06_00267d80	1	1	1	1	unique_masked_candidate	0x003d89f8
aug6-retail-0285	0	0x0042c248	FUN_0042c248	44	0x003d8de0	s06_00267d80	1	1	1	1	unique_masked_candidate	0x003d8de0
aug6-retail-0286	0	0x0042c278	FUN_0042c278	24	0x003d8e10	s06_00267d80	1	1	1	1	unique_masked_candidate	0x003d8e10
aug6-retail-0287	0	0x0042c368	FUN_0042c368	44	0x003d8f00	s06_00267d80	0	1	0	1	unique_masked_candidate	0x003d8f00
aug6-retail-0288	0	0x0042c4c0	FUN_0042c4c0	296	0x003d9058	s06_00267d80	1	1	1	1	unique_masked_candidate	0x003d9058
aug6-retail-0289	0	0x0042c5f0	FUN_0042c5f0	24	0x003d9188	s06_00267d80	1	1	1	1	unique_masked_candidate	0x003d9188
aug6-retail-0290	0	0x0042c678	FUN_0042c678	80	0x003d9210	s06_00267d80	1	1	1	1	unique_masked_candidate	0x003d9210
aug6-retail-0291	0	0x0042c7f8	FUN_0042c7f8	28	0x003d9390	s06_00267d80	1	1	1	1	unique_masked_candidate	0x003d9390
aug6-retail-0292	0	0x0042f0a0	FUN_0042f0a0	28	0x003dd7c8	s06_00267d80	0	1	0	2	ambiguous_candidate	0x003dd7c8
aug6-retail-0293	0	0x00430300	FUN_00430300	16	0x003dc318	s06_00267d80	1	1	1	1	unique_masked_candidate	0x003dc318
aug6-retail-0294	0	0x00430310	FUN_00430310	24	0x003dc328	s06_00267d80	1	1	1	1	unique_masked_candidate	0x003dc328
aug6-retail-0295	0	0x00430948	FUN_00430948	20	0x003dc7b8	s06_00267d80	1	2	2	2	ambiguous_candidate	0x003dc7b8,0x003e0cc8
aug6-retail-0296	0	0x00433f50	FUN_00433f50	28	0x003dd7c8	s06_00267d80	0	1	0	2	ambiguous_candidate	0x003dd7c8
aug6-retail-0297	0	0x00437378	FUN_00437378	28	0x003e07f0	s06_00267d80	0	1	0	1	unique_masked_candidate	0x003e07f0
aug6-retail-0298	0	0x00437398	FUN_00437398	28	0x003e0810	s06_00267d80	0	1	0	1	unique_masked_candidate	0x003e0810
aug6-retail-0299	0	0x004377c0	FUN_004377c0	28	0x002e1488	s06_00267d80	0	2	0	4	ambiguous_candidate	0x002e1488,0x002e1568
aug6-retail-0300	0	0x00438970	FUN_00438970	20	0x003dc7b8	s06_00267d80	1	2	2	2	ambiguous_candidate	0x003dc7b8,0x003e0cc8
aug6-retail-0301	0	0x0043d998	FUN_0043d998	108	0x003e5030	s06_00267d80	1	1	1	1	unique_masked_candidate	0x003e5030
aug6-retail-0302	0	0x0043da20	FUN_0043da20	36	0x003e50b0	s06_00267d80	1	1	1	1	unique_masked_candidate	0x003e50b0
aug6-retail-0303	0	0x0043edc8	FUN_0043edc8	52	0x003e5fd8	s06_00267d80	1	1	1	1	unique_masked_candidate	0x003e5fd8
aug6-retail-0304	0	0x0043eed0	FUN_0043eed0	20	0x003e60e0	s06_00267d80	1	1	1	1	unique_masked_candidate	0x003e60e0
aug6-retail-0305	0	0x0043ef08	FUN_0043ef08	52	0x003e6118	s06_00267d80	1	1	1	1	unique_masked_candidate	0x003e6118
aug6-retail-0306	0	0x0043ef40	FUN_0043ef40	24	0x003e6150	s06_00267d80	1	1	1	1	unique_masked_candidate	0x003e6150
aug6-retail-0307	0	0x0043ef60	FUN_0043ef60	60	0x003e6170	s06_00267d80	1	1	1	1	unique_masked_candidate	0x003e6170
aug6-retail-0308	0	0x0043f248	FUN_0043f248	80	0x003e6458	s06_00267d80	1	1	1	1	unique_masked_candidate	0x003e6458
aug6-retail-0309	0	0x0043f390	FUN_0043f390	16	0x003e65a0	s06_00267d80	1	1	1	1	unique_masked_candidate	0x003e65a0
aug6-retail-0310	0	0x0043f3a0	FUN_0043f3a0	52	0x003e65b0	s06_00267d80	1	1	1	1	unique_masked_candidate	0x003e65b0
aug6-retail-0311	0	0x0043f3d8	FUN_0043f3d8	16	0x003e65e8	s06_00267d80	1	1	1	1	unique_masked_candidate	0x003e65e8
aug6-retail-0312	0	0x0043f3e8	FUN_0043f3e8	40	0x003e65f8	s06_00267d80	1	1	1	1	unique_masked_candidate	0x003e65f8
aug6-retail-0313	0	0x0043f410	FUN_0043f410	52	0x003e6620	s06_00267d80	1	1	1	1	unique_masked_candidate	0x003e6620
aug6-retail-0314	0	0x00440918	FUN_00440918	20	0x003e7938	s06_00267d80	1	1	1	1	unique_masked_candidate	0x003e7938
aug6-retail-0315	0	0x00444cf8	FUN_00444cf8	28	0x003eb998	s06_00267d80	1	1	1	1	unique_masked_candidate	0x003eb998
aug6-retail-0316	0	0x004451d8	FUN_004451d8	32	0x003ebe78	s06_00267d80	0	2	0	2	ambiguous_candidate	0x003ebe78,0x003ede18
aug6-retail-0317	0	0x004452a0	FUN_004452a0	208	0x003ebf40	s06_00267d80	1	1	1	1	unique_masked_candidate	0x003ebf40
aug6-retail-0318	0	0x00445370	FUN_00445370	180	0x003ec010	s06_00267d80	1	1	1	1	unique_masked_candidate	0x003ec010
aug6-retail-0319	0	0x00445428	FUN_00445428	16	0x003ec0c8	s06_00267d80	1	1	1	1	unique_masked_candidate	0x003ec0c8
aug6-retail-0320	0	0x00445438	FUN_00445438	36	0x003ec0d8	s06_00267d80	0	1	0	1	unique_masked_candidate	0x003ec0d8
aug6-retail-0321	0	0x00445ed0	FUN_00445ed0	24	0x003ecb80	s06_00267d80	1	1	1	1	unique_masked_candidate	0x003ecb80
aug6-retail-0322	0	0x00445ef0	FUN_00445ef0	48	0x003ecba0	s06_00267d80	1	1	1	1	unique_masked_candidate	0x003ecba0
aug6-retail-0323	0	0x00445f20	FUN_00445f20	68	0x003ecbd0	s06_00267d80	1	1	1	1	unique_masked_candidate	0x003ecbd0
aug6-retail-0324	0	0x00445f68	FUN_00445f68	72	0x003ecc18	s06_00267d80	1	1	1	1	unique_masked_candidate	0x003ecc18
aug6-retail-0325	0	0x00445fb0	FUN_00445fb0	36	0x003ecc60	s06_00267d80	1	1	1	1	unique_masked_candidate	0x003ecc60
aug6-retail-0326	0	0x00445fd8	FUN_00445fd8	16	0x003ecc88	s06_00267d80	1	1	1	1	unique_masked_candidate	0x003ecc88
aug6-retail-0327	0	0x00446090	FUN_00446090	68	0x003ecd40	s06_00267d80	1	1	1	1	unique_masked_candidate	0x003ecd40
aug6-retail-0328	0	0x004461b8	FUN_004461b8	36	0x003ece68	s06_00267d80	1	1	1	1	unique_masked_candidate	0x003ece68
aug6-retail-0329	0	0x00446c50	FUN_00446c50	340	0x003ed900	s06_00267d80	1	1	1	1	unique_masked_candidate	0x003ed900
aug6-retail-0330	0	0x00447168	FUN_00447168	32	0x003ebe78	s06_00267d80	0	2	0	2	ambiguous_candidate	0x003ebe78,0x003ede18
aug6-retail-0331	0	0x00447188	FUN_00447188	28	0x003ede38	s06_00267d80	0	3	0	3	ambiguous_candidate	0x003ede38,0x003ede58,0x003edf28
aug6-retail-0332	0	0x004471a8	FUN_004471a8	28	0x003ede38	s06_00267d80	0	3	0	3	ambiguous_candidate	0x003ede38,0x003ede58,0x003edf28
aug6-retail-0333	0	0x00447278	FUN_00447278	28	0x003ede38	s06_00267d80	0	3	0	3	ambiguous_candidate	0x003ede38,0x003ede58,0x003edf28
aug6-retail-0334	0	0x00447728	FUN_00447728	88	0x003ee3d8	s06_00267d80	1	1	1	1	unique_masked_candidate	0x003ee3d8
aug6-retail-0335	0	0x00447788	FUN_00447788	16	0x003ee438	s06_00267d80	1	1	1	1	unique_masked_candidate	0x003ee438
aug6-retail-0336	0	0x00447798	FUN_00447798	20	0x003ee448	s06_00267d80	1	1	1	1	unique_masked_candidate	0x003ee448
aug6-retail-0337	0	0x004478e0	FUN_004478e0	32	0x003ee590	s06_00267d80	1	1	1	1	unique_masked_candidate	0x003ee590
aug6-retail-0338	3	0x002ab070	FUN_002ab070	56	0x0026cbc8	s06_0026c500	1	1	1	1	unique_masked_candidate	0x0026cbc8
aug6-retail-0339	3	0x002b3798	FUN_002b3798	56	0x0028f9d0	s06_0026c500	0	1	0	1	unique_masked_candidate	0x0028f9d0
aug6-retail-0340	3	0x002b37d0	FUN_002b37d0	36	0x0028fa08	s06_0026c500	0	1	0	1	unique_masked_candidate	0x0028fa08
aug6-retail-0341	3	0x002b3890	FUN_002b3890	20	0x0028fac0	s06_0026c500	1	1	1	1	unique_masked_candidate	0x0028fac0
aug6-retail-0342	3	0x002b4380	FUN_002b4380	88	0x00290530	s06_0026c500	1	1	1	1	unique_masked_candidate	0x00290530
aug6-retail-0343	3	0x002b5480	FUN_002b5480	44	0x0027e1d0	s06_0026c500	0	2	0	3	ambiguous_candidate	0x0027e1d0,0x002916c8
aug6-retail-0344	3	0x002b8c60	FUN_002b8c60	32	0x00294968	s06_0026c500	1	1	1	1	unique_masked_candidate	0x00294968
aug6-retail-0345	3	0x002d4200	FUN_002d4200	28	0x002b0e78	s06_0026c500	0	1	0	1	unique_masked_candidate	0x002b0e78
aug6-retail-0346	3	0x002d7240	FUN_002d7240	28	0x0027a100	s06_0026c500	0	1	0	2	ambiguous_candidate	0x0027a100
aug6-retail-0347	3	0x002d7c18	FUN_002d7c18	92	0x0026cd00	s06_0026c500	0	1	0	1	unique_masked_candidate	0x0026cd00
aug6-retail-0348	3	0x002d8418	FUN_002d8418	24	0x0026d4e8	s06_0026c500	1	1	1	1	unique_masked_candidate	0x0026d4e8
aug6-retail-0349	3	0x002ddbd0	FUN_002ddbd0	5060	0x002729c8	s06_0026c500	0	1	0	1	unique_masked_candidate	0x002729c8
aug6-retail-0350	3	0x002def98	FUN_002def98	160	0x00273d90	s06_0026c500	1	1	1	1	unique_masked_candidate	0x00273d90
aug6-retail-0351	3	0x002e6390	FUN_002e6390	136	0x00279548	s06_0026c500	0	1	0	1	unique_masked_candidate	0x00279548
aug6-retail-0352	3	0x002e6418	FUN_002e6418	28	0x002795d0	s06_0026c500	0	12	0	17	ambiguous_candidate	0x002795d0,0x00286c20,0x002b5590,0x002d82f8,0x002e0940,0x00322640,0x00388fb0,0x0038c9c8,0x003e31c0,0x003e49c0,0x003e5038,0x003e5058
aug6-retail-0353	3	0x002e6f48	FUN_002e6f48	28	0x0027a100	s06_0026c500	0	1	0	2	ambiguous_candidate	0x0027a100
aug6-retail-0354	3	0x002e9bb0	FUN_002e9bb0	80	0x0027c948	s06_0026c500	1	1	1	1	unique_masked_candidate	0x0027c948
aug6-retail-0355	3	0x002eade0	FUN_002eade0	56	0x0027deb8	s06_0026c500	1	1	1	1	unique_masked_candidate	0x0027deb8
aug6-retail-0356	3	0x002eb100	FUN_002eb100	44	0x0027e1d0	s06_0026c500	0	2	0	3	ambiguous_candidate	0x0027e1d0,0x002916c8
aug6-retail-0357	3	0x002eb3f8	FUN_002eb3f8	376	0x0027e4c8	s06_0026c500	1	1	1	1	unique_masked_candidate	0x0027e4c8
aug6-retail-0358	3	0x002ebc54	FUN_002ebc54	128	0x0027ed24	s06_0026c500	0	1	0	1	unique_masked_candidate	0x0027ed24
aug6-retail-0359	3	0x002ee290	FUN_002ee290	36	0x002815e0	s06_0026c500	0	1	0	1	unique_masked_candidate	0x002815e0
aug6-retail-0360	3	0x002eebf0	FUN_002eebf0	48	0x00281f40	s06_0026c500	1	1	1	1	unique_masked_candidate	0x00281f40
aug6-retail-0361	3	0x002eec20	FUN_002eec20	48	0x00281f70	s06_0026c500	1	1	1	1	unique_masked_candidate	0x00281f70
aug6-retail-0362	3	0x002eec50	FUN_002eec50	48	0x00281fa0	s06_0026c500	1	1	1	1	unique_masked_candidate	0x00281fa0
aug6-retail-0363	3	0x002eecc0	FUN_002eecc0	16	0x00282010	s06_0026c500	1	1	1	1	unique_masked_candidate	0x00282010
aug6-retail-0364	3	0x002eecd0	FUN_002eecd0	16	0x00282020	s06_0026c500	1	2	2	1	ambiguous_candidate	0x00282020,0x002ce0e8
aug6-retail-0365	3	0x002eece0	FUN_002eece0	40	0x00282030	s06_0026c500	1	1	1	1	unique_masked_candidate	0x00282030
aug6-retail-0366	3	0x002eed08	FUN_002eed08	40	0x00282058	s06_0026c500	1	1	1	1	unique_masked_candidate	0x00282058
aug6-retail-0367	3	0x002eed30	FUN_002eed30	40	0x00282080	s06_0026c500	1	1	1	1	unique_masked_candidate	0x00282080
aug6-retail-0368	3	0x002eed58	FUN_002eed58	160	0x002820a8	s06_0026c500	1	1	1	1	unique_masked_candidate	0x002820a8
aug6-retail-0369	3	0x002eedf8	FUN_002eedf8	40	0x00282148	s06_0026c500	1	1	1	1	unique_masked_candidate	0x00282148
aug6-retail-0370	3	0x002eee20	FUN_002eee20	48	0x00282170	s06_0026c500	1	1	1	1	unique_masked_candidate	0x00282170
aug6-retail-0371	3	0x002eee50	FUN_002eee50	56	0x002821a0	s06_0026c500	1	1	1	1	unique_masked_candidate	0x002821a0
aug6-retail-0372	3	0x002eee88	FUN_002eee88	40	0x002821d8	s06_0026c500	1	1	1	1	unique_masked_candidate	0x002821d8
aug6-retail-0373	3	0x002eeeb8	FUN_002eeeb8	32	0x00282208	s06_0026c500	1	1	1	1	unique_masked_candidate	0x00282208
aug6-retail-0374	3	0x002eeed8	FUN_002eeed8	24	0x00282228	s06_0026c500	1	1	1	1	unique_masked_candidate	0x00282228
aug6-retail-0375	3	0x002eef00	FUN_002eef00	24	0x00282250	s06_0026c500	1	1	1	1	unique_masked_candidate	0x00282250
aug6-retail-0376	3	0x002eef20	FUN_002eef20	24	0x00282270	s06_0026c500	1	1	1	1	unique_masked_candidate	0x00282270
aug6-retail-0377	3	0x002eef48	FUN_002eef48	16	0x00282298	s06_0026c500	1	1	1	1	unique_masked_candidate	0x00282298
aug6-retail-0378	3	0x002eef68	FUN_002eef68	16	0x002822a8	s06_0026c500	1	1	1	1	unique_masked_candidate	0x002822a8
aug6-retail-0379	3	0x002eef88	FUN_002eef88	16	0x002822c0	s06_0026c500	1	1	1	1	unique_masked_candidate	0x002822c0
aug6-retail-0380	3	0x002eefb0	FUN_002eefb0	24	0x002822d0	s06_0026c500	1	1	1	1	unique_masked_candidate	0x002822d0
aug6-retail-0381	3	0x002eefc8	FUN_002eefc8	24	0x002822e8	s06_0026c500	1	1	1	1	unique_masked_candidate	0x002822e8
aug6-retail-0382	3	0x002eefe0	FUN_002eefe0	24	0x00282300	s06_0026c500	1	1	1	1	unique_masked_candidate	0x00282300
aug6-retail-0383	3	0x002eeff8	FUN_002eeff8	40	0x00282318	s06_0026c500	1	1	1	1	unique_masked_candidate	0x00282318
aug6-retail-0384	3	0x002ef020	FUN_002ef020	24	0x00282340	s06_0026c500	1	1	1	1	unique_masked_candidate	0x00282340
aug6-retail-0385	3	0x002ef038	FUN_002ef038	24	0x00282358	s06_0026c500	1	1	1	1	unique_masked_candidate	0x00282358
aug6-retail-0386	3	0x002ef050	FUN_002ef050	24	0x00282370	s06_0026c500	1	1	1	1	unique_masked_candidate	0x00282370
aug6-retail-0387	3	0x002ef068	FUN_002ef068	24	0x002823a0	s06_0026c500	1	1	1	1	unique_masked_candidate	0x002823a0
aug6-retail-0388	3	0x002ef080	FUN_002ef080	32	0x002823b8	s06_0026c500	1	1	1	1	unique_masked_candidate	0x002823b8
aug6-retail-0389	3	0x002ef0a0	FUN_002ef0a0	40	0x002823d8	s06_0026c500	1	1	1	1	unique_masked_candidate	0x002823d8
aug6-retail-0390	3	0x002ef0c8	FUN_002ef0c8	24	0x00282400	s06_0026c500	1	1	1	1	unique_masked_candidate	0x00282400
aug6-retail-0391	3	0x002ef0e0	FUN_002ef0e0	48	0x00282418	s06_0026c500	1	1	1	1	unique_masked_candidate	0x00282418
aug6-retail-0392	3	0x002ef110	FUN_002ef110	40	0x00282448	s06_0026c500	1	1	1	1	unique_masked_candidate	0x00282448
aug6-retail-0393	3	0x002ef138	FUN_002ef138	32	0x00282470	s06_0026c500	1	1	1	1	unique_masked_candidate	0x00282470
aug6-retail-0394	3	0x002ef158	FUN_002ef158	56	0x00282490	s06_0026c500	1	1	1	1	unique_masked_candidate	0x00282490
aug6-retail-0395	3	0x002ef190	FUN_002ef190	48	0x002824c8	s06_0026c500	1	1	1	1	unique_masked_candidate	0x002824c8
aug6-retail-0396	3	0x002ef1c0	FUN_002ef1c0	40	0x002824f8	s06_0026c500	1	1	1	1	unique_masked_candidate	0x002824f8
aug6-retail-0397	3	0x002ef1e8	FUN_002ef1e8	32	0x00282520	s06_0026c500	1	1	1	1	unique_masked_candidate	0x00282520
aug6-retail-0398	3	0x002ef208	FUN_002ef208	72	0x00282540	s06_0026c500	1	1	1	1	unique_masked_candidate	0x00282540
aug6-retail-0399	3	0x002ef298	FUN_002ef298	80	0x00282588	s06_0026c500	1	1	1	1	unique_masked_candidate	0x00282588
aug6-retail-0400	3	0x002ef2e8	FUN_002ef2e8	72	0x002825d8	s06_0026c500	1	1	1	1	unique_masked_candidate	0x002825d8
aug6-retail-0401	3	0x002ef330	FUN_002ef330	112	0x00282620	s06_0026c500	1	1	1	1	unique_masked_candidate	0x00282620
aug6-retail-0402	3	0x002ef3a0	FUN_002ef3a0	104	0x00282690	s06_0026c500	1	1	1	1	unique_masked_candidate	0x00282690
aug6-retail-0403	3	0x002ef408	FUN_002ef408	112	0x002826f8	s06_0026c500	1	1	1	1	unique_masked_candidate	0x002826f8
aug6-retail-0404	3	0x002ef478	FUN_002ef478	40	0x00282768	s06_0026c500	1	1	1	1	unique_masked_candidate	0x00282768
aug6-retail-0405	3	0x002ef4a0	FUN_002ef4a0	48	0x00282790	s06_0026c500	1	1	1	1	unique_masked_candidate	0x00282790
aug6-retail-0406	3	0x002ef4d0	FUN_002ef4d0	24	0x002827c0	s06_0026c500	1	1	1	1	unique_masked_candidate	0x002827c0
aug6-retail-0407	3	0x002ef4e8	FUN_002ef4e8	40	0x002827d8	s06_0026c500	1	1	1	1	unique_masked_candidate	0x002827d8
aug6-retail-0408	3	0x002ef510	FUN_002ef510	24	0x00282800	s06_0026c500	1	1	1	1	unique_masked_candidate	0x00282800
aug6-retail-0409	3	0x002ef528	FUN_002ef528	72	0x00282818	s06_0026c500	1	1	1	1	unique_masked_candidate	0x00282818
aug6-retail-0410	3	0x002ef578	FUN_002ef578	48	0x00282868	s06_0026c500	1	1	1	1	unique_masked_candidate	0x00282868
aug6-retail-0411	3	0x002ef5a8	FUN_002ef5a8	24	0x00282898	s06_0026c500	1	1	1	1	unique_masked_candidate	0x00282898
aug6-retail-0412	3	0x002ef5c0	FUN_002ef5c0	24	0x002828b0	s06_0026c500	1	1	1	1	unique_masked_candidate	0x002828b0
aug6-retail-0413	3	0x002ef788	FUN_002ef788	40	0x00282a78	s06_0026c500	1	1	1	1	unique_masked_candidate	0x00282a78
aug6-retail-0414	3	0x002ef7b0	FUN_002ef7b0	48	0x00282aa0	s06_0026c500	1	1	1	1	unique_masked_candidate	0x00282aa0
aug6-retail-0415	3	0x002ef7e0	FUN_002ef7e0	56	0x00282ad0	s06_0026c500	1	1	1	1	unique_masked_candidate	0x00282ad0
aug6-retail-0416	3	0x002ef818	FUN_002ef818	32	0x00282b08	s06_0026c500	1	1	1	1	unique_masked_candidate	0x00282b08
aug6-retail-0417	3	0x002ef838	FUN_002ef838	32	0x00282b28	s06_0026c500	1	1	1	1	unique_masked_candidate	0x00282b28
aug6-retail-0418	3	0x002ef858	FUN_002ef858	552	0x00282b48	s06_0026c500	0	1	0	1	unique_masked_candidate	0x00282b48
aug6-retail-0419	3	0x002efa80	FUN_002efa80	32	0x00282d70	s06_0026c500	1	1	1	1	unique_masked_candidate	0x00282d70
aug6-retail-0420	3	0x002efaa0	FUN_002efaa0	32	0x00282d90	s06_0026c500	1	1	1	1	unique_masked_candidate	0x00282d90
aug6-retail-0421	3	0x002efac0	FUN_002efac0	80	0x00282db0	s06_0026c500	1	1	1	1	unique_masked_candidate	0x00282db0
aug6-retail-0422	3	0x002efb60	FUN_002efb60	64	0x00282e00	s06_0026c500	1	1	1	1	unique_masked_candidate	0x00282e00
aug6-retail-0423	3	0x002efba0	FUN_002efba0	80	0x00282e40	s06_0026c500	1	1	1	1	unique_masked_candidate	0x00282e40
aug6-retail-0424	3	0x002efbf0	FUN_002efbf0	72	0x00282e90	s06_0026c500	1	1	1	1	unique_masked_candidate	0x00282e90
aug6-retail-0425	3	0x002efc38	FUN_002efc38	64	0x00282ed8	s06_0026c500	1	1	1	1	unique_masked_candidate	0x00282ed8
aug6-retail-0426	3	0x002efc78	FUN_002efc78	136	0x00282f18	s06_0026c500	1	1	1	1	unique_masked_candidate	0x00282f18
aug6-retail-0427	3	0x002efd00	FUN_002efd00	192	0x00282fa0	s06_0026c500	0	1	0	1	unique_masked_candidate	0x00282fa0
aug6-retail-0428	3	0x002efdc0	FUN_002efdc0	120	0x00283060	s06_0026c500	1	1	1	1	unique_masked_candidate	0x00283060
aug6-retail-0429	3	0x002efe38	FUN_002efe38	136	0x002830d8	s06_0026c500	1	1	1	1	unique_masked_candidate	0x002830d8
aug6-retail-0430	3	0x002efec0	FUN_002efec0	152	0x00283160	s06_0026c500	1	1	1	1	unique_masked_candidate	0x00283160
aug6-retail-0431	3	0x002eff58	FUN_002eff58	88	0x002831f8	s06_0026c500	1	1	1	1	unique_masked_candidate	0x002831f8
aug6-retail-0432	3	0x002effb0	FUN_002effb0	80	0x00283250	s06_0026c500	1	1	1	1	unique_masked_candidate	0x00283250
aug6-retail-0433	3	0x002f0000	FUN_002f0000	72	0x002832a0	s06_0026c500	1	1	1	1	unique_masked_candidate	0x002832a0
aug6-retail-0434	3	0x002f0048	FUN_002f0048	72	0x002832e8	s06_0026c500	1	1	1	1	unique_masked_candidate	0x002832e8
aug6-retail-0435	3	0x002f00e8	FUN_002f00e8	56	0x002833a8	s06_0026c500	1	1	1	1	unique_masked_candidate	0x002833a8
aug6-retail-0436	3	0x002f0120	FUN_002f0120	16	0x002833e0	s06_0026c500	1	1	1	1	unique_masked_candidate	0x002833e0
aug6-retail-0437	3	0x002f0130	FUN_002f0130	24	0x002833f0	s06_0026c500	1	1	1	1	unique_masked_candidate	0x002833f0
aug6-retail-0438	3	0x002f0148	FUN_002f0148	16	0x00283408	s06_0026c500	1	1	1	1	unique_masked_candidate	0x00283408
aug6-retail-0439	3	0x002f0158	FUN_002f0158	16	0x00283418	s06_0026c500	1	1	1	1	unique_masked_candidate	0x00283418
aug6-retail-0440	3	0x002f0168	FUN_002f0168	56	0x00283428	s06_0026c500	1	1	1	1	unique_masked_candidate	0x00283428
aug6-retail-0441	3	0x002f01a0	FUN_002f01a0	72	0x00283460	s06_0026c500	1	1	1	1	unique_masked_candidate	0x00283460
aug6-retail-0442	3	0x002f01e8	FUN_002f01e8	56	0x002834a8	s06_0026c500	1	1	1	1	unique_masked_candidate	0x002834a8
aug6-retail-0443	3	0x002f0318	FUN_002f0318	60	0x002835d8	s06_0026c500	0	1	0	1	unique_masked_candidate	0x002835d8
aug6-retail-0444	3	0x002f0358	FUN_002f0358	248	0x00283618	s06_0026c500	0	1	0	1	unique_masked_candidate	0x00283618
aug6-retail-0445	3	0x002f0450	FUN_002f0450	184	0x00283710	s06_0026c500	0	1	0	1	unique_masked_candidate	0x00283710
aug6-retail-0446	3	0x002f5088	FUN_002f5088	28	0x002795d0	s06_0026c500	0	12	0	17	ambiguous_candidate	0x002795d0,0x00286c20,0x002b5590,0x002d82f8,0x002e0940,0x00322640,0x00388fb0,0x0038c9c8,0x003e31c0,0x003e49c0,0x003e5038,0x003e5058
aug6-retail-0447	3	0x002f8080	FUN_002f8080	104	0x002b3fd8	s06_0026c500	1	1	1	1	unique_masked_candidate	0x002b3fd8
aug6-retail-0448	3	0x002f8290	FUN_002f8290	252	0x002b41e8	s06_0026c500	1	1	1	1	unique_masked_candidate	0x002b41e8
aug6-retail-0449	3	0x002f8698	FUN_002f8698	28	0x002795d0	s06_0026c500	0	12	0	17	ambiguous_candidate	0x002795d0,0x00286c20,0x002b5590,0x002d82f8,0x002e0940,0x00322640,0x00388fb0,0x0038c9c8,0x003e31c0,0x003e49c0,0x003e5038,0x003e5058
aug6-retail-0450	3	0x002fda90	FUN_002fda90	28	0x002795d0	s06_0026c500	0	12	0	17	ambiguous_candidate	0x002795d0,0x00286c20,0x002b5590,0x002d82f8,0x002e0940,0x00322640,0x00388fb0,0x0038c9c8,0x003e31c0,0x003e49c0,0x003e5038,0x003e5058
aug6-retail-0451	3	0x002fdab0	FUN_002fdab0	28	0x002795d0	s06_0026c500	0	12	0	17	ambiguous_candidate	0x002795d0,0x00286c20,0x002b5590,0x002d82f8,0x002e0940,0x00322640,0x00388fb0,0x0038c9c8,0x003e31c0,0x003e49c0,0x003e5038,0x003e5058
aug6-retail-0452	3	0x002fdad0	FUN_002fdad0	28	0x002795d0	s06_0026c500	0	12	0	17	ambiguous_candidate	0x002795d0,0x00286c20,0x002b5590,0x002d82f8,0x002e0940,0x00322640,0x00388fb0,0x0038c9c8,0x003e31c0,0x003e49c0,0x003e5038,0x003e5058
aug6-retail-0453	3	0x002fdaf0	FUN_002fdaf0	28	0x002795d0	s06_0026c500	0	12	0	17	ambiguous_candidate	0x002795d0,0x00286c20,0x002b5590,0x002d82f8,0x002e0940,0x00322640,0x00388fb0,0x0038c9c8,0x003e31c0,0x003e49c0,0x003e5038,0x003e5058
aug6-retail-0454	3	0x00300208	FUN_00300208	88	0x002bbb10	s06_0026c500	1	1	1	1	unique_masked_candidate	0x002bbb10
aug6-retail-0455	3	0x00300460	FUN_00300460	60	0x002bbd68	s06_0026c500	1	1	1	1	unique_masked_candidate	0x002bbd68
aug6-retail-0456	3	0x00307908	FUN_00307908	100	0x002c37d8	s06_0026c500	1	1	1	1	unique_masked_candidate	0x002c37d8
aug6-retail-0457	3	0x00309270	FUN_00309270	280	0x002c4cc0	s06_0026c500	1	1	1	1	unique_masked_candidate	0x002c4cc0
aug6-retail-0458	3	0x0030d1a8	FUN_0030d1a8	56	0x002c8908	s06_0026c500	1	1	1	1	unique_masked_candidate	0x002c8908
aug6-retail-0459	3	0x0030f318	FUN_0030f318	32	0x002ca3c0	s06_0026c500	1	1	1	1	unique_masked_candidate	0x002ca3c0
aug6-retail-0460	3	0x0030f338	FUN_0030f338	56	0x002ca3e0	s06_0026c500	0	1	0	1	unique_masked_candidate	0x002ca3e0
aug6-retail-0461	3	0x0030f370	FUN_0030f370	160	0x002ca418	s06_0026c500	1	1	1	1	unique_masked_candidate	0x002ca418
aug6-retail-0462	3	0x0030f590	FUN_0030f590	320	0x002ca638	s06_0026c500	1	1	1	1	unique_masked_candidate	0x002ca638
aug6-retail-0463	3	0x0030f6d0	FUN_0030f6d0	312	0x002ca778	s06_0026c500	1	1	1	1	unique_masked_candidate	0x002ca778
aug6-retail-0464	3	0x0030f808	FUN_0030f808	752	0x002ca8b0	s06_0026c500	0	1	0	1	unique_masked_candidate	0x002ca8b0
aug6-retail-0465	3	0x0030fad8	FUN_0030fad8	32	0x002cab80	s06_0026c500	1	1	1	1	unique_masked_candidate	0x002cab80
aug6-retail-0466	3	0x0030faf8	FUN_0030faf8	40	0x002caba0	s06_0026c500	0	1	0	1	unique_masked_candidate	0x002caba0
aug6-retail-0467	3	0x00311b50	FUN_00311b50	116	0x002cc138	s06_0026c500	1	1	1	1	unique_masked_candidate	0x002cc138
aug6-retail-0468	3	0x00312398	FUN_00312398	100	0x002cc980	s06_0026c500	0	1	0	1	unique_masked_candidate	0x002cc980
aug6-retail-0469	3	0x00312550	FUN_00312550	120	0x002ccb38	s06_0026c500	1	1	1	1	unique_masked_candidate	0x002ccb38
aug6-retail-0470	3	0x003125c8	FUN_003125c8	152	0x002ccbb0	s06_0026c500	0	1	0	1	unique_masked_candidate	0x002ccbb0
aug6-retail-0471	3	0x00312e70	FUN_00312e70	40	0x002cd458	s06_0026c500	0	1	0	1	unique_masked_candidate	0x002cd458
aug6-retail-0472	3	0x003133b0	FUN_003133b0	32	0x002cd978	s06_0026c500	1	1	1	1	unique_masked_candidate	0x002cd978
aug6-retail-0473	3	0x003133d0	FUN_003133d0	48	0x002cd998	s06_0026c500	1	1	1	1	unique_masked_candidate	0x002cd998
aug6-retail-0474	3	0x00313400	FUN_00313400	48	0x002cd9c8	s06_0026c500	1	1	1	1	unique_masked_candidate	0x002cd9c8
aug6-retail-0475	3	0x00313fe0	FUN_00313fe0	72	0x002ce5f8	s06_0026c500	0	1	0	1	unique_masked_candidate	0x002ce5f8
aug6-retail-0476	3	0x00314028	FUN_00314028	1544	0x002ce640	s06_0026c500	0	1	0	1	unique_masked_candidate	0x002ce640
aug6-retail-0477	3	0x00314630	FUN_00314630	3348	0x002cec48	s06_0026c500	0	1	0	1	unique_masked_candidate	0x002cec48
aug6-retail-0478	3	0x00316008	FUN_00316008	2136	0x002d0620	s06_0026c500	0	1	0	1	unique_masked_candidate	0x002d0620
aug6-retail-0479	3	0x00318228	FUN_00318228	2688	0x002d2818	s06_0026c500	0	1	0	1	unique_masked_candidate	0x002d2818
aug6-retail-0480	3	0x0031b920	FUN_0031b920	60	0x002d5db0	s06_0026c500	1	1	1	1	unique_masked_candidate	0x002d5db0
aug6-retail-0481	3	0x0031b968	FUN_0031b968	28	0x002d5df8	s06_0026c500	1	1	1	1	unique_masked_candidate	0x002d5df8
aug6-retail-0482	3	0x0031b990	FUN_0031b990	68	0x002d5e20	s06_0026c500	1	1	1	1	unique_masked_candidate	0x002d5e20
aug6-retail-0483	3	0x0031ba88	FUN_0031ba88	92	0x002d5f18	s06_0026c500	0	1	0	1	unique_masked_candidate	0x002d5f18
aug6-retail-0484	3	0x0031bae8	FUN_0031bae8	104	0x002d5f78	s06_0026c500	0	1	0	1	unique_masked_candidate	0x002d5f78
aug6-retail-0485	3	0x0031bb50	FUN_0031bb50	68	0x002d5fe0	s06_0026c500	0	1	0	1	unique_masked_candidate	0x002d5fe0
aug6-retail-0486	3	0x0031bcb8	FUN_0031bcb8	56	0x002d6148	s06_0026c500	1	1	1	1	unique_masked_candidate	0x002d6148
aug6-retail-0487	3	0x0031bcf0	FUN_0031bcf0	288	0x002d6180	s06_0026c500	1	6	6	6	ambiguous_candidate	0x002d6180,0x00344418,0x003668f8,0x00378c10,0x0038e068,0x003b7c80
aug6-retail-0488	3	0x0031be10	FUN_0031be10	148	0x002d62a0	s06_0026c500	0	1	0	1	unique_masked_candidate	0x002d62a0
aug6-retail-0489	3	0x0031bea8	FUN_0031bea8	124	0x002d6338	s06_0026c500	0	1	0	1	unique_masked_candidate	0x002d6338
aug6-retail-0490	3	0x0031ccc8	FUN_0031ccc8	56	0x002d7150	s06_0026c500	1	1	1	1	unique_masked_candidate	0x002d7150
aug6-retail-0491	3	0x0031cf28	FUN_0031cf28	36	0x002d73b0	s06_0026c500	0	1	0	1	unique_masked_candidate	0x002d73b0
aug6-retail-0492	3	0x0031cff8	FUN_0031cff8	204	0x002d73e0	s06_0026c500	1	1	1	1	unique_masked_candidate	0x002d73e0
aug6-retail-0493	3	0x0031d190	FUN_0031d190	36	0x002d7578	s06_0026c500	1	1	1	1	unique_masked_candidate	0x002d7578
aug6-retail-0494	3	0x0031d1b8	FUN_0031d1b8	44	0x002d75a0	s06_0026c500	0	1	0	1	unique_masked_candidate	0x002d75a0
aug6-retail-0495	3	0x0031d1e8	FUN_0031d1e8	36	0x002d75d0	s06_0026c500	1	1	1	1	unique_masked_candidate	0x002d75d0
aug6-retail-0496	3	0x0031dc80	FUN_0031dc80	28	0x002795d0	s06_0026c500	0	12	0	17	ambiguous_candidate	0x002795d0,0x00286c20,0x002b5590,0x002d82f8,0x002e0940,0x00322640,0x00388fb0,0x0038c9c8,0x003e31c0,0x003e49c0,0x003e5038,0x003e5058
aug6-retail-0497	3	0x0031dca0	FUN_0031dca0	28	0x002795d0	s06_0026c500	0	12	0	17	ambiguous_candidate	0x002795d0,0x00286c20,0x002b5590,0x002d82f8,0x002e0940,0x00322640,0x00388fb0,0x0038c9c8,0x003e31c0,0x003e49c0,0x003e5038,0x003e5058
aug6-retail-0498	3	0x0031e968	FUN_0031e968	16	0x002d8f00	s06_0026c500	1	1	1	1	unique_masked_candidate	0x002d8f00
aug6-retail-0499	3	0x0031ea10	FUN_0031ea10	68	0x002d8fa8	s06_0026c500	0	1	0	1	unique_masked_candidate	0x002d8fa8
aug6-retail-0500	3	0x0031eba8	FUN_0031eba8	84	0x002d9140	s06_0026c500	0	1	0	1	unique_masked_candidate	0x002d9140
aug6-retail-0501	3	0x0031ec00	FUN_0031ec00	92	0x002d9198	s06_0026c500	0	1	0	1	unique_masked_candidate	0x002d9198
aug6-retail-0502	3	0x0031f8a0	FUN_0031f8a0	92	0x002d9df0	s06_0026c500	1	1	1	1	unique_masked_candidate	0x002d9df0
aug6-retail-0503	3	0x0031fb50	FUN_0031fb50	48	0x002da0a0	s06_0026c500	1	1	1	1	unique_masked_candidate	0x002da0a0
aug6-retail-0504	3	0x0031fb80	FUN_0031fb80	48	0x002da0d0	s06_0026c500	1	1	1	1	unique_masked_candidate	0x002da0d0
aug6-retail-0505	3	0x00320570	FUN_00320570	88	0x002dab20	s06_0026c500	0	1	0	1	unique_masked_candidate	0x002dab20
aug6-retail-0506	3	0x00320658	FUN_00320658	16	0x002dac08	s06_0026c500	1	1	1	1	unique_masked_candidate	0x002dac08
aug6-retail-0507	3	0x00322158	FUN_00322158	48	0x002dc878	s06_0026c500	1	1	1	1	unique_masked_candidate	0x002dc878
aug6-retail-0508	3	0x00323a90	FUN_00323a90	128	0x002de038	s06_0026c500	0	1	0	1	unique_masked_candidate	0x002de038
aug6-retail-0509	3	0x00323c28	FUN_00323c28	40	0x002de1d0	s06_0026c500	1	1	1	1	unique_masked_candidate	0x002de1d0
aug6-retail-0510	3	0x003240f0	FUN_003240f0	72	0x002de698	s06_0026c500	0	1	0	1	unique_masked_candidate	0x002de698
aug6-retail-0511	3	0x00324138	FUN_00324138	44	0x002de6e0	s06_0026c500	0	1	0	1	unique_masked_candidate	0x002de6e0
aug6-retail-0512	3	0x00325480	FUN_00325480	44	0x002df810	s06_0026c500	0	1	0	1	unique_masked_candidate	0x002df810
aug6-retail-0513	3	0x003254b0	FUN_003254b0	40	0x002df840	s06_0026c500	0	1	0	1	unique_masked_candidate	0x002df840
aug6-retail-0514	3	0x00325628	FUN_00325628	28	0x002df9b8	s06_0026c500	0	2	0	4	ambiguous_candidate	0x002df9b8,0x002dfa98
aug6-retail-0515	3	0x00325680	FUN_00325680	28	0x002df9b8	s06_0026c500	0	2	0	4	ambiguous_candidate	0x002df9b8,0x002dfa98
aug6-retail-0516	3	0x00325720	FUN_00325720	28	0x002df9b8	s06_0026c500	0	2	0	4	ambiguous_candidate	0x002df9b8,0x002dfa98
aug6-retail-0517	3	0x00325aa8	FUN_00325aa8	56	0x002dfe20	s06_0026c500	0	1	0	1	unique_masked_candidate	0x002dfe20
aug6-retail-0518	3	0x003268a0	FUN_003268a0	28	0x002795d0	s06_0026c500	0	12	0	17	ambiguous_candidate	0x002795d0,0x00286c20,0x002b5590,0x002d82f8,0x002e0940,0x00322640,0x00388fb0,0x0038c9c8,0x003e31c0,0x003e49c0,0x003e5038,0x003e5058
aug6-retail-0519	3	0x0032aaa0	FUN_0032aaa0	40	0x002e4878	s06_0026c500	1	1	1	1	unique_masked_candidate	0x002e4878
aug6-retail-0520	3	0x0032aac8	FUN_0032aac8	36	0x002e48a0	s06_0026c500	1	1	1	1	unique_masked_candidate	0x002e48a0
aug6-retail-0521	3	0x0032aaf0	FUN_0032aaf0	32	0x002e48c8	s06_0026c500	1	1	1	1	unique_masked_candidate	0x002e48c8
aug6-retail-0522	3	0x0032d268	FUN_0032d268	32	0x002e61a8	s06_0026c500	0	1	0	1	unique_masked_candidate	0x002e61a8
aug6-retail-0523	3	0x0032d288	FUN_0032d288	28	0x002e61c8	s06_0026c500	0	1	0	1	unique_masked_candidate	0x002e61c8
aug6-retail-0524	3	0x0032e120	FUN_0032e120	100	0x002e7088	s06_0026c500	0	1	0	1	unique_masked_candidate	0x002e7088
aug6-retail-0525	3	0x00330978	FUN_00330978	100	0x002e97c8	s06_0026c500	1	1	1	1	unique_masked_candidate	0x002e97c8
aug6-retail-0526	3	0x00332138	FUN_00332138	152	0x002eaf50	s06_0026c500	1	1	1	1	unique_masked_candidate	0x002eaf50
aug6-retail-0527	3	0x0033cfd0	FUN_0033cfd0	96	0x002f6828	s06_0026c500	0	1	0	1	unique_masked_candidate	0x002f6828
aug6-retail-0528	3	0x0033d358	FUN_0033d358	60	0x002f6bb0	s06_0026c500	0	1	0	1	unique_masked_candidate	0x002f6bb0
aug6-retail-0529	3	0x00342c48	FUN_00342c48	100	0x002fb340	s06_0026c500	1	1	1	1	unique_masked_candidate	0x002fb340
aug6-retail-0530	3	0x003445d0	FUN_003445d0	60	0x002fcc48	s06_0026c500	1	1	1	1	unique_masked_candidate	0x002fcc48
aug6-retail-0531	3	0x00344610	FUN_00344610	60	0x002fcc88	s06_0026c500	1	1	1	1	unique_masked_candidate	0x002fcc88
aug6-retail-0532	3	0x00346020	FUN_00346020	36	0x002fe660	s06_0026c500	1	1	1	1	unique_masked_candidate	0x002fe660
aug6-retail-0533	3	0x00347d58	FUN_00347d58	48	0x00300498	s06_0026c500	0	12	0	20	ambiguous_candidate	0x00300498,0x003006c8,0x00300798,0x00300890,0x003009e8,0x00300ab8,0x00300b70,0x00300c28,0x00300ce0,0x00300f90,0x00301048,0x00301188
aug6-retail-0534	3	0x00348158	FUN_00348158	48	0x00300498	s06_0026c500	0	12	0	20	ambiguous_candidate	0x00300498,0x003006c8,0x00300798,0x00300890,0x003009e8,0x00300ab8,0x00300b70,0x00300c28,0x00300ce0,0x00300f90,0x00301048,0x00301188
aug6-retail-0535	3	0x00348228	FUN_00348228	48	0x00300498	s06_0026c500	0	12	0	20	ambiguous_candidate	0x00300498,0x003006c8,0x00300798,0x00300890,0x003009e8,0x00300ab8,0x00300b70,0x00300c28,0x00300ce0,0x00300f90,0x00301048,0x00301188
aug6-retail-0536	3	0x003483f8	FUN_003483f8	48	0x00300498	s06_0026c500	0	12	0	20	ambiguous_candidate	0x00300498,0x003006c8,0x00300798,0x00300890,0x003009e8,0x00300ab8,0x00300b70,0x00300c28,0x00300ce0,0x00300f90,0x00301048,0x00301188
aug6-retail-0537	3	0x0034d738	FUN_0034d738	48	0x00300498	s06_0026c500	0	12	0	20	ambiguous_candidate	0x00300498,0x003006c8,0x00300798,0x00300890,0x003009e8,0x00300ab8,0x00300b70,0x00300c28,0x00300ce0,0x00300f90,0x00301048,0x00301188
aug6-retail-0538	3	0x0034d7f0	FUN_0034d7f0	48	0x00300498	s06_0026c500	0	12	0	20	ambiguous_candidate	0x00300498,0x003006c8,0x00300798,0x00300890,0x003009e8,0x00300ab8,0x00300b70,0x00300c28,0x00300ce0,0x00300f90,0x00301048,0x00301188
aug6-retail-0539	3	0x0034d960	FUN_0034d960	48	0x00300498	s06_0026c500	0	12	0	20	ambiguous_candidate	0x00300498,0x003006c8,0x00300798,0x00300890,0x003009e8,0x00300ab8,0x00300b70,0x00300c28,0x00300ce0,0x00300f90,0x00301048,0x00301188
aug6-retail-0540	3	0x0034da18	FUN_0034da18	48	0x00300498	s06_0026c500	0	12	0	20	ambiguous_candidate	0x00300498,0x003006c8,0x00300798,0x00300890,0x003009e8,0x00300ab8,0x00300b70,0x00300c28,0x00300ce0,0x00300f90,0x00301048,0x00301188
aug6-retail-0541	3	0x0034dad0	FUN_0034dad0	48	0x00300498	s06_0026c500	0	12	0	20	ambiguous_candidate	0x00300498,0x003006c8,0x00300798,0x00300890,0x003009e8,0x00300ab8,0x00300b70,0x00300c28,0x00300ce0,0x00300f90,0x00301048,0x00301188
aug6-retail-0542	3	0x0034db88	FUN_0034db88	48	0x00300498	s06_0026c500	0	12	0	20	ambiguous_candidate	0x00300498,0x003006c8,0x00300798,0x00300890,0x003009e8,0x00300ab8,0x00300b70,0x00300c28,0x00300ce0,0x00300f90,0x00301048,0x00301188
aug6-retail-0543	3	0x0034dc40	FUN_0034dc40	48	0x00300498	s06_0026c500	0	12	0	20	ambiguous_candidate	0x00300498,0x003006c8,0x00300798,0x00300890,0x003009e8,0x00300ab8,0x00300b70,0x00300c28,0x00300ce0,0x00300f90,0x00301048,0x00301188
aug6-retail-0544	3	0x0034dd10	FUN_0034dd10	48	0x00300498	s06_0026c500	0	12	0	20	ambiguous_candidate	0x00300498,0x003006c8,0x00300798,0x00300890,0x003009e8,0x00300ab8,0x00300b70,0x00300c28,0x00300ce0,0x00300f90,0x00301048,0x00301188
aug6-retail-0545	3	0x0034ddc8	FUN_0034ddc8	48	0x00300498	s06_0026c500	0	12	0	20	ambiguous_candidate	0x00300498,0x003006c8,0x00300798,0x00300890,0x003009e8,0x00300ab8,0x00300b70,0x00300c28,0x00300ce0,0x00300f90,0x00301048,0x00301188
aug6-retail-0546	3	0x0034dec8	FUN_0034dec8	48	0x00300498	s06_0026c500	0	12	0	20	ambiguous_candidate	0x00300498,0x003006c8,0x00300798,0x00300890,0x003009e8,0x00300ab8,0x00300b70,0x00300c28,0x00300ce0,0x00300f90,0x00301048,0x00301188
aug6-retail-0547	3	0x0034dfc0	FUN_0034dfc0	48	0x00300498	s06_0026c500	0	12	0	20	ambiguous_candidate	0x00300498,0x003006c8,0x00300798,0x00300890,0x003009e8,0x00300ab8,0x00300b70,0x00300c28,0x00300ce0,0x00300f90,0x00301048,0x00301188
aug6-retail-0548	3	0x00350078	FUN_00350078	48	0x00300498	s06_0026c500	0	12	0	20	ambiguous_candidate	0x00300498,0x003006c8,0x00300798,0x00300890,0x003009e8,0x00300ab8,0x00300b70,0x00300c28,0x00300ce0,0x00300f90,0x00301048,0x00301188
aug6-retail-0549	3	0x00350250	FUN_00350250	48	0x00300498	s06_0026c500	0	12	0	20	ambiguous_candidate	0x00300498,0x003006c8,0x00300798,0x00300890,0x003009e8,0x00300ab8,0x00300b70,0x00300c28,0x00300ce0,0x00300f90,0x00301048,0x00301188
aug6-retail-0550	3	0x003503a8	FUN_003503a8	48	0x00300498	s06_0026c500	0	12	0	20	ambiguous_candidate	0x00300498,0x003006c8,0x00300798,0x00300890,0x003009e8,0x00300ab8,0x00300b70,0x00300c28,0x00300ce0,0x00300f90,0x00301048,0x00301188
aug6-retail-0551	3	0x00350458	FUN_00350458	48	0x00300498	s06_0026c500	0	12	0	20	ambiguous_candidate	0x00300498,0x003006c8,0x00300798,0x00300890,0x003009e8,0x00300ab8,0x00300b70,0x00300c28,0x00300ce0,0x00300f90,0x00301048,0x00301188
aug6-retail-0552	3	0x00350640	FUN_00350640	48	0x00300498	s06_0026c500	0	12	0	20	ambiguous_candidate	0x00300498,0x003006c8,0x00300798,0x00300890,0x003009e8,0x00300ab8,0x00300b70,0x00300c28,0x00300ce0,0x00300f90,0x00301048,0x00301188
aug6-retail-0553	3	0x00350970	FUN_00350970	56	0x00301418	s06_0026c500	0	1	0	1	unique_masked_candidate	0x00301418
aug6-retail-0554	3	0x003509a8	FUN_003509a8	36	0x00301450	s06_0026c500	0	1	0	1	unique_masked_candidate	0x00301450
aug6-retail-0555	3	0x003509d0	FUN_003509d0	40	0x00301478	s06_0026c500	0	1	0	1	unique_masked_candidate	0x00301478
aug6-retail-0556	3	0x00352618	FUN_00352618	32	0x00302ec0	s06_0026c500	0	1	0	1	unique_masked_candidate	0x00302ec0
aug6-retail-0557	3	0x00356608	FUN_00356608	56	0x00306180	s06_0026c500	0	1	0	1	unique_masked_candidate	0x00306180
aug6-retail-0558	3	0x00359348	FUN_00359348	64	0x00308f38	s06_0026c500	1	1	1	1	unique_masked_candidate	0x00308f38
aug6-retail-0559	3	0x00368b98	FUN_00368b98	36	0x00316340	s06_0026c500	1	1	1	1	unique_masked_candidate	0x00316340
aug6-retail-0560	3	0x00369bb8	FUN_00369bb8	40	0x003170a0	s06_0026c500	0	1	0	1	unique_masked_candidate	0x003170a0
aug6-retail-0561	3	0x0036b528	FUN_0036b528	364	0x00318788	s06_0026c500	0	1	0	1	unique_masked_candidate	0x00318788
aug6-retail-0562	3	0x0036d328	FUN_0036d328	40	0x0031a578	s06_0026c500	1	3	3	3	ambiguous_candidate	0x0031a578,0x0031b124,0x0031b9ec
aug6-retail-0563	3	0x0036deac	FUN_0036deac	40	0x0031b0fc	s06_0026c500	1	3	3	3	ambiguous_candidate	0x0031b0fc,0x0031b9c4,0x0031d690
aug6-retail-0564	3	0x0036ded4	FUN_0036ded4	40	0x0031a578	s06_0026c500	1	3	3	3	ambiguous_candidate	0x0031a578,0x0031b124,0x0031b9ec
aug6-retail-0565	3	0x0036e774	FUN_0036e774	40	0x0031b0fc	s06_0026c500	1	3	3	3	ambiguous_candidate	0x0031b0fc,0x0031b9c4,0x0031d690
aug6-retail-0566	3	0x0036e79c	FUN_0036e79c	40	0x0031a578	s06_0026c500	1	3	3	3	ambiguous_candidate	0x0031a578,0x0031b124,0x0031b9ec
aug6-retail-0567	3	0x0036f1c0	FUN_0036f1c0	40	0x0031c410	s06_0026c500	1	1	1	1	unique_masked_candidate	0x0031c410
aug6-retail-0568	3	0x0036f1e8	FUN_0036f1e8	288	0x0031c438	s06_0026c500	0	1	0	1	unique_masked_candidate	0x0031c438
aug6-retail-0569	3	0x0036f308	FUN_0036f308	56	0x0031c558	s06_0026c500	1	1	1	1	unique_masked_candidate	0x0031c558
aug6-retail-0570	3	0x00370440	FUN_00370440	40	0x0031b0fc	s06_0026c500	1	3	3	3	ambiguous_candidate	0x0031b0fc,0x0031b9c4,0x0031d690
aug6-retail-0571	3	0x003760a0	FUN_003760a0	28	0x002795d0	s06_0026c500	0	12	0	17	ambiguous_candidate	0x002795d0,0x00286c20,0x002b5590,0x002d82f8,0x002e0940,0x00322640,0x00388fb0,0x0038c9c8,0x003e31c0,0x003e49c0,0x003e5038,0x003e5058
aug6-retail-0572	3	0x0037fb30	FUN_0037fb30	44	0x0027e1d0	s06_0026c500	0	2	0	3	ambiguous_candidate	0x0027e1d0,0x002916c8
aug6-retail-0573	3	0x003834f0	FUN_003834f0	48	0x0032ea00	s06_0026c500	0	1	0	1	unique_masked_candidate	0x0032ea00
aug6-retail-0574	3	0x00384320	FUN_00384320	28	0x002795d0	s06_0026c500	0	12	0	17	ambiguous_candidate	0x002795d0,0x00286c20,0x002b5590,0x002d82f8,0x002e0940,0x00322640,0x00388fb0,0x0038c9c8,0x003e31c0,0x003e49c0,0x003e5038,0x003e5058
aug6-retail-0575	3	0x0038d560	FUN_0038d560	144	0x00364628	s06_0026c500	1	4	4	2	ambiguous_candidate	0x00364628,0x003743f0,0x003773e0,0x003ce888
aug6-retail-0576	3	0x0038fbe8	FUN_0038fbe8	144	0x00364628	s06_0026c500	1	4	4	2	ambiguous_candidate	0x00364628,0x003743f0,0x003773e0,0x003ce888
aug6-retail-0577	3	0x003a3048	FUN_003a3048	16	0x0033cbb8	s06_0026c500	1	1	1	1	unique_masked_candidate	0x0033cbb8
aug6-retail-0578	3	0x003a4418	UpdateMoby_775	76	0x0033ddd8	s06_0026c500	0	1	0	1	unique_masked_candidate	0x0033ddd8
aug6-retail-0579	3	0x003a4978	FUN_003a4978	16	0x0033e2e8	s06_0026c500	1	3	3	3	ambiguous_candidate	0x0033e2e8,0x0035d290,0x00361960
aug6-retail-0580	3	0x003a8ec0	FUN_003a8ec0	288	0x002d6180	s06_0026c500	1	6	6	6	ambiguous_candidate	0x002d6180,0x00344418,0x003668f8,0x00378c10,0x0038e068,0x003b7c80
aug6-retail-0581	3	0x003a99d0	FUN_003a99d0	144	0x003456e0	s06_0026c500	1	2	2	2	ambiguous_candidate	0x003456e0,0x0038ec60
aug6-retail-0582	3	0x003b88b0	FUN_003b88b0	44	0x003caf88	s06_0026c500	1	1	1	1	unique_masked_candidate	0x003caf88
aug6-retail-0583	3	0x003b97a8	FUN_003b97a8	136	0x00378b88	s06_0026c500	1	9	9	10	ambiguous_candidate	0x00378b88,0x00382ae0,0x00385690,0x0038b728,0x00395f78,0x003973c8,0x003b7bf8,0x003bfc60,0x003cbea0
aug6-retail-0584	3	0x003c7a88	FUN_003c7a88	24	0x003cce18	s06_0026c500	1	1	1	1	unique_masked_candidate	0x003cce18
aug6-retail-0585	3	0x003c7aa0	FUN_003c7aa0	28	0x003cce30	s06_0026c500	1	1	1	1	unique_masked_candidate	0x003cce30
aug6-retail-0586	3	0x003c8660	FUN_003c8660	56	0x0035b9c8	s06_0026c500	0	1	0	1	unique_masked_candidate	0x0035b9c8
aug6-retail-0587	3	0x003c9f98	UpdateMoby_2384	28	0x0035d140	s06_0026c500	0	1	0	1	unique_masked_candidate	0x0035d140
aug6-retail-0588	3	0x003ca138	FUN_003ca138	16	0x0033e2e8	s06_0026c500	1	3	3	3	ambiguous_candidate	0x0033e2e8,0x0035d290,0x00361960
aug6-retail-0589	3	0x003ca280	FUN_003ca280	16	0x0033e2e8	s06_0026c500	1	3	3	3	ambiguous_candidate	0x0033e2e8,0x0035d290,0x00361960
aug6-retail-0590	3	0x003caac8	FUN_003caac8	40	0x003621c0	s06_0026c500	0	1	0	1	unique_masked_candidate	0x003621c0
aug6-retail-0591	3	0x003cd960	FUN_003cd960	136	0x00378b88	s06_0026c500	1	9	9	10	ambiguous_candidate	0x00378b88,0x00382ae0,0x00385690,0x0038b728,0x00395f78,0x003973c8,0x003b7bf8,0x003bfc60,0x003cbea0
aug6-retail-0592	3	0x003cd9e8	FUN_003cd9e8	288	0x002d6180	s06_0026c500	1	6	6	6	ambiguous_candidate	0x002d6180,0x00344418,0x003668f8,0x00378c10,0x0038e068,0x003b7c80
aug6-retail-0593	3	0x003d33a0	FUN_003d33a0	40	0x00370478	s06_0026c500	1	1	1	1	unique_masked_candidate	0x00370478
aug6-retail-0594	3	0x003dbc08	FUN_003dbc08	136	0x00378b88	s06_0026c500	1	9	9	10	ambiguous_candidate	0x00378b88,0x00382ae0,0x00385690,0x0038b728,0x00395f78,0x003973c8,0x003b7bf8,0x003bfc60,0x003cbea0
aug6-retail-0595	3	0x003dbc90	FUN_003dbc90	288	0x002d6180	s06_0026c500	1	6	6	6	ambiguous_candidate	0x002d6180,0x00344418,0x003668f8,0x00378c10,0x0038e068,0x003b7c80
aug6-retail-0596	3	0x003e69a0	FUN_003e69a0	136	0x00378b88	s06_0026c500	1	9	9	10	ambiguous_candidate	0x00378b88,0x00382ae0,0x00385690,0x0038b728,0x00395f78,0x003973c8,0x003b7bf8,0x003bfc60,0x003cbea0
aug6-retail-0597	3	0x003e9f48	FUN_003e9f48	136	0x00378b88	s06_0026c500	1	9	9	10	ambiguous_candidate	0x00378b88,0x00382ae0,0x00385690,0x0038b728,0x00395f78,0x003973c8,0x003b7bf8,0x003bfc60,0x003cbea0
aug6-retail-0598	3	0x003edba8	UpdateMoby_3077	28	0x002795d0	s06_0026c500	0	12	0	17	ambiguous_candidate	0x002795d0,0x00286c20,0x002b5590,0x002d82f8,0x002e0940,0x00322640,0x00388fb0,0x0038c9c8,0x003e31c0,0x003e49c0,0x003e5038,0x003e5058
aug6-retail-0599	3	0x003f0228	FUN_003f0228	136	0x00378b88	s06_0026c500	1	9	9	10	ambiguous_candidate	0x00378b88,0x00382ae0,0x00385690,0x0038b728,0x00395f78,0x003973c8,0x003b7bf8,0x003bfc60,0x003cbea0
aug6-retail-0600	3	0x003f1450	FUN_003f1450	28	0x002795d0	s06_0026c500	0	12	0	17	ambiguous_candidate	0x002795d0,0x00286c20,0x002b5590,0x002d82f8,0x002e0940,0x00322640,0x00388fb0,0x0038c9c8,0x003e31c0,0x003e49c0,0x003e5038,0x003e5058
aug6-retail-0601	3	0x003f2e28	FUN_003f2e28	288	0x002d6180	s06_0026c500	1	6	6	6	ambiguous_candidate	0x002d6180,0x00344418,0x003668f8,0x00378c10,0x0038e068,0x003b7c80
aug6-retail-0602	3	0x003f3938	FUN_003f3938	144	0x003456e0	s06_0026c500	1	2	2	2	ambiguous_candidate	0x003456e0,0x0038ec60
aug6-retail-0603	3	0x003f4010	FUN_003f4010	104	0x00341e80	s06_0026c500	1	2	2	2	ambiguous_candidate	0x00341e80,0x0038f468
aug6-retail-0604	3	0x003fc428	FUN_003fc428	136	0x00378b88	s06_0026c500	1	9	9	10	ambiguous_candidate	0x00378b88,0x00382ae0,0x00385690,0x0038b728,0x00395f78,0x003973c8,0x003b7bf8,0x003bfc60,0x003cbea0
aug6-retail-0605	3	0x003fd7d0	FUN_003fd7d0	136	0x00378b88	s06_0026c500	1	9	9	10	ambiguous_candidate	0x00378b88,0x00382ae0,0x00385690,0x0038b728,0x00395f78,0x003973c8,0x003b7bf8,0x003bfc60,0x003cbea0
aug6-retail-0606	3	0x003feee0	FUN_003feee0	64	0x00398b10	s06_0026c500	1	1	1	1	unique_masked_candidate	0x00398b10
aug6-retail-0607	3	0x00409d28	FUN_00409d28	76	0x003a3b00	s06_0026c500	0	1	0	1	unique_masked_candidate	0x003a3b00
aug6-retail-0608	3	0x004197a8	FUN_004197a8	32	0x003b0bf0	s06_0026c500	1	1	1	1	unique_masked_candidate	0x003b0bf0
aug6-retail-0609	3	0x00419818	FUN_00419818	56	0x003b0c60	s06_0026c500	0	1	0	1	unique_masked_candidate	0x003b0c60
aug6-retail-0610	3	0x00419c00	FUN_00419c00	84	0x003b1048	s06_0026c500	0	1	0	1	unique_masked_candidate	0x003b1048
aug6-retail-0611	3	0x00422e30	FUN_00422e30	136	0x00378b88	s06_0026c500	1	9	9	10	ambiguous_candidate	0x00378b88,0x00382ae0,0x00385690,0x0038b728,0x00395f78,0x003973c8,0x003b7bf8,0x003bfc60,0x003cbea0
aug6-retail-0612	3	0x00422eb8	FUN_00422eb8	288	0x002d6180	s06_0026c500	1	6	6	6	ambiguous_candidate	0x002d6180,0x00344418,0x003668f8,0x00378c10,0x0038e068,0x003b7c80
aug6-retail-0613	3	0x00429e20	FUN_00429e20	136	0x00378b88	s06_0026c500	1	9	9	10	ambiguous_candidate	0x00378b88,0x00382ae0,0x00385690,0x0038b728,0x00395f78,0x003973c8,0x003b7bf8,0x003bfc60,0x003cbea0
aug6-retail-0614	3	0x0042cc58	FUN_0042cc58	104	0x00341e80	s06_0026c500	1	2	2	2	ambiguous_candidate	0x00341e80,0x0038f468
aug6-retail-0615	3	0x0042ccc0	FUN_0042ccc0	112	0x00341ee8	s06_0026c500	1	1	1	1	unique_masked_candidate	0x00341ee8
aug6-retail-0616	3	0x00432200	FUN_00432200	44	0x003dbb20	s06_0026c500	0	1	0	1	unique_masked_candidate	0x003dbb20
aug6-retail-0617	3	0x00435910	FUN_00435910	16	0x003ded28	s06_0026c500	1	1	1	1	unique_masked_candidate	0x003ded28
aug6-retail-0618	3	0x0043a2c0	UpdateCamera_6	28	0x002795d0	s06_0026c500	0	12	0	17	ambiguous_candidate	0x002795d0,0x00286c20,0x002b5590,0x002d82f8,0x002e0940,0x00322640,0x00388fb0,0x0038c9c8,0x003e31c0,0x003e49c0,0x003e5038,0x003e5058
aug6-retail-0619	3	0x0043bf68	FUN_0043bf68	28	0x002795d0	s06_0026c500	0	12	0	17	ambiguous_candidate	0x002795d0,0x00286c20,0x002b5590,0x002d82f8,0x002e0940,0x00322640,0x00388fb0,0x0038c9c8,0x003e31c0,0x003e49c0,0x003e5038,0x003e5058
aug6-retail-0620	3	0x0043c5f8	FUN_0043c5f8	28	0x002795d0	s06_0026c500	0	12	0	17	ambiguous_candidate	0x002795d0,0x00286c20,0x002b5590,0x002d82f8,0x002e0940,0x00322640,0x00388fb0,0x0038c9c8,0x003e31c0,0x003e49c0,0x003e5038,0x003e5058
aug6-retail-0621	3	0x0043c6d0	FUN_0043c6d0	36	0x003e5130	s06_0026c500	1	1	1	1	unique_masked_candidate	0x003e5130
aug6-retail-0622	3	0x0043c700	FUN_0043c700	32	0x003e5160	s06_0026c500	1	1	1	1	unique_masked_candidate	0x003e5160
aug6-retail-0623	3	0x0043c720	FUN_0043c720	40	0x003e5180	s06_0026c500	1	1	1	1	unique_masked_candidate	0x003e5180
aug6-retail-0624	3	0x0043c820	FUN_0043c820	36	0x003e5280	s06_0026c500	1	1	1	1	unique_masked_candidate	0x003e5280
aug6-retail-0625	3	0x0043cd30	FUN_0043cd30	20	0x003e5790	s06_0026c500	1	1	1	1	unique_masked_candidate	0x003e5790
aug6-retail-0626	3	0x0043cd48	FUN_0043cd48	20	0x003e57a8	s06_0026c500	1	1	1	1	unique_masked_candidate	0x003e57a8
aug6-retail-0627	3	0x0043cd60	FUN_0043cd60	60	0x003e57c0	s06_0026c500	1	1	1	1	unique_masked_candidate	0x003e57c0
aug6-retail-0628	3	0x0043cda0	FUN_0043cda0	60	0x003e5800	s06_0026c500	1	1	1	1	unique_masked_candidate	0x003e5800
aug6-retail-0629	3	0x0043d1b8	FUN_0043d1b8	44	0x003e5be8	s06_0026c500	1	1	1	1	unique_masked_candidate	0x003e5be8
aug6-retail-0630	3	0x0043d1e8	FUN_0043d1e8	24	0x003e5c18	s06_0026c500	1	1	1	1	unique_masked_candidate	0x003e5c18
aug6-retail-0631	3	0x0043d2d8	FUN_0043d2d8	44	0x003e5d08	s06_0026c500	0	1	0	1	unique_masked_candidate	0x003e5d08
aug6-retail-0632	3	0x0043d430	FUN_0043d430	296	0x003e5e60	s06_0026c500	1	1	1	1	unique_masked_candidate	0x003e5e60
aug6-retail-0633	3	0x0043d560	FUN_0043d560	24	0x003e5f90	s06_0026c500	1	1	1	1	unique_masked_candidate	0x003e5f90
aug6-retail-0634	3	0x0043d5e8	FUN_0043d5e8	80	0x003e6018	s06_0026c500	1	1	1	1	unique_masked_candidate	0x003e6018
aug6-retail-0635	3	0x0043d768	FUN_0043d768	28	0x003e6198	s06_0026c500	1	1	1	1	unique_masked_candidate	0x003e6198
aug6-retail-0636	3	0x00440010	FUN_00440010	28	0x003ea5d0	s06_0026c500	0	1	0	2	ambiguous_candidate	0x003ea5d0
aug6-retail-0637	3	0x00441270	FUN_00441270	16	0x003e9120	s06_0026c500	1	1	1	1	unique_masked_candidate	0x003e9120
aug6-retail-0638	3	0x00441280	FUN_00441280	24	0x003e9130	s06_0026c500	1	1	1	1	unique_masked_candidate	0x003e9130
aug6-retail-0639	3	0x004418b8	FUN_004418b8	20	0x003e95c0	s06_0026c500	1	2	2	2	ambiguous_candidate	0x003e95c0,0x003edad0
aug6-retail-0640	3	0x00444ec0	FUN_00444ec0	28	0x003ea5d0	s06_0026c500	0	1	0	2	ambiguous_candidate	0x003ea5d0
aug6-retail-0641	3	0x004482e8	FUN_004482e8	28	0x003ed5f8	s06_0026c500	0	1	0	1	unique_masked_candidate	0x003ed5f8
aug6-retail-0642	3	0x00448308	FUN_00448308	28	0x003ed618	s06_0026c500	0	1	0	1	unique_masked_candidate	0x003ed618
aug6-retail-0643	3	0x00448730	FUN_00448730	28	0x002df9b8	s06_0026c500	0	2	0	4	ambiguous_candidate	0x002df9b8,0x002dfa98
aug6-retail-0644	3	0x004498e0	FUN_004498e0	20	0x003e95c0	s06_0026c500	1	2	2	2	ambiguous_candidate	0x003e95c0,0x003edad0
aug6-retail-0645	3	0x0044e908	FUN_0044e908	108	0x003f1e38	s06_0026c500	1	1	1	1	unique_masked_candidate	0x003f1e38
aug6-retail-0646	3	0x0044e990	FUN_0044e990	36	0x003f1eb8	s06_0026c500	1	1	1	1	unique_masked_candidate	0x003f1eb8
aug6-retail-0647	3	0x0044fd38	FUN_0044fd38	52	0x003f2de0	s06_0026c500	1	1	1	1	unique_masked_candidate	0x003f2de0
aug6-retail-0648	3	0x0044fe40	FUN_0044fe40	20	0x003f2ee8	s06_0026c500	1	1	1	1	unique_masked_candidate	0x003f2ee8
aug6-retail-0649	3	0x0044fe78	FUN_0044fe78	52	0x003f2f20	s06_0026c500	1	1	1	1	unique_masked_candidate	0x003f2f20
aug6-retail-0650	3	0x0044feb0	FUN_0044feb0	24	0x003f2f58	s06_0026c500	1	1	1	1	unique_masked_candidate	0x003f2f58
aug6-retail-0651	3	0x0044fed0	FUN_0044fed0	60	0x003f2f78	s06_0026c500	1	1	1	1	unique_masked_candidate	0x003f2f78
aug6-retail-0652	3	0x004501b8	FUN_004501b8	80	0x003f3260	s06_0026c500	1	1	1	1	unique_masked_candidate	0x003f3260
aug6-retail-0653	3	0x00450300	FUN_00450300	16	0x003f33a8	s06_0026c500	1	1	1	1	unique_masked_candidate	0x003f33a8
aug6-retail-0654	3	0x00450310	FUN_00450310	52	0x003f33b8	s06_0026c500	1	1	1	1	unique_masked_candidate	0x003f33b8
aug6-retail-0655	3	0x00450348	FUN_00450348	16	0x003f33f0	s06_0026c500	1	1	1	1	unique_masked_candidate	0x003f33f0
aug6-retail-0656	3	0x00450358	FUN_00450358	40	0x003f3400	s06_0026c500	1	1	1	1	unique_masked_candidate	0x003f3400
aug6-retail-0657	3	0x00450380	FUN_00450380	52	0x003f3428	s06_0026c500	1	1	1	1	unique_masked_candidate	0x003f3428
aug6-retail-0658	3	0x00451888	FUN_00451888	20	0x003f4740	s06_0026c500	1	1	1	1	unique_masked_candidate	0x003f4740
aug6-retail-0659	3	0x00455c68	FUN_00455c68	28	0x003f87a0	s06_0026c500	1	1	1	1	unique_masked_candidate	0x003f87a0
aug6-retail-0660	3	0x00456148	FUN_00456148	32	0x003f8c80	s06_0026c500	0	2	0	2	ambiguous_candidate	0x003f8c80,0x003fac20
aug6-retail-0661	3	0x00456210	FUN_00456210	208	0x003f8d48	s06_0026c500	1	1	1	1	unique_masked_candidate	0x003f8d48
aug6-retail-0662	3	0x004562e0	FUN_004562e0	180	0x003f8e18	s06_0026c500	1	1	1	1	unique_masked_candidate	0x003f8e18
aug6-retail-0663	3	0x00456398	FUN_00456398	16	0x003f8ed0	s06_0026c500	1	1	1	1	unique_masked_candidate	0x003f8ed0
aug6-retail-0664	3	0x004563a8	FUN_004563a8	36	0x003f8ee0	s06_0026c500	0	1	0	1	unique_masked_candidate	0x003f8ee0
aug6-retail-0665	3	0x00456e40	FUN_00456e40	24	0x003f9988	s06_0026c500	1	1	1	1	unique_masked_candidate	0x003f9988
aug6-retail-0666	3	0x00456e60	FUN_00456e60	48	0x003f99a8	s06_0026c500	1	1	1	1	unique_masked_candidate	0x003f99a8
aug6-retail-0667	3	0x00456e90	FUN_00456e90	68	0x003f99d8	s06_0026c500	1	1	1	1	unique_masked_candidate	0x003f99d8
aug6-retail-0668	3	0x00456ed8	FUN_00456ed8	72	0x003f9a20	s06_0026c500	1	1	1	1	unique_masked_candidate	0x003f9a20
aug6-retail-0669	3	0x00456f20	FUN_00456f20	36	0x003f9a68	s06_0026c500	1	1	1	1	unique_masked_candidate	0x003f9a68
aug6-retail-0670	3	0x00456f48	FUN_00456f48	16	0x003f9a90	s06_0026c500	1	1	1	1	unique_masked_candidate	0x003f9a90
aug6-retail-0671	3	0x00457000	FUN_00457000	68	0x003f9b48	s06_0026c500	1	1	1	1	unique_masked_candidate	0x003f9b48
aug6-retail-0672	3	0x00457128	FUN_00457128	36	0x003f9c70	s06_0026c500	1	1	1	1	unique_masked_candidate	0x003f9c70
aug6-retail-0673	3	0x00457bc0	FUN_00457bc0	340	0x003fa708	s06_0026c500	1	1	1	1	unique_masked_candidate	0x003fa708
aug6-retail-0674	3	0x004580d8	FUN_004580d8	32	0x003f8c80	s06_0026c500	0	2	0	2	ambiguous_candidate	0x003f8c80,0x003fac20
aug6-retail-0675	3	0x004580f8	FUN_004580f8	28	0x003fac40	s06_0026c500	0	3	0	3	ambiguous_candidate	0x003fac40,0x003fac60,0x003fad30
aug6-retail-0676	3	0x00458118	FUN_00458118	28	0x003fac40	s06_0026c500	0	3	0	3	ambiguous_candidate	0x003fac40,0x003fac60,0x003fad30
aug6-retail-0677	3	0x004581e8	FUN_004581e8	28	0x003fac40	s06_0026c500	0	3	0	3	ambiguous_candidate	0x003fac40,0x003fac60,0x003fad30
aug6-retail-0678	3	0x00458698	FUN_00458698	88	0x003fb1e0	s06_0026c500	1	1	1	1	unique_masked_candidate	0x003fb1e0
aug6-retail-0679	3	0x004586f8	FUN_004586f8	16	0x003fb240	s06_0026c500	1	1	1	1	unique_masked_candidate	0x003fb240
aug6-retail-0680	3	0x00458708	FUN_00458708	20	0x003fb250	s06_0026c500	1	1	1	1	unique_masked_candidate	0x003fb250
aug6-retail-0681	3	0x00458850	FUN_00458850	32	0x003fb398	s06_0026c500	1	1	1	1	unique_masked_candidate	0x003fb398
aug6-retail-0682	4	0x002cc1f0	FUN_002cc1f0	56	0x0028fe48	s06_0028f780	1	1	1	1	unique_masked_candidate	0x0028fe48
aug6-retail-0683	4	0x002d43c0	FUN_002d43c0	56	0x002b24c8	s06_0028f780	0	1	0	1	unique_masked_candidate	0x002b24c8
aug6-retail-0684	4	0x002d43f8	FUN_002d43f8	36	0x002b2500	s06_0028f780	0	1	0	1	unique_masked_candidate	0x002b2500
aug6-retail-0685	4	0x002d44b8	FUN_002d44b8	20	0x002b25b8	s06_0028f780	1	1	1	1	unique_masked_candidate	0x002b25b8
aug6-retail-0686	4	0x002d4fa8	FUN_002d4fa8	88	0x002b3028	s06_0028f780	1	1	1	1	unique_masked_candidate	0x002b3028
aug6-retail-0687	4	0x002d6008	FUN_002d6008	44	0x002a14e0	s06_0028f780	0	2	0	3	ambiguous_candidate	0x002a14e0,0x002b4120
aug6-retail-0688	4	0x002d96d0	FUN_002d96d0	32	0x002b72f0	s06_0028f780	1	1	1	1	unique_masked_candidate	0x002b72f0
aug6-retail-0689	4	0x002f3f18	FUN_002f3f18	28	0x002d2a08	s06_0028f780	0	1	0	1	unique_masked_candidate	0x002d2a08
aug6-retail-0690	4	0x002f6f58	FUN_002f6f58	28	0x0029d3b8	s06_0028f780	0	1	0	2	ambiguous_candidate	0x0029d3b8
aug6-retail-0691	4	0x002f7930	FUN_002f7930	92	0x0028ff80	s06_0028f780	0	1	0	1	unique_masked_candidate	0x0028ff80
aug6-retail-0692	4	0x002f8130	FUN_002f8130	24	0x00290768	s06_0028f780	1	1	1	1	unique_masked_candidate	0x00290768
aug6-retail-0693	4	0x002fd8a8	FUN_002fd8a8	5060	0x00295c80	s06_0028f780	0	1	0	1	unique_masked_candidate	0x00295c80
aug6-retail-0694	4	0x002fec70	FUN_002fec70	160	0x00297048	s06_0028f780	1	1	1	1	unique_masked_candidate	0x00297048
aug6-retail-0695	4	0x00306068	FUN_00306068	136	0x0029c800	s06_0028f780	0	1	0	1	unique_masked_candidate	0x0029c800
aug6-retail-0696	4	0x003060f0	FUN_003060f0	28	0x0029c888	s06_0028f780	0	11	0	16	ambiguous_candidate	0x0029c888,0x002a9ec8,0x002d7120,0x002fa690,0x003042e0,0x00345dd8,0x003a7af0,0x00418ad0,0x0041b980,0x0041c858,0x0041c878
aug6-retail-0697	4	0x00306c20	FUN_00306c20	28	0x0029d3b8	s06_0028f780	0	1	0	2	ambiguous_candidate	0x0029d3b8
aug6-retail-0698	4	0x00309888	FUN_00309888	80	0x0029fc50	s06_0028f780	1	1	1	1	unique_masked_candidate	0x0029fc50
aug6-retail-0699	4	0x0030aab8	FUN_0030aab8	56	0x002a11c8	s06_0028f780	1	1	1	1	unique_masked_candidate	0x002a11c8
aug6-retail-0700	4	0x0030add8	FUN_0030add8	44	0x002a14e0	s06_0028f780	0	2	0	3	ambiguous_candidate	0x002a14e0,0x002b4120
aug6-retail-0701	4	0x0030b170	FUN_0030b170	376	0x002a1868	s06_0028f780	1	1	1	1	unique_masked_candidate	0x002a1868
aug6-retail-0702	4	0x0030b9cc	FUN_0030b9cc	128	0x002a20c4	s06_0028f780	0	1	0	1	unique_masked_candidate	0x002a20c4
aug6-retail-0703	4	0x0030e088	FUN_0030e088	36	0x002a4818	s06_0028f780	0	1	0	1	unique_masked_candidate	0x002a4818
aug6-retail-0704	4	0x0030e9d8	FUN_0030e9d8	48	0x002a5178	s06_0028f780	1	1	1	1	unique_masked_candidate	0x002a5178
aug6-retail-0705	4	0x0030ea08	FUN_0030ea08	48	0x002a51a8	s06_0028f780	1	1	1	1	unique_masked_candidate	0x002a51a8
aug6-retail-0706	4	0x0030ea38	FUN_0030ea38	48	0x002a51d8	s06_0028f780	1	1	1	1	unique_masked_candidate	0x002a51d8
aug6-retail-0707	4	0x0030eaa8	FUN_0030eaa8	16	0x002a5248	s06_0028f780	1	1	1	1	unique_masked_candidate	0x002a5248
aug6-retail-0708	4	0x0030eab8	FUN_0030eab8	16	0x002a5258	s06_0028f780	1	2	2	1	ambiguous_candidate	0x002a5258,0x002efcf0
aug6-retail-0709	4	0x0030eac8	FUN_0030eac8	40	0x002a5268	s06_0028f780	1	1	1	1	unique_masked_candidate	0x002a5268
aug6-retail-0710	4	0x0030eaf0	FUN_0030eaf0	40	0x002a5290	s06_0028f780	1	1	1	1	unique_masked_candidate	0x002a5290
aug6-retail-0711	4	0x0030eb18	FUN_0030eb18	40	0x002a52b8	s06_0028f780	1	1	1	1	unique_masked_candidate	0x002a52b8
aug6-retail-0712	4	0x0030eb40	FUN_0030eb40	160	0x002a52e0	s06_0028f780	1	1	1	1	unique_masked_candidate	0x002a52e0
aug6-retail-0713	4	0x0030ebe0	FUN_0030ebe0	40	0x002a5380	s06_0028f780	1	1	1	1	unique_masked_candidate	0x002a5380
aug6-retail-0714	4	0x0030ec08	FUN_0030ec08	48	0x002a53a8	s06_0028f780	1	1	1	1	unique_masked_candidate	0x002a53a8
aug6-retail-0715	4	0x0030ec38	FUN_0030ec38	56	0x002a53d8	s06_0028f780	1	1	1	1	unique_masked_candidate	0x002a53d8
aug6-retail-0716	4	0x0030ec70	FUN_0030ec70	40	0x002a5410	s06_0028f780	1	1	1	1	unique_masked_candidate	0x002a5410
aug6-retail-0717	4	0x0030eca0	FUN_0030eca0	32	0x002a5440	s06_0028f780	1	1	1	1	unique_masked_candidate	0x002a5440
aug6-retail-0718	4	0x0030ecc0	FUN_0030ecc0	24	0x002a5460	s06_0028f780	1	1	1	1	unique_masked_candidate	0x002a5460
aug6-retail-0719	4	0x0030ece8	FUN_0030ece8	24	0x002a5488	s06_0028f780	1	1	1	1	unique_masked_candidate	0x002a5488
aug6-retail-0720	4	0x0030ed08	FUN_0030ed08	24	0x002a54a8	s06_0028f780	1	1	1	1	unique_masked_candidate	0x002a54a8
aug6-retail-0721	4	0x0030ed50	FUN_0030ed50	16	0x002a54e0	s06_0028f780	1	1	1	1	unique_masked_candidate	0x002a54e0
aug6-retail-0722	4	0x0030ed70	FUN_0030ed70	16	0x002a54f8	s06_0028f780	1	1	1	1	unique_masked_candidate	0x002a54f8
aug6-retail-0723	4	0x0030ed80	FUN_0030ed80	24	0x002a5508	s06_0028f780	1	1	1	1	unique_masked_candidate	0x002a5508
aug6-retail-0724	4	0x0030ed98	FUN_0030ed98	24	0x002a5520	s06_0028f780	1	1	1	1	unique_masked_candidate	0x002a5520
aug6-retail-0725	4	0x0030edb0	FUN_0030edb0	24	0x002a5538	s06_0028f780	1	1	1	1	unique_masked_candidate	0x002a5538
aug6-retail-0726	4	0x0030edc8	FUN_0030edc8	24	0x002a5550	s06_0028f780	1	1	1	1	unique_masked_candidate	0x002a5550
aug6-retail-0727	4	0x0030ede0	FUN_0030ede0	24	0x002a5568	s06_0028f780	1	1	1	1	unique_masked_candidate	0x002a5568
aug6-retail-0728	4	0x0030edf8	FUN_0030edf8	24	0x002a5580	s06_0028f780	1	1	1	1	unique_masked_candidate	0x002a5580
aug6-retail-0729	4	0x0030ee10	FUN_0030ee10	40	0x002a5598	s06_0028f780	1	1	1	1	unique_masked_candidate	0x002a5598
aug6-retail-0730	4	0x0030ee38	FUN_0030ee38	24	0x002a55c0	s06_0028f780	1	1	1	1	unique_masked_candidate	0x002a55c0
aug6-retail-0731	4	0x0030ee50	FUN_0030ee50	24	0x002a55d8	s06_0028f780	1	1	1	1	unique_masked_candidate	0x002a55d8
aug6-retail-0732	4	0x0030ee68	FUN_0030ee68	24	0x002a55f0	s06_0028f780	1	1	1	1	unique_masked_candidate	0x002a55f0
aug6-retail-0733	4	0x0030ee80	FUN_0030ee80	24	0x002a5620	s06_0028f780	1	1	1	1	unique_masked_candidate	0x002a5620
aug6-retail-0734	4	0x0030ee98	FUN_0030ee98	32	0x002a5638	s06_0028f780	1	1	1	1	unique_masked_candidate	0x002a5638
aug6-retail-0735	4	0x0030eeb8	FUN_0030eeb8	40	0x002a5658	s06_0028f780	1	1	1	1	unique_masked_candidate	0x002a5658
aug6-retail-0736	4	0x0030eee0	FUN_0030eee0	24	0x002a5680	s06_0028f780	1	1	1	1	unique_masked_candidate	0x002a5680
aug6-retail-0737	4	0x0030eef8	FUN_0030eef8	48	0x002a5698	s06_0028f780	1	1	1	1	unique_masked_candidate	0x002a5698
aug6-retail-0738	4	0x0030ef28	FUN_0030ef28	40	0x002a56c8	s06_0028f780	1	1	1	1	unique_masked_candidate	0x002a56c8
aug6-retail-0739	4	0x0030ef50	FUN_0030ef50	32	0x002a56f0	s06_0028f780	1	1	1	1	unique_masked_candidate	0x002a56f0
aug6-retail-0740	4	0x0030ef70	FUN_0030ef70	56	0x002a5710	s06_0028f780	1	1	1	1	unique_masked_candidate	0x002a5710
aug6-retail-0741	4	0x0030efa8	FUN_0030efa8	48	0x002a5748	s06_0028f780	1	1	1	1	unique_masked_candidate	0x002a5748
aug6-retail-0742	4	0x0030efd8	FUN_0030efd8	40	0x002a5778	s06_0028f780	1	1	1	1	unique_masked_candidate	0x002a5778
aug6-retail-0743	4	0x0030f000	FUN_0030f000	72	0x002a57a0	s06_0028f780	1	1	1	1	unique_masked_candidate	0x002a57a0
aug6-retail-0744	4	0x0030f090	FUN_0030f090	80	0x002a57e8	s06_0028f780	1	1	1	1	unique_masked_candidate	0x002a57e8
aug6-retail-0745	4	0x0030f0e0	FUN_0030f0e0	72	0x002a5838	s06_0028f780	1	1	1	1	unique_masked_candidate	0x002a5838
aug6-retail-0746	4	0x0030f128	FUN_0030f128	112	0x002a5880	s06_0028f780	1	1	1	1	unique_masked_candidate	0x002a5880
aug6-retail-0747	4	0x0030f198	FUN_0030f198	104	0x002a58f0	s06_0028f780	1	1	1	1	unique_masked_candidate	0x002a58f0
aug6-retail-0748	4	0x0030f200	FUN_0030f200	112	0x002a5958	s06_0028f780	1	1	1	1	unique_masked_candidate	0x002a5958
aug6-retail-0749	4	0x0030f270	FUN_0030f270	40	0x002a59c8	s06_0028f780	1	1	1	1	unique_masked_candidate	0x002a59c8
aug6-retail-0750	4	0x0030f298	FUN_0030f298	48	0x002a59f0	s06_0028f780	1	1	1	1	unique_masked_candidate	0x002a59f0
aug6-retail-0751	4	0x0030f2c8	FUN_0030f2c8	24	0x002a5a20	s06_0028f780	1	1	1	1	unique_masked_candidate	0x002a5a20
aug6-retail-0752	4	0x0030f2e0	FUN_0030f2e0	40	0x002a5a38	s06_0028f780	1	1	1	1	unique_masked_candidate	0x002a5a38
aug6-retail-0753	4	0x0030f308	FUN_0030f308	24	0x002a5a60	s06_0028f780	1	1	1	1	unique_masked_candidate	0x002a5a60
aug6-retail-0754	4	0x0030f320	FUN_0030f320	72	0x002a5a78	s06_0028f780	1	1	1	1	unique_masked_candidate	0x002a5a78
aug6-retail-0755	4	0x0030f370	FUN_0030f370	48	0x002a5ac8	s06_0028f780	1	1	1	1	unique_masked_candidate	0x002a5ac8
aug6-retail-0756	4	0x0030f3a0	FUN_0030f3a0	24	0x002a5af8	s06_0028f780	1	1	1	1	unique_masked_candidate	0x002a5af8
aug6-retail-0757	4	0x0030f3b8	FUN_0030f3b8	24	0x002a5b10	s06_0028f780	1	1	1	1	unique_masked_candidate	0x002a5b10
aug6-retail-0758	4	0x0030f580	FUN_0030f580	40	0x002a5cd8	s06_0028f780	1	1	1	1	unique_masked_candidate	0x002a5cd8
aug6-retail-0759	4	0x0030f5a8	FUN_0030f5a8	48	0x002a5d00	s06_0028f780	1	1	1	1	unique_masked_candidate	0x002a5d00
aug6-retail-0760	4	0x0030f5d8	FUN_0030f5d8	56	0x002a5d30	s06_0028f780	1	1	1	1	unique_masked_candidate	0x002a5d30
aug6-retail-0761	4	0x0030f610	FUN_0030f610	32	0x002a5d68	s06_0028f780	1	1	1	1	unique_masked_candidate	0x002a5d68
aug6-retail-0762	4	0x0030f630	FUN_0030f630	32	0x002a5d88	s06_0028f780	1	1	1	1	unique_masked_candidate	0x002a5d88
aug6-retail-0763	4	0x0030f650	FUN_0030f650	552	0x002a5da8	s06_0028f780	0	1	0	1	unique_masked_candidate	0x002a5da8
aug6-retail-0764	4	0x0030f878	FUN_0030f878	32	0x002a5fd0	s06_0028f780	1	1	1	1	unique_masked_candidate	0x002a5fd0
aug6-retail-0765	4	0x0030f898	FUN_0030f898	32	0x002a5ff0	s06_0028f780	1	1	1	1	unique_masked_candidate	0x002a5ff0
aug6-retail-0766	4	0x0030f8b8	FUN_0030f8b8	80	0x002a6010	s06_0028f780	1	1	1	1	unique_masked_candidate	0x002a6010
aug6-retail-0767	4	0x0030f958	FUN_0030f958	64	0x002a6060	s06_0028f780	1	1	1	1	unique_masked_candidate	0x002a6060
aug6-retail-0768	4	0x0030f998	FUN_0030f998	80	0x002a60a0	s06_0028f780	1	1	1	1	unique_masked_candidate	0x002a60a0
aug6-retail-0769	4	0x0030f9e8	FUN_0030f9e8	72	0x002a60f0	s06_0028f780	1	1	1	1	unique_masked_candidate	0x002a60f0
aug6-retail-0770	4	0x0030fa30	FUN_0030fa30	72	0x002a6138	s06_0028f780	1	1	1	1	unique_masked_candidate	0x002a6138
aug6-retail-0771	4	0x0030fa78	FUN_0030fa78	64	0x002a6180	s06_0028f780	1	1	1	1	unique_masked_candidate	0x002a6180
aug6-retail-0772	4	0x0030fab8	FUN_0030fab8	136	0x002a61c0	s06_0028f780	1	1	1	1	unique_masked_candidate	0x002a61c0
aug6-retail-0773	4	0x0030fb40	FUN_0030fb40	192	0x002a6248	s06_0028f780	0	1	0	1	unique_masked_candidate	0x002a6248
aug6-retail-0774	4	0x0030fc00	FUN_0030fc00	120	0x002a6308	s06_0028f780	1	1	1	1	unique_masked_candidate	0x002a6308
aug6-retail-0775	4	0x0030fc78	FUN_0030fc78	136	0x002a6380	s06_0028f780	1	1	1	1	unique_masked_candidate	0x002a6380
aug6-retail-0776	4	0x0030fd00	FUN_0030fd00	152	0x002a6408	s06_0028f780	1	1	1	1	unique_masked_candidate	0x002a6408
aug6-retail-0777	4	0x0030fd98	FUN_0030fd98	88	0x002a64a0	s06_0028f780	1	1	1	1	unique_masked_candidate	0x002a64a0
aug6-retail-0778	4	0x0030fdf0	FUN_0030fdf0	80	0x002a64f8	s06_0028f780	1	1	1	1	unique_masked_candidate	0x002a64f8
aug6-retail-0779	4	0x0030fe40	FUN_0030fe40	72	0x002a6548	s06_0028f780	1	1	1	1	unique_masked_candidate	0x002a6548
aug6-retail-0780	4	0x0030fe88	FUN_0030fe88	72	0x002a6590	s06_0028f780	1	1	1	1	unique_masked_candidate	0x002a6590
aug6-retail-0781	4	0x0030ff28	FUN_0030ff28	56	0x002a6650	s06_0028f780	1	1	1	1	unique_masked_candidate	0x002a6650
aug6-retail-0782	4	0x0030ff60	FUN_0030ff60	16	0x002a6688	s06_0028f780	1	1	1	1	unique_masked_candidate	0x002a6688
aug6-retail-0783	4	0x0030ff70	FUN_0030ff70	24	0x002a6698	s06_0028f780	1	1	1	1	unique_masked_candidate	0x002a6698
aug6-retail-0784	4	0x0030ff88	FUN_0030ff88	16	0x002a66b0	s06_0028f780	1	1	1	1	unique_masked_candidate	0x002a66b0
aug6-retail-0785	4	0x0030ff98	FUN_0030ff98	16	0x002a66c0	s06_0028f780	1	1	1	1	unique_masked_candidate	0x002a66c0
aug6-retail-0786	4	0x0030ffa8	FUN_0030ffa8	56	0x002a66d0	s06_0028f780	1	1	1	1	unique_masked_candidate	0x002a66d0
aug6-retail-0787	4	0x0030ffe0	FUN_0030ffe0	72	0x002a6708	s06_0028f780	1	1	1	1	unique_masked_candidate	0x002a6708
aug6-retail-0788	4	0x00310028	FUN_00310028	56	0x002a6750	s06_0028f780	1	1	1	1	unique_masked_candidate	0x002a6750
aug6-retail-0789	4	0x00310158	FUN_00310158	60	0x002a6880	s06_0028f780	0	1	0	1	unique_masked_candidate	0x002a6880
aug6-retail-0790	4	0x00310198	FUN_00310198	248	0x002a68c0	s06_0028f780	0	1	0	1	unique_masked_candidate	0x002a68c0
aug6-retail-0791	4	0x00310290	FUN_00310290	184	0x002a69b8	s06_0028f780	0	1	0	1	unique_masked_candidate	0x002a69b8
aug6-retail-0792	4	0x00314ec8	FUN_00314ec8	28	0x0029c888	s06_0028f780	0	11	0	16	ambiguous_candidate	0x0029c888,0x002a9ec8,0x002d7120,0x002fa690,0x003042e0,0x00345dd8,0x003a7af0,0x00418ad0,0x0041b980,0x0041c858,0x0041c878
aug6-retail-0793	4	0x00317c98	FUN_00317c98	104	0x002d5b68	s06_0028f780	1	1	1	1	unique_masked_candidate	0x002d5b68
aug6-retail-0794	4	0x00317ea8	FUN_00317ea8	252	0x002d5d78	s06_0028f780	1	1	1	1	unique_masked_candidate	0x002d5d78
aug6-retail-0795	4	0x003182b0	FUN_003182b0	28	0x0029c888	s06_0028f780	0	11	0	16	ambiguous_candidate	0x0029c888,0x002a9ec8,0x002d7120,0x002fa690,0x003042e0,0x00345dd8,0x003a7af0,0x00418ad0,0x0041b980,0x0041c858,0x0041c878
aug6-retail-0796	4	0x0031d2d0	FUN_0031d2d0	28	0x0029c888	s06_0028f780	0	11	0	16	ambiguous_candidate	0x0029c888,0x002a9ec8,0x002d7120,0x002fa690,0x003042e0,0x00345dd8,0x003a7af0,0x00418ad0,0x0041b980,0x0041c858,0x0041c878
aug6-retail-0797	4	0x0031d2f0	FUN_0031d2f0	28	0x0029c888	s06_0028f780	0	11	0	16	ambiguous_candidate	0x0029c888,0x002a9ec8,0x002d7120,0x002fa690,0x003042e0,0x00345dd8,0x003a7af0,0x00418ad0,0x0041b980,0x0041c858,0x0041c878
aug6-retail-0798	4	0x0031d310	FUN_0031d310	28	0x0029c888	s06_0028f780	0	11	0	16	ambiguous_candidate	0x0029c888,0x002a9ec8,0x002d7120,0x002fa690,0x003042e0,0x00345dd8,0x003a7af0,0x00418ad0,0x0041b980,0x0041c858,0x0041c878
aug6-retail-0799	4	0x0031d330	FUN_0031d330	28	0x0029c888	s06_0028f780	0	11	0	16	ambiguous_candidate	0x0029c888,0x002a9ec8,0x002d7120,0x002fa690,0x003042e0,0x00345dd8,0x003a7af0,0x00418ad0,0x0041b980,0x0041c858,0x0041c878
aug6-retail-0800	4	0x0031f8b0	FUN_0031f8b0	88	0x002dcd88	s06_0028f780	1	1	1	1	unique_masked_candidate	0x002dcd88
aug6-retail-0801	4	0x0031fb08	FUN_0031fb08	60	0x002dcfe0	s06_0028f780	1	1	1	1	unique_masked_candidate	0x002dcfe0
aug6-retail-0802	4	0x00326fb0	FUN_00326fb0	100	0x002e4a50	s06_0028f780	1	1	1	1	unique_masked_candidate	0x002e4a50
aug6-retail-0803	4	0x00328918	FUN_00328918	280	0x002e5f38	s06_0028f780	1	1	1	1	unique_masked_candidate	0x002e5f38
aug6-retail-0804	4	0x0032c850	FUN_0032c850	56	0x002e9b80	s06_0028f780	1	1	1	1	unique_masked_candidate	0x002e9b80
aug6-retail-0805	4	0x0032e9c0	FUN_0032e9c0	32	0x002eb608	s06_0028f780	1	1	1	1	unique_masked_candidate	0x002eb608
aug6-retail-0806	4	0x0032e9e0	FUN_0032e9e0	56	0x002eb628	s06_0028f780	0	1	0	1	unique_masked_candidate	0x002eb628
aug6-retail-0807	4	0x0032ea18	FUN_0032ea18	160	0x002eb660	s06_0028f780	1	1	1	1	unique_masked_candidate	0x002eb660
aug6-retail-0808	4	0x0032ec38	FUN_0032ec38	320	0x002eb880	s06_0028f780	1	1	1	1	unique_masked_candidate	0x002eb880
aug6-retail-0809	4	0x0032ed78	FUN_0032ed78	312	0x002eb9c0	s06_0028f780	1	1	1	1	unique_masked_candidate	0x002eb9c0
aug6-retail-0810	4	0x0032eeb0	FUN_0032eeb0	736	0x002ebaf8	s06_0028f780	0	1	0	1	unique_masked_candidate	0x002ebaf8
aug6-retail-0811	4	0x0032f180	FUN_0032f180	32	0x002ebdc8	s06_0028f780	1	1	1	1	unique_masked_candidate	0x002ebdc8
aug6-retail-0812	4	0x0032f1a0	FUN_0032f1a0	40	0x002ebde8	s06_0028f780	0	1	0	1	unique_masked_candidate	0x002ebde8
aug6-retail-0813	4	0x0032f1d8	FUN_0032f1d8	360	0x002ebe20	s06_0028f780	1	1	1	1	unique_masked_candidate	0x002ebe20
aug6-retail-0814	4	0x0032f340	FUN_0032f340	128	0x002ebf88	s06_0028f780	1	1	1	1	unique_masked_candidate	0x002ebf88
aug6-retail-0815	4	0x00331be0	FUN_00331be0	116	0x002edd40	s06_0028f780	1	1	1	1	unique_masked_candidate	0x002edd40
aug6-retail-0816	4	0x00332428	FUN_00332428	100	0x002ee588	s06_0028f780	0	1	0	1	unique_masked_candidate	0x002ee588
aug6-retail-0817	4	0x003325e0	FUN_003325e0	120	0x002ee740	s06_0028f780	1	1	1	1	unique_masked_candidate	0x002ee740
aug6-retail-0818	4	0x00332658	FUN_00332658	152	0x002ee7b8	s06_0028f780	0	1	0	1	unique_masked_candidate	0x002ee7b8
aug6-retail-0819	4	0x00332f00	FUN_00332f00	40	0x002ef060	s06_0028f780	0	1	0	1	unique_masked_candidate	0x002ef060
aug6-retail-0820	4	0x00333440	FUN_00333440	32	0x002ef580	s06_0028f780	1	1	1	1	unique_masked_candidate	0x002ef580
aug6-retail-0821	4	0x00333460	FUN_00333460	48	0x002ef5a0	s06_0028f780	1	1	1	1	unique_masked_candidate	0x002ef5a0
aug6-retail-0822	4	0x00333490	FUN_00333490	48	0x002ef5d0	s06_0028f780	1	1	1	1	unique_masked_candidate	0x002ef5d0
aug6-retail-0823	4	0x00334070	FUN_00334070	72	0x002f0200	s06_0028f780	0	1	0	1	unique_masked_candidate	0x002f0200
aug6-retail-0824	4	0x003340b8	FUN_003340b8	1544	0x002f0248	s06_0028f780	0	1	0	1	unique_masked_candidate	0x002f0248
aug6-retail-0825	4	0x003346c0	FUN_003346c0	3348	0x002f0850	s06_0028f780	0	1	0	1	unique_masked_candidate	0x002f0850
aug6-retail-0826	4	0x00336098	FUN_00336098	2136	0x002f2228	s06_0028f780	0	1	0	1	unique_masked_candidate	0x002f2228
aug6-retail-0827	4	0x003382b8	FUN_003382b8	2688	0x002f4420	s06_0028f780	0	1	0	1	unique_masked_candidate	0x002f4420
aug6-retail-0828	4	0x0033b9b0	FUN_0033b9b0	60	0x002f79b8	s06_0028f780	1	1	1	1	unique_masked_candidate	0x002f79b8
aug6-retail-0829	4	0x0033b9f8	FUN_0033b9f8	28	0x002f7a00	s06_0028f780	1	1	1	1	unique_masked_candidate	0x002f7a00
aug6-retail-0830	4	0x0033ba20	FUN_0033ba20	68	0x002f7a28	s06_0028f780	1	1	1	1	unique_masked_candidate	0x002f7a28
aug6-retail-0831	4	0x0033bb18	FUN_0033bb18	92	0x002f7b20	s06_0028f780	0	1	0	1	unique_masked_candidate	0x002f7b20
aug6-retail-0832	4	0x0033bb78	FUN_0033bb78	104	0x002f7b80	s06_0028f780	0	1	0	1	unique_masked_candidate	0x002f7b80
aug6-retail-0833	4	0x0033bbe0	FUN_0033bbe0	68	0x002f7be8	s06_0028f780	0	1	0	1	unique_masked_candidate	0x002f7be8
aug6-retail-0834	4	0x0033bc28	FUN_0033bc28	88	0x002f7c30	s06_0028f780	0	1	0	1	unique_masked_candidate	0x002f7c30
aug6-retail-0835	4	0x0033be10	FUN_0033be10	56	0x002f7e18	s06_0028f780	1	1	1	1	unique_masked_candidate	0x002f7e18
aug6-retail-0836	4	0x0033be48	FUN_0033be48	288	0x002f7e50	s06_0028f780	1	6	6	6	ambiguous_candidate	0x002f7e50,0x0036b178,0x00386260,0x00395990,0x003ad1a0,0x003d5690
aug6-retail-0837	4	0x0033bf68	FUN_0033bf68	148	0x002f7f70	s06_0028f780	0	1	0	1	unique_masked_candidate	0x002f7f70
aug6-retail-0838	4	0x0033c000	FUN_0033c000	124	0x002f8008	s06_0028f780	0	1	0	1	unique_masked_candidate	0x002f8008
aug6-retail-0839	4	0x0033cb88	FUN_0033cb88	120	0x002f8b90	s06_0028f780	1	1	1	1	unique_masked_candidate	0x002f8b90
aug6-retail-0840	4	0x0033d530	FUN_0033d530	56	0x002f9540	s06_0028f780	1	1	1	1	unique_masked_candidate	0x002f9540
aug6-retail-0841	4	0x0033d6f0	FUN_0033d6f0	36	0x002f9700	s06_0028f780	0	1	0	1	unique_masked_candidate	0x002f9700
aug6-retail-0842	4	0x0033d7c0	FUN_0033d7c0	204	0x002f9730	s06_0028f780	1	1	1	1	unique_masked_candidate	0x002f9730
aug6-retail-0843	4	0x0033dab0	FUN_0033dab0	36	0x002f9a20	s06_0028f780	1	1	1	1	unique_masked_candidate	0x002f9a20
aug6-retail-0844	4	0x0033dad8	FUN_0033dad8	44	0x002f9a48	s06_0028f780	0	1	0	1	unique_masked_candidate	0x002f9a48
aug6-retail-0845	4	0x0033db08	FUN_0033db08	36	0x002f9a78	s06_0028f780	1	1	1	1	unique_masked_candidate	0x002f9a78
aug6-retail-0846	4	0x0033e5b8	FUN_0033e5b8	28	0x0029c888	s06_0028f780	0	11	0	16	ambiguous_candidate	0x0029c888,0x002a9ec8,0x002d7120,0x002fa690,0x003042e0,0x00345dd8,0x003a7af0,0x00418ad0,0x0041b980,0x0041c858,0x0041c878
aug6-retail-0847	4	0x0033e5d8	FUN_0033e5d8	28	0x0029c888	s06_0028f780	0	11	0	16	ambiguous_candidate	0x0029c888,0x002a9ec8,0x002d7120,0x002fa690,0x003042e0,0x00345dd8,0x003a7af0,0x00418ad0,0x0041b980,0x0041c858,0x0041c878
aug6-retail-0848	4	0x0033f2a0	FUN_0033f2a0	16	0x002fb298	s06_0028f780	1	1	1	1	unique_masked_candidate	0x002fb298
aug6-retail-0849	4	0x0033f348	FUN_0033f348	68	0x002fb340	s06_0028f780	0	1	0	1	unique_masked_candidate	0x002fb340
aug6-retail-0850	4	0x0033f4e0	FUN_0033f4e0	84	0x002fb4d8	s06_0028f780	0	1	0	1	unique_masked_candidate	0x002fb4d8
aug6-retail-0851	4	0x0033f538	FUN_0033f538	92	0x002fb530	s06_0028f780	0	1	0	1	unique_masked_candidate	0x002fb530
aug6-retail-0852	4	0x00340138	FUN_00340138	92	0x002fc0e8	s06_0028f780	1	1	1	1	unique_masked_candidate	0x002fc0e8
aug6-retail-0853	4	0x003403e8	FUN_003403e8	48	0x002fc398	s06_0028f780	1	1	1	1	unique_masked_candidate	0x002fc398
aug6-retail-0854	4	0x00340420	FUN_00340420	48	0x002fc3d0	s06_0028f780	1	1	1	1	unique_masked_candidate	0x002fc3d0
aug6-retail-0855	4	0x00340e10	FUN_00340e10	88	0x002fce20	s06_0028f780	0	1	0	1	unique_masked_candidate	0x002fce20
aug6-retail-0856	4	0x00340ef8	FUN_00340ef8	16	0x002fcf08	s06_0028f780	1	1	1	1	unique_masked_candidate	0x002fcf08
aug6-retail-0857	4	0x00342d90	FUN_00342d90	48	0x002feef8	s06_0028f780	1	1	1	1	unique_masked_candidate	0x002feef8
aug6-retail-0858	4	0x00343498	FUN_00343498	64	0x002ff5e8	s06_0028f780	0	1	0	1	unique_masked_candidate	0x002ff5e8
aug6-retail-0859	4	0x00344c50	FUN_00344c50	128	0x00300c68	s06_0028f780	0	1	0	1	unique_masked_candidate	0x00300c68
aug6-retail-0860	4	0x00344de8	FUN_00344de8	40	0x00300e00	s06_0028f780	1	1	1	1	unique_masked_candidate	0x00300e00
aug6-retail-0861	4	0x003452f8	FUN_003452f8	44	0x003012c8	s06_0028f780	0	1	0	1	unique_masked_candidate	0x003012c8
aug6-retail-0862	4	0x003461e0	FUN_003461e0	64	0x003021c0	s06_0028f780	1	1	1	1	unique_masked_candidate	0x003021c0
aug6-retail-0863	4	0x00347498	FUN_00347498	44	0x003031f8	s06_0028f780	0	1	0	1	unique_masked_candidate	0x003031f8
aug6-retail-0864	4	0x003474c8	FUN_003474c8	40	0x00303228	s06_0028f780	0	1	0	1	unique_masked_candidate	0x00303228
aug6-retail-0865	4	0x00347640	FUN_00347640	28	0x003033a0	s06_0028f780	0	2	0	4	ambiguous_candidate	0x003033a0,0x00303480
aug6-retail-0866	4	0x00347698	FUN_00347698	28	0x003033a0	s06_0028f780	0	2	0	4	ambiguous_candidate	0x003033a0,0x00303480
aug6-retail-0867	4	0x00347738	FUN_00347738	28	0x003033a0	s06_0028f780	0	2	0	4	ambiguous_candidate	0x003033a0,0x00303480
aug6-retail-0868	4	0x00347d58	FUN_00347d58	56	0x00303aa0	s06_0028f780	0	1	0	1	unique_masked_candidate	0x00303aa0
aug6-retail-0869	4	0x00348878	FUN_00348878	28	0x0029c888	s06_0028f780	0	11	0	16	ambiguous_candidate	0x0029c888,0x002a9ec8,0x002d7120,0x002fa690,0x003042e0,0x00345dd8,0x003a7af0,0x00418ad0,0x0041b980,0x0041c858,0x0041c878
aug6-retail-0870	4	0x0034c458	FUN_0034c458	40	0x00307c80	s06_0028f780	1	1	1	1	unique_masked_candidate	0x00307c80
aug6-retail-0871	4	0x0034c480	FUN_0034c480	36	0x00307ca8	s06_0028f780	1	1	1	1	unique_masked_candidate	0x00307ca8
aug6-retail-0872	4	0x0034c4a8	FUN_0034c4a8	32	0x00307cd0	s06_0028f780	1	1	1	1	unique_masked_candidate	0x00307cd0
aug6-retail-0873	4	0x0034eb40	FUN_0034eb40	28	0x00309098	s06_0028f780	0	1	0	1	unique_masked_candidate	0x00309098
aug6-retail-0874	4	0x0034f978	FUN_0034f978	100	0x00309ef8	s06_0028f780	0	1	0	1	unique_masked_candidate	0x00309ef8
aug6-retail-0875	4	0x00351ec8	FUN_00351ec8	36	0x0030c2b8	s06_0028f780	0	1	0	1	unique_masked_candidate	0x0030c2b8
aug6-retail-0876	4	0x003527f8	FUN_003527f8	100	0x0030cbb8	s06_0028f780	1	1	1	1	unique_masked_candidate	0x0030cbb8
aug6-retail-0877	4	0x00353fb8	FUN_00353fb8	152	0x0030e340	s06_0028f780	1	1	1	1	unique_masked_candidate	0x0030e340
aug6-retail-0878	4	0x0035f058	FUN_0035f058	96	0x00319ce0	s06_0028f780	0	1	0	1	unique_masked_candidate	0x00319ce0
aug6-retail-0879	4	0x0035f568	FUN_0035f568	60	0x0031a1f0	s06_0028f780	0	1	0	1	unique_masked_candidate	0x0031a1f0
aug6-retail-0880	4	0x00366948	FUN_00366948	60	0x00320260	s06_0028f780	1	1	1	1	unique_masked_candidate	0x00320260
aug6-retail-0881	4	0x00366988	FUN_00366988	60	0x003202a0	s06_0028f780	1	1	1	1	unique_masked_candidate	0x003202a0
aug6-retail-0882	4	0x00368398	FUN_00368398	36	0x00321c78	s06_0028f780	1	1	1	1	unique_masked_candidate	0x00321c78
aug6-retail-0883	4	0x0036a0d0	FUN_0036a0d0	48	0x00323ab0	s06_0028f780	0	12	0	20	ambiguous_candidate	0x00323ab0,0x00323ce0,0x00323db0,0x00323ea8,0x00324000,0x003240d0,0x00324188,0x00324240,0x003242f8,0x003245a8,0x00324660,0x003247a0
aug6-retail-0884	4	0x0036a4d0	FUN_0036a4d0	48	0x00323ab0	s06_0028f780	0	12	0	20	ambiguous_candidate	0x00323ab0,0x00323ce0,0x00323db0,0x00323ea8,0x00324000,0x003240d0,0x00324188,0x00324240,0x003242f8,0x003245a8,0x00324660,0x003247a0
aug6-retail-0885	4	0x0036a5a0	FUN_0036a5a0	48	0x00323ab0	s06_0028f780	0	12	0	20	ambiguous_candidate	0x00323ab0,0x00323ce0,0x00323db0,0x00323ea8,0x00324000,0x003240d0,0x00324188,0x00324240,0x003242f8,0x003245a8,0x00324660,0x003247a0
aug6-retail-0886	4	0x0036a770	FUN_0036a770	48	0x00323ab0	s06_0028f780	0	12	0	20	ambiguous_candidate	0x00323ab0,0x00323ce0,0x00323db0,0x00323ea8,0x00324000,0x003240d0,0x00324188,0x00324240,0x003242f8,0x003245a8,0x00324660,0x003247a0
aug6-retail-0887	4	0x0036fab0	FUN_0036fab0	48	0x00323ab0	s06_0028f780	0	12	0	20	ambiguous_candidate	0x00323ab0,0x00323ce0,0x00323db0,0x00323ea8,0x00324000,0x003240d0,0x00324188,0x00324240,0x003242f8,0x003245a8,0x00324660,0x003247a0
aug6-retail-0888	4	0x0036fb68	FUN_0036fb68	48	0x00323ab0	s06_0028f780	0	12	0	20	ambiguous_candidate	0x00323ab0,0x00323ce0,0x00323db0,0x00323ea8,0x00324000,0x003240d0,0x00324188,0x00324240,0x003242f8,0x003245a8,0x00324660,0x003247a0
aug6-retail-0889	4	0x0036fcd8	FUN_0036fcd8	48	0x00323ab0	s06_0028f780	0	12	0	20	ambiguous_candidate	0x00323ab0,0x00323ce0,0x00323db0,0x00323ea8,0x00324000,0x003240d0,0x00324188,0x00324240,0x003242f8,0x003245a8,0x00324660,0x003247a0
aug6-retail-0890	4	0x0036fd90	FUN_0036fd90	48	0x00323ab0	s06_0028f780	0	12	0	20	ambiguous_candidate	0x00323ab0,0x00323ce0,0x00323db0,0x00323ea8,0x00324000,0x003240d0,0x00324188,0x00324240,0x003242f8,0x003245a8,0x00324660,0x003247a0
aug6-retail-0891	4	0x0036fe48	FUN_0036fe48	48	0x00323ab0	s06_0028f780	0	12	0	20	ambiguous_candidate	0x00323ab0,0x00323ce0,0x00323db0,0x00323ea8,0x00324000,0x003240d0,0x00324188,0x00324240,0x003242f8,0x003245a8,0x00324660,0x003247a0
aug6-retail-0892	4	0x0036ff00	FUN_0036ff00	48	0x00323ab0	s06_0028f780	0	12	0	20	ambiguous_candidate	0x00323ab0,0x00323ce0,0x00323db0,0x00323ea8,0x00324000,0x003240d0,0x00324188,0x00324240,0x003242f8,0x003245a8,0x00324660,0x003247a0
aug6-retail-0893	4	0x0036ffb8	FUN_0036ffb8	48	0x00323ab0	s06_0028f780	0	12	0	20	ambiguous_candidate	0x00323ab0,0x00323ce0,0x00323db0,0x00323ea8,0x00324000,0x003240d0,0x00324188,0x00324240,0x003242f8,0x003245a8,0x00324660,0x003247a0
aug6-retail-0894	4	0x00370088	FUN_00370088	48	0x00323ab0	s06_0028f780	0	12	0	20	ambiguous_candidate	0x00323ab0,0x00323ce0,0x00323db0,0x00323ea8,0x00324000,0x003240d0,0x00324188,0x00324240,0x003242f8,0x003245a8,0x00324660,0x003247a0
aug6-retail-0895	4	0x00370140	FUN_00370140	48	0x00323ab0	s06_0028f780	0	12	0	20	ambiguous_candidate	0x00323ab0,0x00323ce0,0x00323db0,0x00323ea8,0x00324000,0x003240d0,0x00324188,0x00324240,0x003242f8,0x003245a8,0x00324660,0x003247a0
aug6-retail-0896	4	0x00370240	FUN_00370240	48	0x00323ab0	s06_0028f780	0	12	0	20	ambiguous_candidate	0x00323ab0,0x00323ce0,0x00323db0,0x00323ea8,0x00324000,0x003240d0,0x00324188,0x00324240,0x003242f8,0x003245a8,0x00324660,0x003247a0
aug6-retail-0897	4	0x00370338	FUN_00370338	48	0x00323ab0	s06_0028f780	0	12	0	20	ambiguous_candidate	0x00323ab0,0x00323ce0,0x00323db0,0x00323ea8,0x00324000,0x003240d0,0x00324188,0x00324240,0x003242f8,0x003245a8,0x00324660,0x003247a0
aug6-retail-0898	4	0x003723f0	FUN_003723f0	48	0x00323ab0	s06_0028f780	0	12	0	20	ambiguous_candidate	0x00323ab0,0x00323ce0,0x00323db0,0x00323ea8,0x00324000,0x003240d0,0x00324188,0x00324240,0x003242f8,0x003245a8,0x00324660,0x003247a0
aug6-retail-0899	4	0x003725c8	FUN_003725c8	48	0x00323ab0	s06_0028f780	0	12	0	20	ambiguous_candidate	0x00323ab0,0x00323ce0,0x00323db0,0x00323ea8,0x00324000,0x003240d0,0x00324188,0x00324240,0x003242f8,0x003245a8,0x00324660,0x003247a0
aug6-retail-0900	4	0x00372720	FUN_00372720	48	0x00323ab0	s06_0028f780	0	12	0	20	ambiguous_candidate	0x00323ab0,0x00323ce0,0x00323db0,0x00323ea8,0x00324000,0x003240d0,0x00324188,0x00324240,0x003242f8,0x003245a8,0x00324660,0x003247a0
aug6-retail-0901	4	0x003727d0	FUN_003727d0	48	0x00323ab0	s06_0028f780	0	12	0	20	ambiguous_candidate	0x00323ab0,0x00323ce0,0x00323db0,0x00323ea8,0x00324000,0x003240d0,0x00324188,0x00324240,0x003242f8,0x003245a8,0x00324660,0x003247a0
aug6-retail-0902	4	0x003729b8	FUN_003729b8	48	0x00323ab0	s06_0028f780	0	12	0	20	ambiguous_candidate	0x00323ab0,0x00323ce0,0x00323db0,0x00323ea8,0x00324000,0x003240d0,0x00324188,0x00324240,0x003242f8,0x003245a8,0x00324660,0x003247a0
aug6-retail-0903	4	0x00372ce8	FUN_00372ce8	56	0x00324a30	s06_0028f780	0	1	0	1	unique_masked_candidate	0x00324a30
aug6-retail-0904	4	0x00372d20	FUN_00372d20	36	0x00324a68	s06_0028f780	0	1	0	1	unique_masked_candidate	0x00324a68
aug6-retail-0905	4	0x00372d48	FUN_00372d48	40	0x00324a90	s06_0028f780	0	1	0	1	unique_masked_candidate	0x00324a90
aug6-retail-0906	4	0x00374990	FUN_00374990	32	0x003264d8	s06_0028f780	0	1	0	1	unique_masked_candidate	0x003264d8
aug6-retail-0907	4	0x00378980	FUN_00378980	56	0x00329798	s06_0028f780	0	1	0	1	unique_masked_candidate	0x00329798
aug6-retail-0908	4	0x0037b6c0	FUN_0037b6c0	64	0x0032c550	s06_0028f780	1	1	1	1	unique_masked_candidate	0x0032c550
aug6-retail-0909	4	0x0038af30	FUN_0038af30	36	0x00339978	s06_0028f780	1	1	1	1	unique_masked_candidate	0x00339978
aug6-retail-0910	4	0x0038bf50	FUN_0038bf50	40	0x0033a6d8	s06_0028f780	0	1	0	1	unique_masked_candidate	0x0033a6d8
aug6-retail-0911	4	0x0038d8c0	FUN_0038d8c0	364	0x0033bdc0	s06_0028f780	0	1	0	1	unique_masked_candidate	0x0033bdc0
aug6-retail-0912	4	0x0038f820	FUN_0038f820	40	0x0033dd10	s06_0028f780	1	3	3	3	ambiguous_candidate	0x0033dd10,0x0033e8bc,0x0033f184
aug6-retail-0913	4	0x003903a4	FUN_003903a4	40	0x0033e894	s06_0028f780	1	3	3	3	ambiguous_candidate	0x0033e894,0x0033f15c,0x00340e28
aug6-retail-0914	4	0x003903cc	FUN_003903cc	40	0x0033dd10	s06_0028f780	1	3	3	3	ambiguous_candidate	0x0033dd10,0x0033e8bc,0x0033f184
aug6-retail-0915	4	0x00390c6c	FUN_00390c6c	40	0x0033e894	s06_0028f780	1	3	3	3	ambiguous_candidate	0x0033e894,0x0033f15c,0x00340e28
aug6-retail-0916	4	0x00390c94	FUN_00390c94	40	0x0033dd10	s06_0028f780	1	3	3	3	ambiguous_candidate	0x0033dd10,0x0033e8bc,0x0033f184
aug6-retail-0917	4	0x003916b8	FUN_003916b8	40	0x0033fba8	s06_0028f780	1	1	1	1	unique_masked_candidate	0x0033fba8
aug6-retail-0918	4	0x003916e0	FUN_003916e0	288	0x0033fbd0	s06_0028f780	0	1	0	1	unique_masked_candidate	0x0033fbd0
aug6-retail-0919	4	0x00391800	FUN_00391800	56	0x0033fcf0	s06_0028f780	1	1	1	1	unique_masked_candidate	0x0033fcf0
aug6-retail-0920	4	0x00392938	FUN_00392938	40	0x0033e894	s06_0028f780	1	3	3	3	ambiguous_candidate	0x0033e894,0x0033f15c,0x00340e28
aug6-retail-0921	4	0x003985c8	FUN_003985c8	28	0x0029c888	s06_0028f780	0	11	0	16	ambiguous_candidate	0x0029c888,0x002a9ec8,0x002d7120,0x002fa690,0x003042e0,0x00345dd8,0x003a7af0,0x00418ad0,0x0041b980,0x0041c858,0x0041c878
aug6-retail-0922	4	0x003a02a0	FUN_003a02a0	28	0x0034c950	s06_0028f780	0	1	0	1	unique_masked_candidate	0x0034c950
aug6-retail-0923	4	0x003a14b8	FUN_003a14b8	132	0x0034db80	s06_0028f780	1	1	1	1	unique_masked_candidate	0x0034db80
aug6-retail-0924	4	0x003a1540	FUN_003a1540	56	0x0034dc08	s06_0028f780	1	1	1	1	unique_masked_candidate	0x0034dc08
aug6-retail-0925	4	0x003a1578	FUN_003a1578	68	0x0034dc40	s06_0028f780	1	1	1	1	unique_masked_candidate	0x0034dc40
aug6-retail-0926	4	0x003a1a48	FUN_003a1a48	44	0x0034e0e8	s06_0028f780	1	1	1	1	unique_masked_candidate	0x0034e0e8
aug6-retail-0927	4	0x003a42e0	FUN_003a42e0	44	0x002a14e0	s06_0028f780	0	2	0	3	ambiguous_candidate	0x002a14e0,0x002b4120
aug6-retail-0928	4	0x003a7cd8	FUN_003a7cd8	48	0x003544f8	s06_0028f780	0	1	0	1	unique_masked_candidate	0x003544f8
aug6-retail-0929	4	0x003a8518	FUN_003a8518	28	0x0029c888	s06_0028f780	0	11	0	16	ambiguous_candidate	0x0029c888,0x002a9ec8,0x002d7120,0x002fa690,0x003042e0,0x00345dd8,0x003a7af0,0x00418ad0,0x0041b980,0x0041c858,0x0041c878
aug6-retail-0930	4	0x003acef8	FUN_003acef8	144	0x00383f90	s06_0028f780	1	4	4	2	ambiguous_candidate	0x00383f90,0x00390e70,0x00393ac8,0x003effc0
aug6-retail-0931	4	0x003af580	FUN_003af580	144	0x00383f90	s06_0028f780	1	4	4	2	ambiguous_candidate	0x00383f90,0x00390e70,0x00393ac8,0x003effc0
aug6-retail-0932	4	0x003c2878	FUN_003c2878	16	0x003625c0	s06_0028f780	1	1	1	1	unique_masked_candidate	0x003625c0
aug6-retail-0933	4	0x003c4ba0	UpdateMoby_775	76	0x00364760	s06_0028f780	0	1	0	1	unique_masked_candidate	0x00364760
aug6-retail-0934	4	0x003c5100	FUN_003c5100	16	0x00364c70	s06_0028f780	1	1	1	1	unique_masked_candidate	0x00364c70
aug6-retail-0935	4	0x003c9a00	FUN_003c9a00	288	0x002f7e50	s06_0028f780	1	6	6	6	ambiguous_candidate	0x002f7e50,0x0036b178,0x00386260,0x00395990,0x003ad1a0,0x003d5690
aug6-retail-0936	4	0x003ca510	FUN_003ca510	144	0x0036c440	s06_0028f780	1	2	2	2	ambiguous_candidate	0x0036c440,0x003add98
aug6-retail-0937	4	0x003d93f0	FUN_003d93f0	44	0x003e9000	s06_0028f780	1	1	1	1	unique_masked_candidate	0x003e9000
aug6-retail-0938	4	0x003da2e8	FUN_003da2e8	136	0x00395908	s06_0028f780	1	9	9	10	ambiguous_candidate	0x00395908,0x0039f6e8,0x003a41d0,0x003aa268,0x003b50b0,0x003b6630,0x003d5608,0x003de2b0,0x003e9f18
aug6-retail-0939	4	0x003e7e48	UpdateMoby_2384	28	0x00382c78	s06_0028f780	0	1	0	1	unique_masked_candidate	0x00382c78
aug6-retail-0940	4	0x003e9a40	FUN_003e9a40	136	0x00395908	s06_0028f780	1	9	9	10	ambiguous_candidate	0x00395908,0x0039f6e8,0x003a41d0,0x003aa268,0x003b50b0,0x003b6630,0x003d5608,0x003de2b0,0x003e9f18
aug6-retail-0941	4	0x003e9ac8	FUN_003e9ac8	288	0x002f7e50	s06_0028f780	1	6	6	6	ambiguous_candidate	0x002f7e50,0x0036b178,0x00386260,0x00395990,0x003ad1a0,0x003d5690
aug6-retail-0942	4	0x003eefa0	FUN_003eefa0	40	0x0038cef8	s06_0028f780	1	1	1	1	unique_masked_candidate	0x0038cef8
aug6-retail-0943	4	0x003f7ac8	FUN_003f7ac8	136	0x00395908	s06_0028f780	1	9	9	10	ambiguous_candidate	0x00395908,0x0039f6e8,0x003a41d0,0x003aa268,0x003b50b0,0x003b6630,0x003d5608,0x003de2b0,0x003e9f18
aug6-retail-0944	4	0x003f7b50	FUN_003f7b50	288	0x002f7e50	s06_0028f780	1	6	6	6	ambiguous_candidate	0x002f7e50,0x0036b178,0x00386260,0x00395990,0x003ad1a0,0x003d5690
aug6-retail-0945	4	0x00406168	FUN_00406168	136	0x00395908	s06_0028f780	1	9	9	10	ambiguous_candidate	0x00395908,0x0039f6e8,0x003a41d0,0x003aa268,0x003b50b0,0x003b6630,0x003d5608,0x003de2b0,0x003e9f18
aug6-retail-0946	4	0x0041b7c8	FUN_0041b7c8	136	0x00395908	s06_0028f780	1	9	9	10	ambiguous_candidate	0x00395908,0x0039f6e8,0x003a41d0,0x003aa268,0x003b50b0,0x003b6630,0x003d5608,0x003de2b0,0x003e9f18
aug6-retail-0947	4	0x0041f428	UpdateMoby_3077	28	0x0029c888	s06_0028f780	0	11	0	16	ambiguous_candidate	0x0029c888,0x002a9ec8,0x002d7120,0x002fa690,0x003042e0,0x00345dd8,0x003a7af0,0x00418ad0,0x0041b980,0x0041c858,0x0041c878
aug6-retail-0948	4	0x00421aa8	FUN_00421aa8	136	0x00395908	s06_0028f780	1	9	9	10	ambiguous_candidate	0x00395908,0x0039f6e8,0x003a41d0,0x003aa268,0x003b50b0,0x003b6630,0x003d5608,0x003de2b0,0x003e9f18
aug6-retail-0949	4	0x004252c8	FUN_004252c8	288	0x002f7e50	s06_0028f780	1	6	6	6	ambiguous_candidate	0x002f7e50,0x0036b178,0x00386260,0x00395990,0x003ad1a0,0x003d5690
aug6-retail-0950	4	0x00425dd8	FUN_00425dd8	144	0x0036c440	s06_0028f780	1	2	2	2	ambiguous_candidate	0x0036c440,0x003add98
aug6-retail-0951	4	0x004264b0	FUN_004264b0	104	0x00368be0	s06_0028f780	1	2	2	2	ambiguous_candidate	0x00368be0,0x003ae5a0
aug6-retail-0952	4	0x0042bcb0	FUN_0042bcb0	136	0x00395908	s06_0028f780	1	9	9	10	ambiguous_candidate	0x00395908,0x0039f6e8,0x003a41d0,0x003aa268,0x003b50b0,0x003b6630,0x003d5608,0x003de2b0,0x003e9f18
aug6-retail-0953	4	0x0042d178	FUN_0042d178	136	0x00395908	s06_0028f780	1	9	9	10	ambiguous_candidate	0x00395908,0x0039f6e8,0x003a41d0,0x003aa268,0x003b50b0,0x003b6630,0x003d5608,0x003de2b0,0x003e9f18
aug6-retail-0954	4	0x0042e888	FUN_0042e888	64	0x003b7d78	s06_0028f780	1	1	1	1	unique_masked_candidate	0x003b7d78
aug6-retail-0955	4	0x00453e18	FUN_00453e18	136	0x00395908	s06_0028f780	1	9	9	10	ambiguous_candidate	0x00395908,0x0039f6e8,0x003a41d0,0x003aa268,0x003b50b0,0x003b6630,0x003d5608,0x003de2b0,0x003e9f18
aug6-retail-0956	4	0x00453ea0	FUN_00453ea0	288	0x002f7e50	s06_0028f780	1	6	6	6	ambiguous_candidate	0x002f7e50,0x0036b178,0x00386260,0x00395990,0x003ad1a0,0x003d5690
aug6-retail-0957	4	0x00455418	FUN_00455418	220	0x003d6de0	s06_0028f780	0	1	0	1	unique_masked_candidate	0x003d6de0
aug6-retail-0958	4	0x004554f8	FUN_004554f8	36	0x003d6ec0	s06_0028f780	1	1	1	1	unique_masked_candidate	0x003d6ec0
aug6-retail-0959	4	0x0045ab78	FUN_0045ab78	136	0x00395908	s06_0028f780	1	9	9	10	ambiguous_candidate	0x00395908,0x0039f6e8,0x003a41d0,0x003aa268,0x003b50b0,0x003b6630,0x003d5608,0x003de2b0,0x003e9f18
aug6-retail-0960	4	0x0045d468	FUN_0045d468	104	0x00368be0	s06_0028f780	1	2	2	2	ambiguous_candidate	0x00368be0,0x003ae5a0
aug6-retail-0961	4	0x0045d4d0	FUN_0045d4d0	112	0x00368c48	s06_0028f780	1	1	1	1	unique_masked_candidate	0x00368c48
aug6-retail-0962	4	0x00462a10	FUN_00462a10	44	0x00411430	s06_0028f780	0	1	0	1	unique_masked_candidate	0x00411430
aug6-retail-0963	4	0x00466120	FUN_00466120	16	0x00414638	s06_0028f780	1	1	1	1	unique_masked_candidate	0x00414638
aug6-retail-0964	4	0x0046aad0	UpdateCamera_6	28	0x0029c888	s06_0028f780	0	11	0	16	ambiguous_candidate	0x0029c888,0x002a9ec8,0x002d7120,0x002fa690,0x003042e0,0x00345dd8,0x003a7af0,0x00418ad0,0x0041b980,0x0041c858,0x0041c878
aug6-retail-0965	4	0x0046de88	FUN_0046de88	28	0x0029c888	s06_0028f780	0	11	0	16	ambiguous_candidate	0x0029c888,0x002a9ec8,0x002d7120,0x002fa690,0x003042e0,0x00345dd8,0x003a7af0,0x00418ad0,0x0041b980,0x0041c858,0x0041c878
aug6-retail-0966	4	0x0046ed58	FUN_0046ed58	28	0x0029c888	s06_0028f780	0	11	0	16	ambiguous_candidate	0x0029c888,0x002a9ec8,0x002d7120,0x002fa690,0x003042e0,0x00345dd8,0x003a7af0,0x00418ad0,0x0041b980,0x0041c858,0x0041c878
aug6-retail-0967	4	0x0046ee30	FUN_0046ee30	36	0x0041c950	s06_0028f780	1	1	1	1	unique_masked_candidate	0x0041c950
aug6-retail-0968	4	0x0046ee60	FUN_0046ee60	32	0x0041c980	s06_0028f780	1	1	1	1	unique_masked_candidate	0x0041c980
aug6-retail-0969	4	0x0046ee80	FUN_0046ee80	40	0x0041c9a0	s06_0028f780	1	1	1	1	unique_masked_candidate	0x0041c9a0
aug6-retail-0970	4	0x0046ef80	FUN_0046ef80	36	0x0041caa0	s06_0028f780	1	1	1	1	unique_masked_candidate	0x0041caa0
aug6-retail-0971	4	0x0046f490	FUN_0046f490	20	0x0041cfb0	s06_0028f780	1	1	1	1	unique_masked_candidate	0x0041cfb0
aug6-retail-0972	4	0x0046f4a8	FUN_0046f4a8	20	0x0041cfc8	s06_0028f780	1	1	1	1	unique_masked_candidate	0x0041cfc8
aug6-retail-0973	4	0x0046f4c0	FUN_0046f4c0	60	0x0041cfe0	s06_0028f780	1	1	1	1	unique_masked_candidate	0x0041cfe0
aug6-retail-0974	4	0x0046f500	FUN_0046f500	60	0x0041d020	s06_0028f780	1	1	1	1	unique_masked_candidate	0x0041d020
aug6-retail-0975	4	0x0046f918	FUN_0046f918	44	0x0041d408	s06_0028f780	1	1	1	1	unique_masked_candidate	0x0041d408
aug6-retail-0976	4	0x0046f948	FUN_0046f948	24	0x0041d438	s06_0028f780	1	1	1	1	unique_masked_candidate	0x0041d438
aug6-retail-0977	4	0x0046fa38	FUN_0046fa38	44	0x0041d528	s06_0028f780	0	1	0	1	unique_masked_candidate	0x0041d528
aug6-retail-0978	4	0x0046fb90	FUN_0046fb90	296	0x0041d680	s06_0028f780	1	1	1	1	unique_masked_candidate	0x0041d680
aug6-retail-0979	4	0x0046fcc0	FUN_0046fcc0	24	0x0041d7b0	s06_0028f780	1	1	1	1	unique_masked_candidate	0x0041d7b0
aug6-retail-0980	4	0x0046fd48	FUN_0046fd48	80	0x0041d838	s06_0028f780	1	1	1	1	unique_masked_candidate	0x0041d838
aug6-retail-0981	4	0x0046fec8	FUN_0046fec8	28	0x0041d9b8	s06_0028f780	1	1	1	1	unique_masked_candidate	0x0041d9b8
aug6-retail-0982	4	0x00472770	FUN_00472770	28	0x00421df0	s06_0028f780	0	1	0	2	ambiguous_candidate	0x00421df0
aug6-retail-0983	4	0x004739d0	FUN_004739d0	16	0x00420940	s06_0028f780	1	1	1	1	unique_masked_candidate	0x00420940
aug6-retail-0984	4	0x004739e0	FUN_004739e0	24	0x00420950	s06_0028f780	1	1	1	1	unique_masked_candidate	0x00420950
aug6-retail-0985	4	0x00474018	FUN_00474018	20	0x00420de0	s06_0028f780	1	2	2	2	ambiguous_candidate	0x00420de0,0x004252f0
aug6-retail-0986	4	0x00477620	FUN_00477620	28	0x00421df0	s06_0028f780	0	1	0	2	ambiguous_candidate	0x00421df0
aug6-retail-0987	4	0x0047aa48	FUN_0047aa48	28	0x00424e18	s06_0028f780	0	1	0	1	unique_masked_candidate	0x00424e18
aug6-retail-0988	4	0x0047aa68	FUN_0047aa68	28	0x00424e38	s06_0028f780	0	1	0	1	unique_masked_candidate	0x00424e38
aug6-retail-0989	4	0x0047ae90	FUN_0047ae90	28	0x003033a0	s06_0028f780	0	2	0	4	ambiguous_candidate	0x003033a0,0x00303480
aug6-retail-0990	4	0x0047c040	FUN_0047c040	20	0x00420de0	s06_0028f780	1	2	2	2	ambiguous_candidate	0x00420de0,0x004252f0
aug6-retail-0991	4	0x00481068	FUN_00481068	108	0x00429658	s06_0028f780	1	1	1	1	unique_masked_candidate	0x00429658
aug6-retail-0992	4	0x004810f0	FUN_004810f0	36	0x004296d8	s06_0028f780	1	1	1	1	unique_masked_candidate	0x004296d8
aug6-retail-0993	4	0x00482498	FUN_00482498	52	0x0042a600	s06_0028f780	1	1	1	1	unique_masked_candidate	0x0042a600
aug6-retail-0994	4	0x004825a0	FUN_004825a0	20	0x0042a708	s06_0028f780	1	1	1	1	unique_masked_candidate	0x0042a708
aug6-retail-0995	4	0x004825d8	FUN_004825d8	52	0x0042a740	s06_0028f780	1	1	1	1	unique_masked_candidate	0x0042a740
aug6-retail-0996	4	0x00482610	FUN_00482610	24	0x0042a778	s06_0028f780	1	1	1	1	unique_masked_candidate	0x0042a778
aug6-retail-0997	4	0x00482630	FUN_00482630	60	0x0042a798	s06_0028f780	1	1	1	1	unique_masked_candidate	0x0042a798
aug6-retail-0998	4	0x00482918	FUN_00482918	80	0x0042aa80	s06_0028f780	1	1	1	1	unique_masked_candidate	0x0042aa80
aug6-retail-0999	4	0x00482a60	FUN_00482a60	16	0x0042abc8	s06_0028f780	1	1	1	1	unique_masked_candidate	0x0042abc8
aug6-retail-1000	4	0x00482a70	FUN_00482a70	52	0x0042abd8	s06_0028f780	1	1	1	1	unique_masked_candidate	0x0042abd8
aug6-retail-1001	4	0x00482aa8	FUN_00482aa8	16	0x0042ac10	s06_0028f780	1	1	1	1	unique_masked_candidate	0x0042ac10
aug6-retail-1002	4	0x00482ab8	FUN_00482ab8	40	0x0042ac20	s06_0028f780	1	1	1	1	unique_masked_candidate	0x0042ac20
aug6-retail-1003	4	0x00482ae0	FUN_00482ae0	52	0x0042ac48	s06_0028f780	1	1	1	1	unique_masked_candidate	0x0042ac48
aug6-retail-1004	4	0x00483fe8	FUN_00483fe8	20	0x0042bf60	s06_0028f780	1	1	1	1	unique_masked_candidate	0x0042bf60
aug6-retail-1005	4	0x004883c8	FUN_004883c8	28	0x0042ffc0	s06_0028f780	1	1	1	1	unique_masked_candidate	0x0042ffc0
aug6-retail-1006	4	0x004888a8	FUN_004888a8	32	0x004304a0	s06_0028f780	0	2	0	2	ambiguous_candidate	0x004304a0,0x00432440
aug6-retail-1007	4	0x00488970	FUN_00488970	208	0x00430568	s06_0028f780	1	1	1	1	unique_masked_candidate	0x00430568
aug6-retail-1008	4	0x00488a40	FUN_00488a40	180	0x00430638	s06_0028f780	1	1	1	1	unique_masked_candidate	0x00430638
aug6-retail-1009	4	0x00488af8	FUN_00488af8	16	0x004306f0	s06_0028f780	1	1	1	1	unique_masked_candidate	0x004306f0
aug6-retail-1010	4	0x00488b08	FUN_00488b08	36	0x00430700	s06_0028f780	0	1	0	1	unique_masked_candidate	0x00430700
aug6-retail-1011	4	0x004895a0	FUN_004895a0	24	0x004311a8	s06_0028f780	1	1	1	1	unique_masked_candidate	0x004311a8
aug6-retail-1012	4	0x004895c0	FUN_004895c0	48	0x004311c8	s06_0028f780	1	1	1	1	unique_masked_candidate	0x004311c8
aug6-retail-1013	4	0x004895f0	FUN_004895f0	68	0x004311f8	s06_0028f780	1	1	1	1	unique_masked_candidate	0x004311f8
aug6-retail-1014	4	0x00489638	FUN_00489638	72	0x00431240	s06_0028f780	1	1	1	1	unique_masked_candidate	0x00431240
aug6-retail-1015	4	0x00489680	FUN_00489680	36	0x00431288	s06_0028f780	1	1	1	1	unique_masked_candidate	0x00431288
aug6-retail-1016	4	0x004896a8	FUN_004896a8	16	0x004312b0	s06_0028f780	1	1	1	1	unique_masked_candidate	0x004312b0
aug6-retail-1017	4	0x00489760	FUN_00489760	68	0x00431368	s06_0028f780	1	1	1	1	unique_masked_candidate	0x00431368
aug6-retail-1018	4	0x00489888	FUN_00489888	36	0x00431490	s06_0028f780	1	1	1	1	unique_masked_candidate	0x00431490
aug6-retail-1019	4	0x0048a320	FUN_0048a320	340	0x00431f28	s06_0028f780	1	1	1	1	unique_masked_candidate	0x00431f28
aug6-retail-1020	4	0x0048a838	FUN_0048a838	32	0x004304a0	s06_0028f780	0	2	0	2	ambiguous_candidate	0x004304a0,0x00432440
aug6-retail-1021	4	0x0048a858	FUN_0048a858	28	0x00432460	s06_0028f780	0	3	0	3	ambiguous_candidate	0x00432460,0x00432480,0x00432550
aug6-retail-1022	4	0x0048a878	FUN_0048a878	28	0x00432460	s06_0028f780	0	3	0	3	ambiguous_candidate	0x00432460,0x00432480,0x00432550
aug6-retail-1023	4	0x0048a948	FUN_0048a948	28	0x00432460	s06_0028f780	0	3	0	3	ambiguous_candidate	0x00432460,0x00432480,0x00432550
aug6-retail-1024	4	0x0048adf8	FUN_0048adf8	88	0x00432a00	s06_0028f780	1	1	1	1	unique_masked_candidate	0x00432a00
aug6-retail-1025	4	0x0048ae58	FUN_0048ae58	16	0x00432a60	s06_0028f780	1	1	1	1	unique_masked_candidate	0x00432a60
aug6-retail-1026	4	0x0048ae68	FUN_0048ae68	20	0x00432a70	s06_0028f780	1	1	1	1	unique_masked_candidate	0x00432a70
aug6-retail-1027	4	0x0048afb0	FUN_0048afb0	32	0x00432bb8	s06_0028f780	1	1	1	1	unique_masked_candidate	0x00432bb8
aug6-retail-1028	5	0x002bd170	FUN_002bd170	56	0x00288dc8	s06_00288700	1	1	1	1	unique_masked_candidate	0x00288dc8
aug6-retail-1029	5	0x002c6578	FUN_002c6578	56	0x002ac138	s06_00288700	0	1	0	1	unique_masked_candidate	0x002ac138
aug6-retail-1030	5	0x002c6758	FUN_002c6758	56	0x002ac318	s06_00288700	0	1	0	1	unique_masked_candidate	0x002ac318
aug6-retail-1031	5	0x002c6790	FUN_002c6790	36	0x002ac350	s06_00288700	0	1	0	1	unique_masked_candidate	0x002ac350
aug6-retail-1032	5	0x002c6850	FUN_002c6850	20	0x002ac408	s06_00288700	1	1	1	1	unique_masked_candidate	0x002ac408
aug6-retail-1033	5	0x002c7340	FUN_002c7340	88	0x002ace78	s06_00288700	1	1	1	1	unique_masked_candidate	0x002ace78
aug6-retail-1034	5	0x002c8440	FUN_002c8440	44	0x0029a540	s06_00288700	0	2	0	3	ambiguous_candidate	0x0029a540,0x002ae010
aug6-retail-1035	5	0x002cbac8	FUN_002cbac8	32	0x002b12d0	s06_00288700	1	1	1	1	unique_masked_candidate	0x002b12d0
aug6-retail-1036	5	0x002ebff8	FUN_002ebff8	28	0x002d2e40	s06_00288700	0	1	0	1	unique_masked_candidate	0x002d2e40
aug6-retail-1037	5	0x002eefa0	FUN_002eefa0	28	0x00296260	s06_00288700	0	1	0	2	ambiguous_candidate	0x00296260
aug6-retail-1038	5	0x002ef8e0	FUN_002ef8e0	92	0x00288e40	s06_00288700	0	1	0	1	unique_masked_candidate	0x00288e40
aug6-retail-1039	5	0x002f00e0	FUN_002f00e0	24	0x00289628	s06_00288700	1	1	1	1	unique_masked_candidate	0x00289628
aug6-retail-1040	5	0x002f57e8	FUN_002f57e8	5060	0x0028eaa0	s06_00288700	0	1	0	1	unique_masked_candidate	0x0028eaa0
aug6-retail-1041	5	0x002f6bb0	FUN_002f6bb0	160	0x0028fe68	s06_00288700	1	1	1	1	unique_masked_candidate	0x0028fe68
aug6-retail-1042	5	0x002fe030	FUN_002fe030	136	0x002956a8	s06_00288700	0	1	0	1	unique_masked_candidate	0x002956a8
aug6-retail-1043	5	0x002fe0b8	FUN_002fe0b8	28	0x00295730	s06_00288700	0	16	0	17	ambiguous_candidate	0x00295730,0x002a2930,0x002d74b0,0x002f9978,0x00301558,0x0033f948,0x00391ca8,0x003da8b0,0x003db6f0,0x003e11c0,0x003e1ff8,0x003e46c8,0x003f4358,0x003f93b0,0x003f9a00,0x003f9a20
aug6-retail-1044	5	0x002febe8	FUN_002febe8	28	0x00296260	s06_00288700	0	1	0	2	ambiguous_candidate	0x00296260
aug6-retail-1045	5	0x00301a80	FUN_00301a80	80	0x00298d28	s06_00288700	1	1	1	1	unique_masked_candidate	0x00298d28
aug6-retail-1046	5	0x00302cb0	FUN_00302cb0	56	0x0029a228	s06_00288700	1	1	1	1	unique_masked_candidate	0x0029a228
aug6-retail-1047	5	0x00303380	FUN_00303380	44	0x0029a540	s06_00288700	0	2	0	3	ambiguous_candidate	0x0029a540,0x002ae010
aug6-retail-1048	5	0x00303678	FUN_00303678	376	0x0029a838	s06_00288700	1	1	1	1	unique_masked_candidate	0x0029a838
aug6-retail-1049	5	0x00303ed4	FUN_00303ed4	128	0x0029b094	s06_00288700	0	1	0	1	unique_masked_candidate	0x0029b094
aug6-retail-1050	5	0x00305950	FUN_00305950	36	0x0029cf78	s06_00288700	0	1	0	1	unique_masked_candidate	0x0029cf78
aug6-retail-1051	5	0x003062a0	FUN_003062a0	48	0x0029dc78	s06_00288700	1	1	1	1	unique_masked_candidate	0x0029dc78
aug6-retail-1052	5	0x003062d0	FUN_003062d0	48	0x0029dca8	s06_00288700	1	1	1	1	unique_masked_candidate	0x0029dca8
aug6-retail-1053	5	0x00306300	FUN_00306300	48	0x0029dcd8	s06_00288700	1	1	1	1	unique_masked_candidate	0x0029dcd8
aug6-retail-1054	5	0x00306370	FUN_00306370	16	0x0029dd48	s06_00288700	1	1	1	1	unique_masked_candidate	0x0029dd48
aug6-retail-1055	5	0x00306380	FUN_00306380	16	0x0029dd58	s06_00288700	1	2	2	1	ambiguous_candidate	0x0029dd58,0x002efb60
aug6-retail-1056	5	0x00306390	FUN_00306390	40	0x0029dd68	s06_00288700	1	1	1	1	unique_masked_candidate	0x0029dd68
aug6-retail-1057	5	0x003063b8	FUN_003063b8	40	0x0029dd90	s06_00288700	1	1	1	1	unique_masked_candidate	0x0029dd90
aug6-retail-1058	5	0x003063e0	FUN_003063e0	40	0x0029ddb8	s06_00288700	1	1	1	1	unique_masked_candidate	0x0029ddb8
aug6-retail-1059	5	0x00306408	FUN_00306408	160	0x0029dde0	s06_00288700	1	1	1	1	unique_masked_candidate	0x0029dde0
aug6-retail-1060	5	0x003064a8	FUN_003064a8	40	0x0029de80	s06_00288700	1	1	1	1	unique_masked_candidate	0x0029de80
aug6-retail-1061	5	0x003064d0	FUN_003064d0	48	0x0029dea8	s06_00288700	1	1	1	1	unique_masked_candidate	0x0029dea8
aug6-retail-1062	5	0x00306500	FUN_00306500	56	0x0029ded8	s06_00288700	1	1	1	1	unique_masked_candidate	0x0029ded8
aug6-retail-1063	5	0x00306538	FUN_00306538	40	0x0029df10	s06_00288700	1	1	1	1	unique_masked_candidate	0x0029df10
aug6-retail-1064	5	0x00306568	FUN_00306568	32	0x0029df40	s06_00288700	1	1	1	1	unique_masked_candidate	0x0029df40
aug6-retail-1065	5	0x00306588	FUN_00306588	24	0x0029df60	s06_00288700	1	1	1	1	unique_masked_candidate	0x0029df60
aug6-retail-1066	5	0x003065e8	FUN_003065e8	16	0x0029dfb0	s06_00288700	1	1	1	1	unique_masked_candidate	0x0029dfb0
aug6-retail-1067	5	0x00306608	FUN_00306608	16	0x0029dfc8	s06_00288700	1	1	1	1	unique_masked_candidate	0x0029dfc8
aug6-retail-1068	5	0x00306618	FUN_00306618	24	0x0029dfd8	s06_00288700	1	1	1	1	unique_masked_candidate	0x0029dfd8
aug6-retail-1069	5	0x00306630	FUN_00306630	24	0x0029dff0	s06_00288700	1	1	1	1	unique_masked_candidate	0x0029dff0
aug6-retail-1070	5	0x00306648	FUN_00306648	24	0x0029e008	s06_00288700	1	1	1	1	unique_masked_candidate	0x0029e008
aug6-retail-1071	5	0x00306660	FUN_00306660	24	0x0029e020	s06_00288700	1	1	1	1	unique_masked_candidate	0x0029e020
aug6-retail-1072	5	0x00306678	FUN_00306678	40	0x0029e038	s06_00288700	1	1	1	1	unique_masked_candidate	0x0029e038
aug6-retail-1073	5	0x003066a0	FUN_003066a0	24	0x0029e060	s06_00288700	1	1	1	1	unique_masked_candidate	0x0029e060
aug6-retail-1074	5	0x003066b8	FUN_003066b8	24	0x0029e078	s06_00288700	1	1	1	1	unique_masked_candidate	0x0029e078
aug6-retail-1075	5	0x003066d0	FUN_003066d0	24	0x0029e090	s06_00288700	1	1	1	1	unique_masked_candidate	0x0029e090
aug6-retail-1076	5	0x003066e8	FUN_003066e8	24	0x0029e0c0	s06_00288700	1	1	1	1	unique_masked_candidate	0x0029e0c0
aug6-retail-1077	5	0x00306700	FUN_00306700	32	0x0029e0d8	s06_00288700	1	1	1	1	unique_masked_candidate	0x0029e0d8
aug6-retail-1078	5	0x00306720	FUN_00306720	40	0x0029e0f8	s06_00288700	1	1	1	1	unique_masked_candidate	0x0029e0f8
aug6-retail-1079	5	0x00306748	FUN_00306748	24	0x0029e120	s06_00288700	1	1	1	1	unique_masked_candidate	0x0029e120
aug6-retail-1080	5	0x00306760	FUN_00306760	48	0x0029e138	s06_00288700	1	1	1	1	unique_masked_candidate	0x0029e138
aug6-retail-1081	5	0x00306790	FUN_00306790	40	0x0029e168	s06_00288700	1	1	1	1	unique_masked_candidate	0x0029e168
aug6-retail-1082	5	0x003067b8	FUN_003067b8	32	0x0029e190	s06_00288700	1	1	1	1	unique_masked_candidate	0x0029e190
aug6-retail-1083	5	0x003067d8	FUN_003067d8	56	0x0029e1b0	s06_00288700	1	1	1	1	unique_masked_candidate	0x0029e1b0
aug6-retail-1084	5	0x00306810	FUN_00306810	48	0x0029e1e8	s06_00288700	1	1	1	1	unique_masked_candidate	0x0029e1e8
aug6-retail-1085	5	0x00306840	FUN_00306840	40	0x0029e218	s06_00288700	1	1	1	1	unique_masked_candidate	0x0029e218
aug6-retail-1086	5	0x00306868	FUN_00306868	72	0x0029e240	s06_00288700	1	1	1	1	unique_masked_candidate	0x0029e240
aug6-retail-1087	5	0x003068f8	FUN_003068f8	80	0x0029e288	s06_00288700	1	1	1	1	unique_masked_candidate	0x0029e288
aug6-retail-1088	5	0x00306948	FUN_00306948	72	0x0029e2d8	s06_00288700	1	1	1	1	unique_masked_candidate	0x0029e2d8
aug6-retail-1089	5	0x00306990	FUN_00306990	112	0x0029e320	s06_00288700	1	1	1	1	unique_masked_candidate	0x0029e320
aug6-retail-1090	5	0x00306a00	FUN_00306a00	104	0x0029e390	s06_00288700	1	1	1	1	unique_masked_candidate	0x0029e390
aug6-retail-1091	5	0x00306a68	FUN_00306a68	112	0x0029e3f8	s06_00288700	1	1	1	1	unique_masked_candidate	0x0029e3f8
aug6-retail-1092	5	0x00306ad8	FUN_00306ad8	40	0x0029e468	s06_00288700	1	1	1	1	unique_masked_candidate	0x0029e468
aug6-retail-1093	5	0x00306b00	FUN_00306b00	48	0x0029e490	s06_00288700	1	1	1	1	unique_masked_candidate	0x0029e490
aug6-retail-1094	5	0x00306b30	FUN_00306b30	24	0x0029e4c0	s06_00288700	1	1	1	1	unique_masked_candidate	0x0029e4c0
aug6-retail-1095	5	0x00306b48	FUN_00306b48	40	0x0029e4d8	s06_00288700	1	1	1	1	unique_masked_candidate	0x0029e4d8
aug6-retail-1096	5	0x00306b70	FUN_00306b70	24	0x0029e500	s06_00288700	1	1	1	1	unique_masked_candidate	0x0029e500
aug6-retail-1097	5	0x00306b88	FUN_00306b88	72	0x0029e518	s06_00288700	1	1	1	1	unique_masked_candidate	0x0029e518
aug6-retail-1098	5	0x00306bd8	FUN_00306bd8	48	0x0029e568	s06_00288700	1	1	1	1	unique_masked_candidate	0x0029e568
aug6-retail-1099	5	0x00306c08	FUN_00306c08	24	0x0029e598	s06_00288700	1	1	1	1	unique_masked_candidate	0x0029e598
aug6-retail-1100	5	0x00306c20	FUN_00306c20	24	0x0029e5b0	s06_00288700	1	1	1	1	unique_masked_candidate	0x0029e5b0
aug6-retail-1101	5	0x00306de8	FUN_00306de8	40	0x0029e778	s06_00288700	1	1	1	1	unique_masked_candidate	0x0029e778
aug6-retail-1102	5	0x00306e10	FUN_00306e10	48	0x0029e7a0	s06_00288700	1	1	1	1	unique_masked_candidate	0x0029e7a0
aug6-retail-1103	5	0x00306e40	FUN_00306e40	56	0x0029e7d0	s06_00288700	1	1	1	1	unique_masked_candidate	0x0029e7d0
aug6-retail-1104	5	0x00306e78	FUN_00306e78	32	0x0029e808	s06_00288700	1	1	1	1	unique_masked_candidate	0x0029e808
aug6-retail-1105	5	0x00306e98	FUN_00306e98	32	0x0029e828	s06_00288700	1	1	1	1	unique_masked_candidate	0x0029e828
aug6-retail-1106	5	0x00306eb8	FUN_00306eb8	552	0x0029e848	s06_00288700	0	1	0	1	unique_masked_candidate	0x0029e848
aug6-retail-1107	5	0x003070e0	FUN_003070e0	32	0x0029ea70	s06_00288700	1	1	1	1	unique_masked_candidate	0x0029ea70
aug6-retail-1108	5	0x00307100	FUN_00307100	32	0x0029ea90	s06_00288700	1	1	1	1	unique_masked_candidate	0x0029ea90
aug6-retail-1109	5	0x00307120	FUN_00307120	80	0x0029eab0	s06_00288700	1	1	1	1	unique_masked_candidate	0x0029eab0
aug6-retail-1110	5	0x00307170	FUN_00307170	80	0x0029eb00	s06_00288700	1	1	1	1	unique_masked_candidate	0x0029eb00
aug6-retail-1111	5	0x003071c0	FUN_003071c0	80	0x0029eb50	s06_00288700	1	1	1	1	unique_masked_candidate	0x0029eb50
aug6-retail-1112	5	0x00307210	FUN_00307210	72	0x0029eba0	s06_00288700	1	1	1	1	unique_masked_candidate	0x0029eba0
aug6-retail-1113	5	0x00307258	FUN_00307258	64	0x0029ebe8	s06_00288700	1	1	1	1	unique_masked_candidate	0x0029ebe8
aug6-retail-1114	5	0x00307298	FUN_00307298	136	0x0029ec28	s06_00288700	1	1	1	1	unique_masked_candidate	0x0029ec28
aug6-retail-1115	5	0x00307320	FUN_00307320	192	0x0029ecb0	s06_00288700	0	1	0	1	unique_masked_candidate	0x0029ecb0
aug6-retail-1116	5	0x003073e0	FUN_003073e0	120	0x0029ed70	s06_00288700	1	1	1	1	unique_masked_candidate	0x0029ed70
aug6-retail-1117	5	0x00307458	FUN_00307458	136	0x0029ede8	s06_00288700	1	1	1	1	unique_masked_candidate	0x0029ede8
aug6-retail-1118	5	0x003074e0	FUN_003074e0	152	0x0029ee70	s06_00288700	1	1	1	1	unique_masked_candidate	0x0029ee70
aug6-retail-1119	5	0x00307578	FUN_00307578	88	0x0029ef08	s06_00288700	1	1	1	1	unique_masked_candidate	0x0029ef08
aug6-retail-1120	5	0x003075d0	FUN_003075d0	80	0x0029ef60	s06_00288700	1	1	1	1	unique_masked_candidate	0x0029ef60
aug6-retail-1121	5	0x00307620	FUN_00307620	72	0x0029efb0	s06_00288700	1	1	1	1	unique_masked_candidate	0x0029efb0
aug6-retail-1122	5	0x00307668	FUN_00307668	72	0x0029eff8	s06_00288700	1	1	1	1	unique_masked_candidate	0x0029eff8
aug6-retail-1123	5	0x00307708	FUN_00307708	56	0x0029f0b8	s06_00288700	1	1	1	1	unique_masked_candidate	0x0029f0b8
aug6-retail-1124	5	0x00307740	FUN_00307740	16	0x0029f0f0	s06_00288700	1	1	1	1	unique_masked_candidate	0x0029f0f0
aug6-retail-1125	5	0x00307750	FUN_00307750	24	0x0029f100	s06_00288700	1	1	1	1	unique_masked_candidate	0x0029f100
aug6-retail-1126	5	0x00307768	FUN_00307768	16	0x0029f118	s06_00288700	1	1	1	1	unique_masked_candidate	0x0029f118
aug6-retail-1127	5	0x00307778	FUN_00307778	16	0x0029f128	s06_00288700	1	1	1	1	unique_masked_candidate	0x0029f128
aug6-retail-1128	5	0x00307788	FUN_00307788	56	0x0029f138	s06_00288700	1	1	1	1	unique_masked_candidate	0x0029f138
aug6-retail-1129	5	0x003077c0	FUN_003077c0	72	0x0029f170	s06_00288700	1	1	1	1	unique_masked_candidate	0x0029f170
aug6-retail-1130	5	0x00307808	FUN_00307808	56	0x0029f1b8	s06_00288700	1	1	1	1	unique_masked_candidate	0x0029f1b8
aug6-retail-1131	5	0x00307938	FUN_00307938	60	0x0029f2e8	s06_00288700	0	1	0	1	unique_masked_candidate	0x0029f2e8
aug6-retail-1132	5	0x00307978	FUN_00307978	248	0x0029f328	s06_00288700	0	1	0	1	unique_masked_candidate	0x0029f328
aug6-retail-1133	5	0x00307a70	FUN_00307a70	184	0x0029f420	s06_00288700	0	1	0	1	unique_masked_candidate	0x0029f420
aug6-retail-1134	5	0x0030c6a8	FUN_0030c6a8	28	0x00295730	s06_00288700	0	16	0	17	ambiguous_candidate	0x00295730,0x002a2930,0x002d74b0,0x002f9978,0x00301558,0x0033f948,0x00391ca8,0x003da8b0,0x003db6f0,0x003e11c0,0x003e1ff8,0x003e46c8,0x003f4358,0x003f93b0,0x003f9a00,0x003f9a20
aug6-retail-1135	5	0x0030f490	FUN_0030f490	104	0x002d5ef8	s06_00288700	1	1	1	1	unique_masked_candidate	0x002d5ef8
aug6-retail-1136	5	0x0030f6a0	FUN_0030f6a0	252	0x002d6108	s06_00288700	1	1	1	1	unique_masked_candidate	0x002d6108
aug6-retail-1137	5	0x0030faa8	FUN_0030faa8	28	0x00295730	s06_00288700	0	16	0	17	ambiguous_candidate	0x00295730,0x002a2930,0x002d74b0,0x002f9978,0x00301558,0x0033f948,0x00391ca8,0x003da8b0,0x003db6f0,0x003e11c0,0x003e1ff8,0x003e46c8,0x003f4358,0x003f93b0,0x003f9a00,0x003f9a20
aug6-retail-1138	5	0x00314ac8	FUN_00314ac8	28	0x00295730	s06_00288700	0	16	0	17	ambiguous_candidate	0x00295730,0x002a2930,0x002d74b0,0x002f9978,0x00301558,0x0033f948,0x00391ca8,0x003da8b0,0x003db6f0,0x003e11c0,0x003e1ff8,0x003e46c8,0x003f4358,0x003f93b0,0x003f9a00,0x003f9a20
aug6-retail-1139	5	0x00314ae8	FUN_00314ae8	28	0x00295730	s06_00288700	0	16	0	17	ambiguous_candidate	0x00295730,0x002a2930,0x002d74b0,0x002f9978,0x00301558,0x0033f948,0x00391ca8,0x003da8b0,0x003db6f0,0x003e11c0,0x003e1ff8,0x003e46c8,0x003f4358,0x003f93b0,0x003f9a00,0x003f9a20
aug6-retail-1140	5	0x00314b08	FUN_00314b08	28	0x00295730	s06_00288700	0	16	0	17	ambiguous_candidate	0x00295730,0x002a2930,0x002d74b0,0x002f9978,0x00301558,0x0033f948,0x00391ca8,0x003da8b0,0x003db6f0,0x003e11c0,0x003e1ff8,0x003e46c8,0x003f4358,0x003f93b0,0x003f9a00,0x003f9a20
aug6-retail-1141	5	0x00314b28	FUN_00314b28	28	0x00295730	s06_00288700	0	16	0	17	ambiguous_candidate	0x00295730,0x002a2930,0x002d74b0,0x002f9978,0x00301558,0x0033f948,0x00391ca8,0x003da8b0,0x003db6f0,0x003e11c0,0x003e1ff8,0x003e46c8,0x003f4358,0x003f93b0,0x003f9a00,0x003f9a20
aug6-retail-1142	5	0x00317320	FUN_00317320	88	0x002dd628	s06_00288700	1	1	1	1	unique_masked_candidate	0x002dd628
aug6-retail-1143	5	0x00317578	FUN_00317578	60	0x002dd880	s06_00288700	1	1	1	1	unique_masked_candidate	0x002dd880
aug6-retail-1144	5	0x0031ea20	FUN_0031ea20	100	0x002e52f0	s06_00288700	1	1	1	1	unique_masked_candidate	0x002e52f0
aug6-retail-1145	5	0x00320388	FUN_00320388	280	0x002e67d8	s06_00288700	1	1	1	1	unique_masked_candidate	0x002e67d8
aug6-retail-1146	5	0x003242c0	FUN_003242c0	56	0x002ea420	s06_00288700	1	1	1	1	unique_masked_candidate	0x002ea420
aug6-retail-1147	5	0x00326490	FUN_00326490	32	0x002ebee8	s06_00288700	1	1	1	1	unique_masked_candidate	0x002ebee8
aug6-retail-1148	5	0x003264b0	FUN_003264b0	56	0x002ebf08	s06_00288700	0	1	0	1	unique_masked_candidate	0x002ebf08
aug6-retail-1149	5	0x003264e8	FUN_003264e8	160	0x002ebf40	s06_00288700	1	1	1	1	unique_masked_candidate	0x002ebf40
aug6-retail-1150	5	0x00326708	FUN_00326708	320	0x002ec160	s06_00288700	1	1	1	1	unique_masked_candidate	0x002ec160
aug6-retail-1151	5	0x00326848	FUN_00326848	312	0x002ec2a0	s06_00288700	1	1	1	1	unique_masked_candidate	0x002ec2a0
aug6-retail-1152	5	0x00326980	FUN_00326980	752	0x002ec3d8	s06_00288700	0	1	0	1	unique_masked_candidate	0x002ec3d8
aug6-retail-1153	5	0x00326c50	FUN_00326c50	32	0x002ec6a8	s06_00288700	1	1	1	1	unique_masked_candidate	0x002ec6a8
aug6-retail-1154	5	0x00326c70	FUN_00326c70	40	0x002ec6c8	s06_00288700	0	1	0	1	unique_masked_candidate	0x002ec6c8
aug6-retail-1155	5	0x00328c68	FUN_00328c68	116	0x002edc00	s06_00288700	1	1	1	1	unique_masked_candidate	0x002edc00
aug6-retail-1156	5	0x00329460	FUN_00329460	100	0x002ee3f8	s06_00288700	0	1	0	1	unique_masked_candidate	0x002ee3f8
aug6-retail-1157	5	0x00329618	FUN_00329618	120	0x002ee5b0	s06_00288700	1	1	1	1	unique_masked_candidate	0x002ee5b0
aug6-retail-1158	5	0x00329690	FUN_00329690	152	0x002ee628	s06_00288700	0	1	0	1	unique_masked_candidate	0x002ee628
aug6-retail-1159	5	0x00329f38	FUN_00329f38	40	0x002eeed0	s06_00288700	0	1	0	1	unique_masked_candidate	0x002eeed0
aug6-retail-1160	5	0x0032a478	FUN_0032a478	32	0x002ef3f0	s06_00288700	1	1	1	1	unique_masked_candidate	0x002ef3f0
aug6-retail-1161	5	0x0032a498	FUN_0032a498	48	0x002ef410	s06_00288700	1	1	1	1	unique_masked_candidate	0x002ef410
aug6-retail-1162	5	0x0032a4c8	FUN_0032a4c8	48	0x002ef440	s06_00288700	1	1	1	1	unique_masked_candidate	0x002ef440
aug6-retail-1163	5	0x0032b0a8	FUN_0032b0a8	72	0x002f0070	s06_00288700	0	1	0	1	unique_masked_candidate	0x002f0070
aug6-retail-1164	5	0x0032b0f0	FUN_0032b0f0	1544	0x002f00b8	s06_00288700	0	1	0	1	unique_masked_candidate	0x002f00b8
aug6-retail-1165	5	0x0032b6f8	FUN_0032b6f8	3348	0x002f06c0	s06_00288700	0	1	0	1	unique_masked_candidate	0x002f06c0
aug6-retail-1166	5	0x0032d0d0	FUN_0032d0d0	2136	0x002f2098	s06_00288700	0	1	0	1	unique_masked_candidate	0x002f2098
aug6-retail-1167	5	0x0032f2f0	FUN_0032f2f0	2688	0x002f4290	s06_00288700	0	1	0	1	unique_masked_candidate	0x002f4290
aug6-retail-1168	5	0x003329e8	FUN_003329e8	60	0x002f7828	s06_00288700	1	1	1	1	unique_masked_candidate	0x002f7828
aug6-retail-1169	5	0x00332a30	FUN_00332a30	28	0x002f7870	s06_00288700	1	1	1	1	unique_masked_candidate	0x002f7870
aug6-retail-1170	5	0x00332a58	FUN_00332a58	68	0x002f7898	s06_00288700	1	1	1	1	unique_masked_candidate	0x002f7898
aug6-retail-1171	5	0x00332b50	FUN_00332b50	92	0x002f7990	s06_00288700	0	1	0	1	unique_masked_candidate	0x002f7990
aug6-retail-1172	5	0x00332bb0	FUN_00332bb0	104	0x002f79f0	s06_00288700	0	1	0	1	unique_masked_candidate	0x002f79f0
aug6-retail-1173	5	0x00332c18	FUN_00332c18	68	0x002f7a58	s06_00288700	0	1	0	1	unique_masked_candidate	0x002f7a58
aug6-retail-1174	5	0x00332d80	FUN_00332d80	56	0x002f7bc0	s06_00288700	1	1	1	1	unique_masked_candidate	0x002f7bc0
aug6-retail-1175	5	0x00332db8	FUN_00332db8	288	0x002f7bf8	s06_00288700	1	6	6	6	ambiguous_candidate	0x002f7bf8,0x0035daa0,0x00378758,0x003855d8,0x003961d0,0x003beef0
aug6-retail-1176	5	0x00332ed8	FUN_00332ed8	148	0x002f7d18	s06_00288700	0	1	0	1	unique_masked_candidate	0x002f7d18
aug6-retail-1177	5	0x00332f70	FUN_00332f70	124	0x002f7db0	s06_00288700	0	1	0	1	unique_masked_candidate	0x002f7db0
aug6-retail-1178	5	0x00333cc8	FUN_00333cc8	56	0x002f8a80	s06_00288700	1	1	1	1	unique_masked_candidate	0x002f8a80
aug6-retail-1179	5	0x00333f28	FUN_00333f28	36	0x002f8ce0	s06_00288700	0	1	0	1	unique_masked_candidate	0x002f8ce0
aug6-retail-1180	5	0x00333ff8	FUN_00333ff8	204	0x002f8d10	s06_00288700	1	1	1	1	unique_masked_candidate	0x002f8d10
aug6-retail-1181	5	0x00334190	FUN_00334190	36	0x002f8ea8	s06_00288700	1	1	1	1	unique_masked_candidate	0x002f8ea8
aug6-retail-1182	5	0x003341b8	FUN_003341b8	44	0x002f8ed0	s06_00288700	0	1	0	1	unique_masked_candidate	0x002f8ed0
aug6-retail-1183	5	0x003341e8	FUN_003341e8	36	0x002f8f00	s06_00288700	1	1	1	1	unique_masked_candidate	0x002f8f00
aug6-retail-1184	5	0x00334bc0	FUN_00334bc0	28	0x00295730	s06_00288700	0	16	0	17	ambiguous_candidate	0x00295730,0x002a2930,0x002d74b0,0x002f9978,0x00301558,0x0033f948,0x00391ca8,0x003da8b0,0x003db6f0,0x003e11c0,0x003e1ff8,0x003e46c8,0x003f4358,0x003f93b0,0x003f9a00,0x003f9a20
aug6-retail-1185	5	0x00334be0	FUN_00334be0	28	0x00295730	s06_00288700	0	16	0	17	ambiguous_candidate	0x00295730,0x002a2930,0x002d74b0,0x002f9978,0x00301558,0x0033f948,0x00391ca8,0x003da8b0,0x003db6f0,0x003e11c0,0x003e1ff8,0x003e46c8,0x003f4358,0x003f93b0,0x003f9a00,0x003f9a20
aug6-retail-1186	5	0x00335700	FUN_00335700	16	0x002fa3b0	s06_00288700	1	1	1	1	unique_masked_candidate	0x002fa3b0
aug6-retail-1187	5	0x003357a8	FUN_003357a8	68	0x002fa458	s06_00288700	0	1	0	1	unique_masked_candidate	0x002fa458
aug6-retail-1188	5	0x00335940	FUN_00335940	84	0x002fa5f0	s06_00288700	0	1	0	1	unique_masked_candidate	0x002fa5f0
aug6-retail-1189	5	0x00335998	FUN_00335998	92	0x002fa648	s06_00288700	0	1	0	1	unique_masked_candidate	0x002fa648
aug6-retail-1190	5	0x00336320	FUN_00336320	92	0x002faf88	s06_00288700	1	1	1	1	unique_masked_candidate	0x002faf88
aug6-retail-1191	5	0x003365d0	FUN_003365d0	48	0x002fb238	s06_00288700	1	1	1	1	unique_masked_candidate	0x002fb238
aug6-retail-1192	5	0x00336600	FUN_00336600	48	0x002fb268	s06_00288700	1	1	1	1	unique_masked_candidate	0x002fb268
aug6-retail-1193	5	0x00336ed0	FUN_00336ed0	88	0x002fbb70	s06_00288700	0	1	0	1	unique_masked_candidate	0x002fbb70
aug6-retail-1194	5	0x00336fb8	FUN_00336fb8	16	0x002fbc58	s06_00288700	1	1	1	1	unique_masked_candidate	0x002fbc58
aug6-retail-1195	5	0x003387a8	FUN_003387a8	48	0x002fd588	s06_00288700	1	1	1	1	unique_masked_candidate	0x002fd588
aug6-retail-1196	5	0x00339f80	FUN_00339f80	40	0x002fed40	s06_00288700	1	1	1	1	unique_masked_candidate	0x002fed40
aug6-retail-1197	5	0x0033a448	FUN_0033a448	44	0x002ff208	s06_00288700	0	1	0	1	unique_masked_candidate	0x002ff208
aug6-retail-1198	5	0x0033c358	FUN_0033c358	40	0x00300e58	s06_00288700	0	1	0	1	unique_masked_candidate	0x00300e58
aug6-retail-1199	5	0x0033c4d0	FUN_0033c4d0	28	0x00300fd0	s06_00288700	0	2	0	4	ambiguous_candidate	0x00300fd0,0x003010b0
aug6-retail-1200	5	0x0033c528	FUN_0033c528	28	0x00300fd0	s06_00288700	0	2	0	4	ambiguous_candidate	0x00300fd0,0x003010b0
aug6-retail-1201	5	0x0033c5c8	FUN_0033c5c8	28	0x00300fd0	s06_00288700	0	2	0	4	ambiguous_candidate	0x00300fd0,0x003010b0
aug6-retail-1202	5	0x0033cd90	FUN_0033cd90	28	0x00295730	s06_00288700	0	16	0	17	ambiguous_candidate	0x00295730,0x002a2930,0x002d74b0,0x002f9978,0x00301558,0x0033f948,0x00391ca8,0x003da8b0,0x003db6f0,0x003e11c0,0x003e1ff8,0x003e46c8,0x003f4358,0x003f93b0,0x003f9a00,0x003f9a20
aug6-retail-1203	5	0x0033dfb8	FUN_0033dfb8	40	0x00302480	s06_00288700	1	1	1	1	unique_masked_candidate	0x00302480
aug6-retail-1204	5	0x0033dfe8	FUN_0033dfe8	32	0x003024b0	s06_00288700	1	1	1	1	unique_masked_candidate	0x003024b0
aug6-retail-1205	5	0x00341ad0	FUN_00341ad0	100	0x003053f8	s06_00288700	1	1	1	1	unique_masked_candidate	0x003053f8
aug6-retail-1206	5	0x00343290	FUN_00343290	152	0x00306b80	s06_00288700	1	1	1	1	unique_masked_candidate	0x00306b80
aug6-retail-1207	5	0x0034e1d8	FUN_0034e1d8	96	0x00312508	s06_00288700	0	1	0	1	unique_masked_candidate	0x00312508
aug6-retail-1208	5	0x0034e560	FUN_0034e560	60	0x00312890	s06_00288700	0	1	0	1	unique_masked_candidate	0x00312890
aug6-retail-1209	5	0x00353fb8	FUN_00353fb8	100	0x00316e80	s06_00288700	1	1	1	1	unique_masked_candidate	0x00316e80
aug6-retail-1210	5	0x00355450	FUN_00355450	60	0x00318298	s06_00288700	1	1	1	1	unique_masked_candidate	0x00318298
aug6-retail-1211	5	0x00355490	FUN_00355490	60	0x003182d8	s06_00288700	1	1	1	1	unique_masked_candidate	0x003182d8
aug6-retail-1212	5	0x00356ea0	FUN_00356ea0	36	0x00319cb0	s06_00288700	1	1	1	1	unique_masked_candidate	0x00319cb0
aug6-retail-1213	5	0x00358bd8	FUN_00358bd8	48	0x0031bae8	s06_00288700	0	12	0	20	ambiguous_candidate	0x0031bae8,0x0031bd18,0x0031bde8,0x0031bee0,0x0031c038,0x0031c108,0x0031c1c0,0x0031c278,0x0031c330,0x0031c5e0,0x0031c698,0x0031c7d8
aug6-retail-1214	5	0x00358fd8	FUN_00358fd8	48	0x0031bae8	s06_00288700	0	12	0	20	ambiguous_candidate	0x0031bae8,0x0031bd18,0x0031bde8,0x0031bee0,0x0031c038,0x0031c108,0x0031c1c0,0x0031c278,0x0031c330,0x0031c5e0,0x0031c698,0x0031c7d8
aug6-retail-1215	5	0x003590a8	FUN_003590a8	48	0x0031bae8	s06_00288700	0	12	0	20	ambiguous_candidate	0x0031bae8,0x0031bd18,0x0031bde8,0x0031bee0,0x0031c038,0x0031c108,0x0031c1c0,0x0031c278,0x0031c330,0x0031c5e0,0x0031c698,0x0031c7d8
aug6-retail-1216	5	0x00359278	FUN_00359278	48	0x0031bae8	s06_00288700	0	12	0	20	ambiguous_candidate	0x0031bae8,0x0031bd18,0x0031bde8,0x0031bee0,0x0031c038,0x0031c108,0x0031c1c0,0x0031c278,0x0031c330,0x0031c5e0,0x0031c698,0x0031c7d8
aug6-retail-1217	5	0x0035e5b8	FUN_0035e5b8	48	0x0031bae8	s06_00288700	0	12	0	20	ambiguous_candidate	0x0031bae8,0x0031bd18,0x0031bde8,0x0031bee0,0x0031c038,0x0031c108,0x0031c1c0,0x0031c278,0x0031c330,0x0031c5e0,0x0031c698,0x0031c7d8
aug6-retail-1218	5	0x0035e670	FUN_0035e670	48	0x0031bae8	s06_00288700	0	12	0	20	ambiguous_candidate	0x0031bae8,0x0031bd18,0x0031bde8,0x0031bee0,0x0031c038,0x0031c108,0x0031c1c0,0x0031c278,0x0031c330,0x0031c5e0,0x0031c698,0x0031c7d8
aug6-retail-1219	5	0x0035e7e0	FUN_0035e7e0	48	0x0031bae8	s06_00288700	0	12	0	20	ambiguous_candidate	0x0031bae8,0x0031bd18,0x0031bde8,0x0031bee0,0x0031c038,0x0031c108,0x0031c1c0,0x0031c278,0x0031c330,0x0031c5e0,0x0031c698,0x0031c7d8
aug6-retail-1220	5	0x0035e898	FUN_0035e898	48	0x0031bae8	s06_00288700	0	12	0	20	ambiguous_candidate	0x0031bae8,0x0031bd18,0x0031bde8,0x0031bee0,0x0031c038,0x0031c108,0x0031c1c0,0x0031c278,0x0031c330,0x0031c5e0,0x0031c698,0x0031c7d8
aug6-retail-1221	5	0x0035e950	FUN_0035e950	48	0x0031bae8	s06_00288700	0	12	0	20	ambiguous_candidate	0x0031bae8,0x0031bd18,0x0031bde8,0x0031bee0,0x0031c038,0x0031c108,0x0031c1c0,0x0031c278,0x0031c330,0x0031c5e0,0x0031c698,0x0031c7d8
aug6-retail-1222	5	0x0035ea08	FUN_0035ea08	48	0x0031bae8	s06_00288700	0	12	0	20	ambiguous_candidate	0x0031bae8,0x0031bd18,0x0031bde8,0x0031bee0,0x0031c038,0x0031c108,0x0031c1c0,0x0031c278,0x0031c330,0x0031c5e0,0x0031c698,0x0031c7d8
aug6-retail-1223	5	0x0035eac0	FUN_0035eac0	48	0x0031bae8	s06_00288700	0	12	0	20	ambiguous_candidate	0x0031bae8,0x0031bd18,0x0031bde8,0x0031bee0,0x0031c038,0x0031c108,0x0031c1c0,0x0031c278,0x0031c330,0x0031c5e0,0x0031c698,0x0031c7d8
aug6-retail-1224	5	0x0035eb90	FUN_0035eb90	48	0x0031bae8	s06_00288700	0	12	0	20	ambiguous_candidate	0x0031bae8,0x0031bd18,0x0031bde8,0x0031bee0,0x0031c038,0x0031c108,0x0031c1c0,0x0031c278,0x0031c330,0x0031c5e0,0x0031c698,0x0031c7d8
aug6-retail-1225	5	0x0035ec48	FUN_0035ec48	48	0x0031bae8	s06_00288700	0	12	0	20	ambiguous_candidate	0x0031bae8,0x0031bd18,0x0031bde8,0x0031bee0,0x0031c038,0x0031c108,0x0031c1c0,0x0031c278,0x0031c330,0x0031c5e0,0x0031c698,0x0031c7d8
aug6-retail-1226	5	0x0035ed48	FUN_0035ed48	48	0x0031bae8	s06_00288700	0	12	0	20	ambiguous_candidate	0x0031bae8,0x0031bd18,0x0031bde8,0x0031bee0,0x0031c038,0x0031c108,0x0031c1c0,0x0031c278,0x0031c330,0x0031c5e0,0x0031c698,0x0031c7d8
aug6-retail-1227	5	0x0035ee40	FUN_0035ee40	48	0x0031bae8	s06_00288700	0	12	0	20	ambiguous_candidate	0x0031bae8,0x0031bd18,0x0031bde8,0x0031bee0,0x0031c038,0x0031c108,0x0031c1c0,0x0031c278,0x0031c330,0x0031c5e0,0x0031c698,0x0031c7d8
aug6-retail-1228	5	0x00360ef8	FUN_00360ef8	48	0x0031bae8	s06_00288700	0	12	0	20	ambiguous_candidate	0x0031bae8,0x0031bd18,0x0031bde8,0x0031bee0,0x0031c038,0x0031c108,0x0031c1c0,0x0031c278,0x0031c330,0x0031c5e0,0x0031c698,0x0031c7d8
aug6-retail-1229	5	0x003610d0	FUN_003610d0	48	0x0031bae8	s06_00288700	0	12	0	20	ambiguous_candidate	0x0031bae8,0x0031bd18,0x0031bde8,0x0031bee0,0x0031c038,0x0031c108,0x0031c1c0,0x0031c278,0x0031c330,0x0031c5e0,0x0031c698,0x0031c7d8
aug6-retail-1230	5	0x00361228	FUN_00361228	48	0x0031bae8	s06_00288700	0	12	0	20	ambiguous_candidate	0x0031bae8,0x0031bd18,0x0031bde8,0x0031bee0,0x0031c038,0x0031c108,0x0031c1c0,0x0031c278,0x0031c330,0x0031c5e0,0x0031c698,0x0031c7d8
aug6-retail-1231	5	0x003612d8	FUN_003612d8	48	0x0031bae8	s06_00288700	0	12	0	20	ambiguous_candidate	0x0031bae8,0x0031bd18,0x0031bde8,0x0031bee0,0x0031c038,0x0031c108,0x0031c1c0,0x0031c278,0x0031c330,0x0031c5e0,0x0031c698,0x0031c7d8
aug6-retail-1232	5	0x003614c0	FUN_003614c0	48	0x0031bae8	s06_00288700	0	12	0	20	ambiguous_candidate	0x0031bae8,0x0031bd18,0x0031bde8,0x0031bee0,0x0031c038,0x0031c108,0x0031c1c0,0x0031c278,0x0031c330,0x0031c5e0,0x0031c698,0x0031c7d8
aug6-retail-1233	5	0x003617f0	FUN_003617f0	56	0x0031ca68	s06_00288700	0	1	0	1	unique_masked_candidate	0x0031ca68
aug6-retail-1234	5	0x00361828	FUN_00361828	36	0x0031caa0	s06_00288700	0	1	0	1	unique_masked_candidate	0x0031caa0
aug6-retail-1235	5	0x00361850	FUN_00361850	40	0x0031cac8	s06_00288700	0	1	0	1	unique_masked_candidate	0x0031cac8
aug6-retail-1236	5	0x00363498	FUN_00363498	32	0x0031e510	s06_00288700	0	1	0	1	unique_masked_candidate	0x0031e510
aug6-retail-1237	5	0x00367488	FUN_00367488	56	0x003217d0	s06_00288700	0	1	0	1	unique_masked_candidate	0x003217d0
aug6-retail-1238	5	0x0036a1c8	FUN_0036a1c8	64	0x00324588	s06_00288700	1	1	1	1	unique_masked_candidate	0x00324588
aug6-retail-1239	5	0x00379ca0	FUN_00379ca0	36	0x00331c90	s06_00288700	1	1	1	1	unique_masked_candidate	0x00331c90
aug6-retail-1240	5	0x0037afd0	FUN_0037afd0	40	0x003326e8	s06_00288700	0	1	0	1	unique_masked_candidate	0x003326e8
aug6-retail-1241	5	0x0037bb90	FUN_0037bb90	40	0x00333070	s06_00288700	0	1	0	1	unique_masked_candidate	0x00333070
aug6-retail-1242	5	0x0037bbb8	FUN_0037bbb8	68	0x00333098	s06_00288700	0	1	0	1	unique_masked_candidate	0x00333098
aug6-retail-1243	5	0x0037cdb0	FUN_0037cdb0	40	0x00334100	s06_00288700	0	1	0	1	unique_masked_candidate	0x00334100
aug6-retail-1244	5	0x0037ceb8	FUN_0037ceb8	40	0x00334208	s06_00288700	0	1	0	1	unique_masked_candidate	0x00334208
aug6-retail-1245	5	0x0037d770	FUN_0037d770	104	0x0035b508	s06_00288700	1	7	7	5	ambiguous_candidate	0x0035b508,0x003975d0,0x003da8d0,0x003db710,0x003e11e0,0x003e2018,0x003e46e8
aug6-retail-1246	5	0x0037f1b0	FUN_0037f1b0	364	0x00335a80	s06_00288700	0	1	0	1	unique_masked_candidate	0x00335a80
aug6-retail-1247	5	0x00381110	FUN_00381110	40	0x003379d0	s06_00288700	1	3	3	3	ambiguous_candidate	0x003379d0,0x0033857c,0x00338e44
aug6-retail-1248	5	0x00381c94	FUN_00381c94	40	0x00338554	s06_00288700	1	3	3	3	ambiguous_candidate	0x00338554,0x00338e1c,0x0033aae8
aug6-retail-1249	5	0x00381cbc	FUN_00381cbc	40	0x003379d0	s06_00288700	1	3	3	3	ambiguous_candidate	0x003379d0,0x0033857c,0x00338e44
aug6-retail-1250	5	0x0038255c	FUN_0038255c	40	0x00338554	s06_00288700	1	3	3	3	ambiguous_candidate	0x00338554,0x00338e1c,0x0033aae8
aug6-retail-1251	5	0x00382584	FUN_00382584	40	0x003379d0	s06_00288700	1	3	3	3	ambiguous_candidate	0x003379d0,0x0033857c,0x00338e44
aug6-retail-1252	5	0x00382fa8	FUN_00382fa8	40	0x00339868	s06_00288700	1	1	1	1	unique_masked_candidate	0x00339868
aug6-retail-1253	5	0x00382fd0	FUN_00382fd0	288	0x00339890	s06_00288700	0	1	0	1	unique_masked_candidate	0x00339890
aug6-retail-1254	5	0x003830f0	FUN_003830f0	56	0x003399b0	s06_00288700	1	1	1	1	unique_masked_candidate	0x003399b0
aug6-retail-1255	5	0x00384228	FUN_00384228	40	0x00338554	s06_00288700	1	3	3	3	ambiguous_candidate	0x00338554,0x00338e1c,0x0033aae8
aug6-retail-1256	5	0x00389d68	FUN_00389d68	28	0x00295730	s06_00288700	0	16	0	17	ambiguous_candidate	0x00295730,0x002a2930,0x002d74b0,0x002f9978,0x00301558,0x0033f948,0x00391ca8,0x003da8b0,0x003db6f0,0x003e11c0,0x003e1ff8,0x003e46c8,0x003f4358,0x003f93b0,0x003f9a00,0x003f9a20
aug6-retail-1257	5	0x003937b0	FUN_003937b0	44	0x0029a540	s06_00288700	0	2	0	3	ambiguous_candidate	0x0029a540,0x002ae010
aug6-retail-1258	5	0x00397170	FUN_00397170	48	0x0034b048	s06_00288700	0	1	0	1	unique_masked_candidate	0x0034b048
aug6-retail-1259	5	0x003989b0	FUN_003989b0	136	0x00385550	s06_00288700	1	10	10	11	ambiguous_candidate	0x00385550,0x0038b7d8,0x0038e388,0x00394420,0x0039e1f8,0x0039f648,0x003bee68,0x003c2500,0x003ccbf8,0x003d96b0
aug6-retail-1260	5	0x0039e948	FUN_0039e948	144	0x00376488	s06_00288700	1	4	4	2	ambiguous_candidate	0x00376488,0x00381150,0x00383da8,0x003dc8f0
aug6-retail-1261	5	0x003a0fd0	FUN_003a0fd0	144	0x00376488	s06_00288700	1	4	4	2	ambiguous_candidate	0x00376488,0x00381150,0x00383da8,0x003dc8f0
aug6-retail-1262	5	0x003b2f48	FUN_003b2f48	16	0x003d6af8	s06_00288700	1	1	1	1	unique_masked_candidate	0x003d6af8
aug6-retail-1263	5	0x003b4048	UpdateMoby_775	76	0x003579a8	s06_00288700	0	1	0	1	unique_masked_candidate	0x003579a8
aug6-retail-1264	5	0x003b4240	FUN_003b4240	16	0x00357b98	s06_00288700	1	1	1	1	unique_masked_candidate	0x00357b98
aug6-retail-1265	5	0x003b73a0	FUN_003b73a0	288	0x002f7bf8	s06_00288700	1	6	6	6	ambiguous_candidate	0x002f7bf8,0x0035daa0,0x00378758,0x003855d8,0x003961d0,0x003beef0
aug6-retail-1266	5	0x003b7eb0	FUN_003b7eb0	144	0x0035ed68	s06_00288700	1	2	2	2	ambiguous_candidate	0x0035ed68,0x00396dc8
aug6-retail-1267	5	0x003c6d90	FUN_003c6d90	44	0x003d8798	s06_00288700	1	1	1	1	unique_masked_candidate	0x003d8798
aug6-retail-1268	5	0x003c7c88	FUN_003c7c88	136	0x00385550	s06_00288700	1	10	10	11	ambiguous_candidate	0x00385550,0x0038b7d8,0x0038e388,0x00394420,0x0039e1f8,0x0039f648,0x003bee68,0x003c2500,0x003ccbf8,0x003d96b0
aug6-retail-1269	5	0x003cef80	UpdateMoby_2384	28	0x00372450	s06_00288700	0	1	0	1	unique_masked_candidate	0x00372450
aug6-retail-1270	5	0x003cfc28	FUN_003cfc28	28	0x00373258	s06_00288700	1	1	1	1	unique_masked_candidate	0x00373258
aug6-retail-1271	5	0x003d4b78	FUN_003d4b78	136	0x00385550	s06_00288700	1	10	10	11	ambiguous_candidate	0x00385550,0x0038b7d8,0x0038e388,0x00394420,0x0039e1f8,0x0039f648,0x003bee68,0x003c2500,0x003ccbf8,0x003d96b0
aug6-retail-1272	5	0x003d4c00	FUN_003d4c00	288	0x002f7bf8	s06_00288700	1	6	6	6	ambiguous_candidate	0x002f7bf8,0x0035daa0,0x00378758,0x003855d8,0x003961d0,0x003beef0
aug6-retail-1273	5	0x003d6ab0	FUN_003d6ab0	40	0x0037d1d8	s06_00288700	1	1	1	1	unique_masked_candidate	0x0037d1d8
aug6-retail-1274	5	0x003def90	FUN_003def90	136	0x00385550	s06_00288700	1	10	10	11	ambiguous_candidate	0x00385550,0x0038b7d8,0x0038e388,0x00394420,0x0039e1f8,0x0039f648,0x003bee68,0x003c2500,0x003ccbf8,0x003d96b0
aug6-retail-1275	5	0x003df018	FUN_003df018	288	0x002f7bf8	s06_00288700	1	6	6	6	ambiguous_candidate	0x002f7bf8,0x0035daa0,0x00378758,0x003855d8,0x003961d0,0x003beef0
aug6-retail-1276	5	0x003e5e38	FUN_003e5e38	136	0x00385550	s06_00288700	1	10	10	11	ambiguous_candidate	0x00385550,0x0038b7d8,0x0038e388,0x00394420,0x0039e1f8,0x0039f648,0x003bee68,0x003c2500,0x003ccbf8,0x003d96b0
aug6-retail-1277	5	0x003e93e0	FUN_003e93e0	136	0x00385550	s06_00288700	1	10	10	11	ambiguous_candidate	0x00385550,0x0038b7d8,0x0038e388,0x00394420,0x0039e1f8,0x0039f648,0x003bee68,0x003c2500,0x003ccbf8,0x003d96b0
aug6-retail-1278	5	0x003ed040	UpdateMoby_3077	28	0x00295730	s06_00288700	0	16	0	17	ambiguous_candidate	0x00295730,0x002a2930,0x002d74b0,0x002f9978,0x00301558,0x0033f948,0x00391ca8,0x003da8b0,0x003db6f0,0x003e11c0,0x003e1ff8,0x003e46c8,0x003f4358,0x003f93b0,0x003f9a00,0x003f9a20
aug6-retail-1279	5	0x003ef6c0	FUN_003ef6c0	136	0x00385550	s06_00288700	1	10	10	11	ambiguous_candidate	0x00385550,0x0038b7d8,0x0038e388,0x00394420,0x0039e1f8,0x0039f648,0x003bee68,0x003c2500,0x003ccbf8,0x003d96b0
aug6-retail-1280	5	0x003f1710	FUN_003f1710	288	0x002f7bf8	s06_00288700	1	6	6	6	ambiguous_candidate	0x002f7bf8,0x0035daa0,0x00378758,0x003855d8,0x003961d0,0x003beef0
aug6-retail-1281	5	0x003f2220	FUN_003f2220	144	0x0035ed68	s06_00288700	1	2	2	2	ambiguous_candidate	0x0035ed68,0x00396dc8
aug6-retail-1282	5	0x003f28f8	FUN_003f28f8	104	0x0035b508	s06_00288700	1	7	7	5	ambiguous_candidate	0x0035b508,0x003975d0,0x003da8d0,0x003db710,0x003e11e0,0x003e2018,0x003e46e8
aug6-retail-1283	5	0x003f8228	FUN_003f8228	136	0x00385550	s06_00288700	1	10	10	11	ambiguous_candidate	0x00385550,0x0038b7d8,0x0038e388,0x00394420,0x0039e1f8,0x0039f648,0x003bee68,0x003c2500,0x003ccbf8,0x003d96b0
aug6-retail-1284	5	0x003f95d0	FUN_003f95d0	136	0x00385550	s06_00288700	1	10	10	11	ambiguous_candidate	0x00385550,0x0038b7d8,0x0038e388,0x00394420,0x0039e1f8,0x0039f648,0x003bee68,0x003c2500,0x003ccbf8,0x003d96b0
aug6-retail-1285	5	0x00416610	FUN_00416610	28	0x00295730	s06_00288700	0	16	0	17	ambiguous_candidate	0x00295730,0x002a2930,0x002d74b0,0x002f9978,0x00301558,0x0033f948,0x00391ca8,0x003da8b0,0x003db6f0,0x003e11c0,0x003e1ff8,0x003e46c8,0x003f4358,0x003f93b0,0x003f9a00,0x003f9a20
aug6-retail-1286	5	0x00416630	FUN_00416630	104	0x0035b508	s06_00288700	1	7	7	5	ambiguous_candidate	0x0035b508,0x003975d0,0x003da8d0,0x003db710,0x003e11e0,0x003e2018,0x003e46e8
aug6-retail-1287	5	0x0041c7e8	FUN_0041c7e8	116	0x003bd2c8	s06_00288700	0	1	0	1	unique_masked_candidate	0x003bd2c8
aug6-retail-1288	5	0x0041d190	FUN_0041d190	28	0x00295730	s06_00288700	0	16	0	17	ambiguous_candidate	0x00295730,0x002a2930,0x002d74b0,0x002f9978,0x00301558,0x0033f948,0x00391ca8,0x003da8b0,0x003db6f0,0x003e11c0,0x003e1ff8,0x003e46c8,0x003f4358,0x003f93b0,0x003f9a00,0x003f9a20
aug6-retail-1289	5	0x0041d1b0	FUN_0041d1b0	104	0x0035b508	s06_00288700	1	7	7	5	ambiguous_candidate	0x0035b508,0x003975d0,0x003da8d0,0x003db710,0x003e11e0,0x003e2018,0x003e46e8
aug6-retail-1290	5	0x004239a0	FUN_004239a0	136	0x00385550	s06_00288700	1	10	10	11	ambiguous_candidate	0x00385550,0x0038b7d8,0x0038e388,0x00394420,0x0039e1f8,0x0039f648,0x003bee68,0x003c2500,0x003ccbf8,0x003d96b0
aug6-retail-1291	5	0x00423a28	FUN_00423a28	288	0x002f7bf8	s06_00288700	1	6	6	6	ambiguous_candidate	0x002f7bf8,0x0035daa0,0x00378758,0x003855d8,0x003961d0,0x003beef0
aug6-retail-1292	5	0x00430c58	FUN_00430c58	136	0x00385550	s06_00288700	1	10	10	11	ambiguous_candidate	0x00385550,0x0038b7d8,0x0038e388,0x00394420,0x0039e1f8,0x0039f648,0x003bee68,0x003c2500,0x003ccbf8,0x003d96b0
aug6-retail-1293	5	0x00432158	FUN_00432158	68	0x003bd418	s06_00288700	1	1	1	1	unique_masked_candidate	0x003bd418
aug6-retail-1294	5	0x00433400	FUN_00433400	104	0x0035b508	s06_00288700	1	7	7	5	ambiguous_candidate	0x0035b508,0x003975d0,0x003da8d0,0x003db710,0x003e11e0,0x003e2018,0x003e46e8
aug6-retail-1295	5	0x00433468	FUN_00433468	112	0x0035b570	s06_00288700	1	1	1	1	unique_masked_candidate	0x0035b570
aug6-retail-1296	5	0x004389a8	FUN_004389a8	44	0x003eccb8	s06_00288700	0	1	0	1	unique_masked_candidate	0x003eccb8
aug6-retail-1297	5	0x0043c0b8	FUN_0043c0b8	16	0x003efec0	s06_00288700	1	1	1	1	unique_masked_candidate	0x003efec0
aug6-retail-1298	5	0x00440a68	UpdateCamera_6	28	0x00295730	s06_00288700	0	16	0	17	ambiguous_candidate	0x00295730,0x002a2930,0x002d74b0,0x002f9978,0x00301558,0x0033f948,0x00391ca8,0x003da8b0,0x003db6f0,0x003e11c0,0x003e1ff8,0x003e46c8,0x003f4358,0x003f93b0,0x003f9a00,0x003f9a20
aug6-retail-1299	5	0x00446710	FUN_00446710	28	0x00295730	s06_00288700	0	16	0	17	ambiguous_candidate	0x00295730,0x002a2930,0x002d74b0,0x002f9978,0x00301558,0x0033f948,0x00391ca8,0x003da8b0,0x003db6f0,0x003e11c0,0x003e1ff8,0x003e46c8,0x003f4358,0x003f93b0,0x003f9a00,0x003f9a20
aug6-retail-1300	5	0x00446d80	FUN_00446d80	28	0x00295730	s06_00288700	0	16	0	17	ambiguous_candidate	0x00295730,0x002a2930,0x002d74b0,0x002f9978,0x00301558,0x0033f948,0x00391ca8,0x003da8b0,0x003db6f0,0x003e11c0,0x003e1ff8,0x003e46c8,0x003f4358,0x003f93b0,0x003f9a00,0x003f9a20
aug6-retail-1301	5	0x00446e58	FUN_00446e58	36	0x003f9af8	s06_00288700	1	1	1	1	unique_masked_candidate	0x003f9af8
aug6-retail-1302	5	0x00446e88	FUN_00446e88	32	0x003f9b28	s06_00288700	1	1	1	1	unique_masked_candidate	0x003f9b28
aug6-retail-1303	5	0x00446ea8	FUN_00446ea8	40	0x003f9b48	s06_00288700	1	1	1	1	unique_masked_candidate	0x003f9b48
aug6-retail-1304	5	0x00446fa8	FUN_00446fa8	36	0x003f9c48	s06_00288700	1	1	1	1	unique_masked_candidate	0x003f9c48
aug6-retail-1305	5	0x004474b8	FUN_004474b8	20	0x003fa158	s06_00288700	1	1	1	1	unique_masked_candidate	0x003fa158
aug6-retail-1306	5	0x004474d0	FUN_004474d0	20	0x003fa170	s06_00288700	1	1	1	1	unique_masked_candidate	0x003fa170
aug6-retail-1307	5	0x004474e8	FUN_004474e8	60	0x003fa188	s06_00288700	1	1	1	1	unique_masked_candidate	0x003fa188
aug6-retail-1308	5	0x00447528	FUN_00447528	60	0x003fa1c8	s06_00288700	1	1	1	1	unique_masked_candidate	0x003fa1c8
aug6-retail-1309	5	0x00447940	FUN_00447940	44	0x003fa5b0	s06_00288700	1	1	1	1	unique_masked_candidate	0x003fa5b0
aug6-retail-1310	5	0x00447970	FUN_00447970	24	0x003fa5e0	s06_00288700	1	1	1	1	unique_masked_candidate	0x003fa5e0
aug6-retail-1311	5	0x00447a60	FUN_00447a60	44	0x003fa6d0	s06_00288700	0	1	0	1	unique_masked_candidate	0x003fa6d0
aug6-retail-1312	5	0x00447bb8	FUN_00447bb8	296	0x003fa828	s06_00288700	1	1	1	1	unique_masked_candidate	0x003fa828
aug6-retail-1313	5	0x00447ce8	FUN_00447ce8	24	0x003fa958	s06_00288700	1	1	1	1	unique_masked_candidate	0x003fa958
aug6-retail-1314	5	0x00447d70	FUN_00447d70	80	0x003fa9e0	s06_00288700	1	1	1	1	unique_masked_candidate	0x003fa9e0
aug6-retail-1315	5	0x00447ef0	FUN_00447ef0	28	0x003fab60	s06_00288700	1	1	1	1	unique_masked_candidate	0x003fab60
aug6-retail-1316	5	0x0044a798	FUN_0044a798	28	0x003fef98	s06_00288700	0	1	0	2	ambiguous_candidate	0x003fef98
aug6-retail-1317	5	0x0044b9f8	FUN_0044b9f8	16	0x003fdae8	s06_00288700	1	1	1	1	unique_masked_candidate	0x003fdae8
aug6-retail-1318	5	0x0044ba08	FUN_0044ba08	24	0x003fdaf8	s06_00288700	1	1	1	1	unique_masked_candidate	0x003fdaf8
aug6-retail-1319	5	0x0044c040	FUN_0044c040	20	0x003fdf88	s06_00288700	1	2	2	2	ambiguous_candidate	0x003fdf88,0x00402498
aug6-retail-1320	5	0x0044f648	FUN_0044f648	28	0x003fef98	s06_00288700	0	1	0	2	ambiguous_candidate	0x003fef98
aug6-retail-1321	5	0x00452a70	FUN_00452a70	28	0x00401fc0	s06_00288700	0	1	0	1	unique_masked_candidate	0x00401fc0
aug6-retail-1322	5	0x00452a90	FUN_00452a90	28	0x00401fe0	s06_00288700	0	1	0	1	unique_masked_candidate	0x00401fe0
aug6-retail-1323	5	0x00452eb8	FUN_00452eb8	28	0x00300fd0	s06_00288700	0	2	0	4	ambiguous_candidate	0x00300fd0,0x003010b0
aug6-retail-1324	5	0x00454068	FUN_00454068	20	0x003fdf88	s06_00288700	1	2	2	2	ambiguous_candidate	0x003fdf88,0x00402498
aug6-retail-1325	5	0x00459090	FUN_00459090	108	0x00406800	s06_00288700	1	1	1	1	unique_masked_candidate	0x00406800
aug6-retail-1326	5	0x00459118	FUN_00459118	36	0x00406880	s06_00288700	1	1	1	1	unique_masked_candidate	0x00406880
aug6-retail-1327	5	0x0045a4c0	FUN_0045a4c0	52	0x004077a8	s06_00288700	1	1	1	1	unique_masked_candidate	0x004077a8
aug6-retail-1328	5	0x0045a5c8	FUN_0045a5c8	20	0x004078b0	s06_00288700	1	1	1	1	unique_masked_candidate	0x004078b0
aug6-retail-1329	5	0x0045a600	FUN_0045a600	52	0x004078e8	s06_00288700	1	1	1	1	unique_masked_candidate	0x004078e8
aug6-retail-1330	5	0x0045a638	FUN_0045a638	24	0x00407920	s06_00288700	1	1	1	1	unique_masked_candidate	0x00407920
aug6-retail-1331	5	0x0045a658	FUN_0045a658	60	0x00407940	s06_00288700	1	1	1	1	unique_masked_candidate	0x00407940
aug6-retail-1332	5	0x0045a940	FUN_0045a940	80	0x00407c28	s06_00288700	1	1	1	1	unique_masked_candidate	0x00407c28
aug6-retail-1333	5	0x0045aa88	FUN_0045aa88	16	0x00407d70	s06_00288700	1	1	1	1	unique_masked_candidate	0x00407d70
aug6-retail-1334	5	0x0045aa98	FUN_0045aa98	52	0x00407d80	s06_00288700	1	1	1	1	unique_masked_candidate	0x00407d80
aug6-retail-1335	5	0x0045aad0	FUN_0045aad0	16	0x00407db8	s06_00288700	1	1	1	1	unique_masked_candidate	0x00407db8
aug6-retail-1336	5	0x0045aae0	FUN_0045aae0	40	0x00407dc8	s06_00288700	1	1	1	1	unique_masked_candidate	0x00407dc8
aug6-retail-1337	5	0x0045ab08	FUN_0045ab08	52	0x00407df0	s06_00288700	1	1	1	1	unique_masked_candidate	0x00407df0
aug6-retail-1338	5	0x0045c010	FUN_0045c010	20	0x00409108	s06_00288700	1	1	1	1	unique_masked_candidate	0x00409108
aug6-retail-1339	5	0x004603f0	FUN_004603f0	28	0x0040d168	s06_00288700	1	1	1	1	unique_masked_candidate	0x0040d168
aug6-retail-1340	5	0x004608d0	FUN_004608d0	32	0x0040d648	s06_00288700	0	2	0	2	ambiguous_candidate	0x0040d648,0x0040f5e8
aug6-retail-1341	5	0x00460998	FUN_00460998	208	0x0040d710	s06_00288700	1	1	1	1	unique_masked_candidate	0x0040d710
aug6-retail-1342	5	0x00460a68	FUN_00460a68	180	0x0040d7e0	s06_00288700	1	1	1	1	unique_masked_candidate	0x0040d7e0
aug6-retail-1343	5	0x00460b20	FUN_00460b20	16	0x0040d898	s06_00288700	1	1	1	1	unique_masked_candidate	0x0040d898
aug6-retail-1344	5	0x00460b30	FUN_00460b30	36	0x0040d8a8	s06_00288700	0	1	0	1	unique_masked_candidate	0x0040d8a8
aug6-retail-1345	5	0x004615c8	FUN_004615c8	24	0x0040e350	s06_00288700	1	1	1	1	unique_masked_candidate	0x0040e350
aug6-retail-1346	5	0x004615e8	FUN_004615e8	48	0x0040e370	s06_00288700	1	1	1	1	unique_masked_candidate	0x0040e370
aug6-retail-1347	5	0x00461618	FUN_00461618	68	0x0040e3a0	s06_00288700	1	1	1	1	unique_masked_candidate	0x0040e3a0
aug6-retail-1348	5	0x00461660	FUN_00461660	72	0x0040e3e8	s06_00288700	1	1	1	1	unique_masked_candidate	0x0040e3e8
aug6-retail-1349	5	0x004616a8	FUN_004616a8	36	0x0040e430	s06_00288700	1	1	1	1	unique_masked_candidate	0x0040e430
aug6-retail-1350	5	0x004616d0	FUN_004616d0	16	0x0040e458	s06_00288700	1	1	1	1	unique_masked_candidate	0x0040e458
aug6-retail-1351	5	0x00461788	FUN_00461788	68	0x0040e510	s06_00288700	1	1	1	1	unique_masked_candidate	0x0040e510
aug6-retail-1352	5	0x004618b0	FUN_004618b0	36	0x0040e638	s06_00288700	1	1	1	1	unique_masked_candidate	0x0040e638
aug6-retail-1353	5	0x00462348	FUN_00462348	340	0x0040f0d0	s06_00288700	1	1	1	1	unique_masked_candidate	0x0040f0d0
aug6-retail-1354	5	0x00462860	FUN_00462860	32	0x0040d648	s06_00288700	0	2	0	2	ambiguous_candidate	0x0040d648,0x0040f5e8
aug6-retail-1355	5	0x00462880	FUN_00462880	28	0x0040f608	s06_00288700	0	3	0	3	ambiguous_candidate	0x0040f608,0x0040f628,0x0040f6f8
aug6-retail-1356	5	0x004628a0	FUN_004628a0	28	0x0040f608	s06_00288700	0	3	0	3	ambiguous_candidate	0x0040f608,0x0040f628,0x0040f6f8
aug6-retail-1357	5	0x00462970	FUN_00462970	28	0x0040f608	s06_00288700	0	3	0	3	ambiguous_candidate	0x0040f608,0x0040f628,0x0040f6f8
aug6-retail-1358	5	0x00462e20	FUN_00462e20	88	0x0040fba8	s06_00288700	1	1	1	1	unique_masked_candidate	0x0040fba8
aug6-retail-1359	5	0x00462e80	FUN_00462e80	16	0x0040fc08	s06_00288700	1	1	1	1	unique_masked_candidate	0x0040fc08
aug6-retail-1360	5	0x00462e90	FUN_00462e90	20	0x0040fc18	s06_00288700	1	1	1	1	unique_masked_candidate	0x0040fc18
aug6-retail-1361	5	0x00462fd8	FUN_00462fd8	32	0x0040fd60	s06_00288700	1	1	1	1	unique_masked_candidate	0x0040fd60
aug6-retail-1362	6	0x002e3ef0	FUN_002e3ef0	56	0x002a7848	s06_002a7180	1	1	1	1	unique_masked_candidate	0x002a7848
aug6-retail-1363	6	0x002ed2f8	FUN_002ed2f8	56	0x002ca5e0	s06_002a7180	0	1	0	1	unique_masked_candidate	0x002ca5e0
aug6-retail-1364	6	0x002ed4d8	FUN_002ed4d8	56	0x002ca7c0	s06_002a7180	0	1	0	1	unique_masked_candidate	0x002ca7c0
aug6-retail-1365	6	0x002ed510	FUN_002ed510	36	0x002ca7f8	s06_002a7180	0	1	0	1	unique_masked_candidate	0x002ca7f8
aug6-retail-1366	6	0x002ed5d0	FUN_002ed5d0	20	0x002ca8b0	s06_002a7180	1	1	1	1	unique_masked_candidate	0x002ca8b0
aug6-retail-1367	6	0x002ee0c0	FUN_002ee0c0	88	0x002cb320	s06_002a7180	1	1	1	1	unique_masked_candidate	0x002cb320
aug6-retail-1368	6	0x002ef1c0	FUN_002ef1c0	44	0x002b8c38	s06_002a7180	0	2	0	3	ambiguous_candidate	0x002b8c38,0x002cc4b8
aug6-retail-1369	6	0x002f29c8	FUN_002f29c8	32	0x002cf778	s06_002a7180	1	1	1	1	unique_masked_candidate	0x002cf778
aug6-retail-1370	6	0x00312ef8	FUN_00312ef8	28	0x002f12e8	s06_002a7180	0	1	0	1	unique_masked_candidate	0x002f12e8
aug6-retail-1371	6	0x00315ee8	FUN_00315ee8	28	0x002b4c88	s06_002a7180	0	1	0	2	ambiguous_candidate	0x002b4c88
aug6-retail-1372	6	0x00316828	FUN_00316828	92	0x002a78c0	s06_002a7180	0	1	0	1	unique_masked_candidate	0x002a78c0
aug6-retail-1373	6	0x00317028	FUN_00317028	24	0x002a80a8	s06_002a7180	1	1	1	1	unique_masked_candidate	0x002a80a8
aug6-retail-1374	6	0x0031c730	FUN_0031c730	5060	0x002ad550	s06_002a7180	0	1	0	1	unique_masked_candidate	0x002ad550
aug6-retail-1375	6	0x0031daf8	FUN_0031daf8	160	0x002ae918	s06_002a7180	1	1	1	1	unique_masked_candidate	0x002ae918
aug6-retail-1376	6	0x00324ef0	FUN_00324ef0	136	0x002b40d0	s06_002a7180	0	1	0	1	unique_masked_candidate	0x002b40d0
aug6-retail-1377	6	0x00324f78	FUN_00324f78	28	0x002b4158	s06_002a7180	0	11	0	16	ambiguous_candidate	0x002b4158,0x002c0dd8,0x002f5a00,0x00318da0,0x00321f80,0x00364260,0x003c6258,0x00421da8,0x00424ab0,0x00425670,0x00425690
aug6-retail-1378	6	0x00325aa8	FUN_00325aa8	28	0x002b4c88	s06_002a7180	0	1	0	2	ambiguous_candidate	0x002b4c88
aug6-retail-1379	6	0x00328710	FUN_00328710	80	0x002b74d0	s06_002a7180	1	1	1	1	unique_masked_candidate	0x002b74d0
aug6-retail-1380	6	0x00329940	FUN_00329940	56	0x002b8920	s06_002a7180	1	1	1	1	unique_masked_candidate	0x002b8920
aug6-retail-1381	6	0x00329c60	FUN_00329c60	44	0x002b8c38	s06_002a7180	0	2	0	3	ambiguous_candidate	0x002b8c38,0x002cc4b8
aug6-retail-1382	6	0x00329f58	FUN_00329f58	376	0x002b8f30	s06_002a7180	1	1	1	1	unique_masked_candidate	0x002b8f30
aug6-retail-1383	6	0x0032a7b4	FUN_0032a7b4	128	0x002b978c	s06_002a7180	0	1	0	1	unique_masked_candidate	0x002b978c
aug6-retail-1384	6	0x0032c8d8	FUN_0032c8d8	36	0x002bb810	s06_002a7180	0	1	0	1	unique_masked_candidate	0x002bb810
aug6-retail-1385	6	0x0032d238	FUN_0032d238	48	0x002bc170	s06_002a7180	1	1	1	1	unique_masked_candidate	0x002bc170
aug6-retail-1386	6	0x0032d268	FUN_0032d268	48	0x002bc1a0	s06_002a7180	1	1	1	1	unique_masked_candidate	0x002bc1a0
aug6-retail-1387	6	0x0032d298	FUN_0032d298	48	0x002bc1d0	s06_002a7180	1	1	1	1	unique_masked_candidate	0x002bc1d0
aug6-retail-1388	6	0x0032d308	FUN_0032d308	16	0x002bc240	s06_002a7180	1	1	1	1	unique_masked_candidate	0x002bc240
aug6-retail-1389	6	0x0032d318	FUN_0032d318	16	0x002bc250	s06_002a7180	1	2	2	1	ambiguous_candidate	0x002bc250,0x0030eac0
aug6-retail-1390	6	0x0032d328	FUN_0032d328	40	0x002bc260	s06_002a7180	1	1	1	1	unique_masked_candidate	0x002bc260
aug6-retail-1391	6	0x0032d350	FUN_0032d350	40	0x002bc288	s06_002a7180	1	1	1	1	unique_masked_candidate	0x002bc288
aug6-retail-1392	6	0x0032d378	FUN_0032d378	40	0x002bc2b0	s06_002a7180	1	1	1	1	unique_masked_candidate	0x002bc2b0
aug6-retail-1393	6	0x0032d3a0	FUN_0032d3a0	160	0x002bc2d8	s06_002a7180	1	1	1	1	unique_masked_candidate	0x002bc2d8
aug6-retail-1394	6	0x0032d440	FUN_0032d440	40	0x002bc378	s06_002a7180	1	1	1	1	unique_masked_candidate	0x002bc378
aug6-retail-1395	6	0x0032d468	FUN_0032d468	48	0x002bc3a0	s06_002a7180	1	1	1	1	unique_masked_candidate	0x002bc3a0
aug6-retail-1396	6	0x0032d498	FUN_0032d498	56	0x002bc3d0	s06_002a7180	1	1	1	1	unique_masked_candidate	0x002bc3d0
aug6-retail-1397	6	0x0032d4d0	FUN_0032d4d0	40	0x002bc408	s06_002a7180	1	1	1	1	unique_masked_candidate	0x002bc408
aug6-retail-1398	6	0x0032d500	FUN_0032d500	32	0x002bc438	s06_002a7180	1	1	1	1	unique_masked_candidate	0x002bc438
aug6-retail-1399	6	0x0032d520	FUN_0032d520	24	0x002bc458	s06_002a7180	1	1	1	1	unique_masked_candidate	0x002bc458
aug6-retail-1400	6	0x0032d580	FUN_0032d580	16	0x002bc4a8	s06_002a7180	1	1	1	1	unique_masked_candidate	0x002bc4a8
aug6-retail-1401	6	0x0032d5a0	FUN_0032d5a0	16	0x002bc4c0	s06_002a7180	1	1	1	1	unique_masked_candidate	0x002bc4c0
aug6-retail-1402	6	0x0032d5c8	FUN_0032d5c8	24	0x002bc4d0	s06_002a7180	1	1	1	1	unique_masked_candidate	0x002bc4d0
aug6-retail-1403	6	0x0032d5e0	FUN_0032d5e0	24	0x002bc4e8	s06_002a7180	1	1	1	1	unique_masked_candidate	0x002bc4e8
aug6-retail-1404	6	0x0032d5f8	FUN_0032d5f8	24	0x002bc500	s06_002a7180	1	1	1	1	unique_masked_candidate	0x002bc500
aug6-retail-1405	6	0x0032d610	FUN_0032d610	24	0x002bc518	s06_002a7180	1	1	1	1	unique_masked_candidate	0x002bc518
aug6-retail-1406	6	0x0032d628	FUN_0032d628	40	0x002bc530	s06_002a7180	1	1	1	1	unique_masked_candidate	0x002bc530
aug6-retail-1407	6	0x0032d650	FUN_0032d650	24	0x002bc558	s06_002a7180	1	1	1	1	unique_masked_candidate	0x002bc558
aug6-retail-1408	6	0x0032d668	FUN_0032d668	24	0x002bc570	s06_002a7180	1	1	1	1	unique_masked_candidate	0x002bc570
aug6-retail-1409	6	0x0032d680	FUN_0032d680	24	0x002bc588	s06_002a7180	1	1	1	1	unique_masked_candidate	0x002bc588
aug6-retail-1410	6	0x0032d698	FUN_0032d698	24	0x002bc5b8	s06_002a7180	1	1	1	1	unique_masked_candidate	0x002bc5b8
aug6-retail-1411	6	0x0032d6b0	FUN_0032d6b0	32	0x002bc5d0	s06_002a7180	1	1	1	1	unique_masked_candidate	0x002bc5d0
aug6-retail-1412	6	0x0032d6d0	FUN_0032d6d0	40	0x002bc5f0	s06_002a7180	1	1	1	1	unique_masked_candidate	0x002bc5f0
aug6-retail-1413	6	0x0032d6f8	FUN_0032d6f8	24	0x002bc618	s06_002a7180	1	1	1	1	unique_masked_candidate	0x002bc618
aug6-retail-1414	6	0x0032d710	FUN_0032d710	48	0x002bc630	s06_002a7180	1	1	1	1	unique_masked_candidate	0x002bc630
aug6-retail-1415	6	0x0032d740	FUN_0032d740	40	0x002bc660	s06_002a7180	1	1	1	1	unique_masked_candidate	0x002bc660
aug6-retail-1416	6	0x0032d768	FUN_0032d768	32	0x002bc688	s06_002a7180	1	1	1	1	unique_masked_candidate	0x002bc688
aug6-retail-1417	6	0x0032d788	FUN_0032d788	56	0x002bc6a8	s06_002a7180	1	1	1	1	unique_masked_candidate	0x002bc6a8
aug6-retail-1418	6	0x0032d7c0	FUN_0032d7c0	48	0x002bc6e0	s06_002a7180	1	1	1	1	unique_masked_candidate	0x002bc6e0
aug6-retail-1419	6	0x0032d7f0	FUN_0032d7f0	40	0x002bc710	s06_002a7180	1	1	1	1	unique_masked_candidate	0x002bc710
aug6-retail-1420	6	0x0032d818	FUN_0032d818	72	0x002bc738	s06_002a7180	1	1	1	1	unique_masked_candidate	0x002bc738
aug6-retail-1421	6	0x0032d8a8	FUN_0032d8a8	80	0x002bc780	s06_002a7180	1	1	1	1	unique_masked_candidate	0x002bc780
aug6-retail-1422	6	0x0032d8f8	FUN_0032d8f8	72	0x002bc7d0	s06_002a7180	1	1	1	1	unique_masked_candidate	0x002bc7d0
aug6-retail-1423	6	0x0032d940	FUN_0032d940	112	0x002bc818	s06_002a7180	1	1	1	1	unique_masked_candidate	0x002bc818
aug6-retail-1424	6	0x0032d9b0	FUN_0032d9b0	104	0x002bc888	s06_002a7180	1	1	1	1	unique_masked_candidate	0x002bc888
aug6-retail-1425	6	0x0032da18	FUN_0032da18	112	0x002bc8f0	s06_002a7180	1	1	1	1	unique_masked_candidate	0x002bc8f0
aug6-retail-1426	6	0x0032da88	FUN_0032da88	40	0x002bc960	s06_002a7180	1	1	1	1	unique_masked_candidate	0x002bc960
aug6-retail-1427	6	0x0032dab0	FUN_0032dab0	48	0x002bc988	s06_002a7180	1	1	1	1	unique_masked_candidate	0x002bc988
aug6-retail-1428	6	0x0032dae0	FUN_0032dae0	24	0x002bc9b8	s06_002a7180	1	1	1	1	unique_masked_candidate	0x002bc9b8
aug6-retail-1429	6	0x0032daf8	FUN_0032daf8	40	0x002bc9d0	s06_002a7180	1	1	1	1	unique_masked_candidate	0x002bc9d0
aug6-retail-1430	6	0x0032db20	FUN_0032db20	24	0x002bc9f8	s06_002a7180	1	1	1	1	unique_masked_candidate	0x002bc9f8
aug6-retail-1431	6	0x0032db38	FUN_0032db38	72	0x002bca10	s06_002a7180	1	1	1	1	unique_masked_candidate	0x002bca10
aug6-retail-1432	6	0x0032db88	FUN_0032db88	48	0x002bca60	s06_002a7180	1	1	1	1	unique_masked_candidate	0x002bca60
aug6-retail-1433	6	0x0032dbb8	FUN_0032dbb8	24	0x002bca90	s06_002a7180	1	1	1	1	unique_masked_candidate	0x002bca90
aug6-retail-1434	6	0x0032dbd0	FUN_0032dbd0	24	0x002bcaa8	s06_002a7180	1	1	1	1	unique_masked_candidate	0x002bcaa8
aug6-retail-1435	6	0x0032dd98	FUN_0032dd98	40	0x002bcc70	s06_002a7180	1	1	1	1	unique_masked_candidate	0x002bcc70
aug6-retail-1436	6	0x0032ddc0	FUN_0032ddc0	48	0x002bcc98	s06_002a7180	1	1	1	1	unique_masked_candidate	0x002bcc98
aug6-retail-1437	6	0x0032ddf0	FUN_0032ddf0	56	0x002bccc8	s06_002a7180	1	1	1	1	unique_masked_candidate	0x002bccc8
aug6-retail-1438	6	0x0032de28	FUN_0032de28	32	0x002bcd00	s06_002a7180	1	1	1	1	unique_masked_candidate	0x002bcd00
aug6-retail-1439	6	0x0032de48	FUN_0032de48	32	0x002bcd20	s06_002a7180	1	1	1	1	unique_masked_candidate	0x002bcd20
aug6-retail-1440	6	0x0032de68	FUN_0032de68	552	0x002bcd40	s06_002a7180	0	1	0	1	unique_masked_candidate	0x002bcd40
aug6-retail-1441	6	0x0032e090	FUN_0032e090	32	0x002bcf68	s06_002a7180	1	1	1	1	unique_masked_candidate	0x002bcf68
aug6-retail-1442	6	0x0032e0b0	FUN_0032e0b0	32	0x002bcf88	s06_002a7180	1	1	1	1	unique_masked_candidate	0x002bcf88
aug6-retail-1443	6	0x0032e0d0	FUN_0032e0d0	80	0x002bcfa8	s06_002a7180	1	1	1	1	unique_masked_candidate	0x002bcfa8
aug6-retail-1444	6	0x0032e170	FUN_0032e170	80	0x002bcff8	s06_002a7180	1	1	1	1	unique_masked_candidate	0x002bcff8
aug6-retail-1445	6	0x0032e1c0	FUN_0032e1c0	72	0x002bd048	s06_002a7180	1	1	1	1	unique_masked_candidate	0x002bd048
aug6-retail-1446	6	0x0032e208	FUN_0032e208	64	0x002bd090	s06_002a7180	1	1	1	1	unique_masked_candidate	0x002bd090
aug6-retail-1447	6	0x0032e248	FUN_0032e248	136	0x002bd0d0	s06_002a7180	1	1	1	1	unique_masked_candidate	0x002bd0d0
aug6-retail-1448	6	0x0032e2d0	FUN_0032e2d0	192	0x002bd158	s06_002a7180	0	1	0	1	unique_masked_candidate	0x002bd158
aug6-retail-1449	6	0x0032e390	FUN_0032e390	120	0x002bd218	s06_002a7180	1	1	1	1	unique_masked_candidate	0x002bd218
aug6-retail-1450	6	0x0032e408	FUN_0032e408	136	0x002bd290	s06_002a7180	1	1	1	1	unique_masked_candidate	0x002bd290
aug6-retail-1451	6	0x0032e490	FUN_0032e490	152	0x002bd318	s06_002a7180	1	1	1	1	unique_masked_candidate	0x002bd318
aug6-retail-1452	6	0x0032e528	FUN_0032e528	88	0x002bd3b0	s06_002a7180	1	1	1	1	unique_masked_candidate	0x002bd3b0
aug6-retail-1453	6	0x0032e580	FUN_0032e580	80	0x002bd408	s06_002a7180	1	1	1	1	unique_masked_candidate	0x002bd408
aug6-retail-1454	6	0x0032e5d0	FUN_0032e5d0	72	0x002bd458	s06_002a7180	1	1	1	1	unique_masked_candidate	0x002bd458
aug6-retail-1455	6	0x0032e618	FUN_0032e618	72	0x002bd4a0	s06_002a7180	1	1	1	1	unique_masked_candidate	0x002bd4a0
aug6-retail-1456	6	0x0032e6b8	FUN_0032e6b8	56	0x002bd560	s06_002a7180	1	1	1	1	unique_masked_candidate	0x002bd560
aug6-retail-1457	6	0x0032e6f0	FUN_0032e6f0	16	0x002bd598	s06_002a7180	1	1	1	1	unique_masked_candidate	0x002bd598
aug6-retail-1458	6	0x0032e700	FUN_0032e700	24	0x002bd5a8	s06_002a7180	1	1	1	1	unique_masked_candidate	0x002bd5a8
aug6-retail-1459	6	0x0032e718	FUN_0032e718	16	0x002bd5c0	s06_002a7180	1	1	1	1	unique_masked_candidate	0x002bd5c0
aug6-retail-1460	6	0x0032e728	FUN_0032e728	16	0x002bd5d0	s06_002a7180	1	1	1	1	unique_masked_candidate	0x002bd5d0
aug6-retail-1461	6	0x0032e738	FUN_0032e738	56	0x002bd5e0	s06_002a7180	1	1	1	1	unique_masked_candidate	0x002bd5e0
aug6-retail-1462	6	0x0032e770	FUN_0032e770	72	0x002bd618	s06_002a7180	1	1	1	1	unique_masked_candidate	0x002bd618
aug6-retail-1463	6	0x0032e7b8	FUN_0032e7b8	56	0x002bd660	s06_002a7180	1	1	1	1	unique_masked_candidate	0x002bd660
aug6-retail-1464	6	0x0032e8e8	FUN_0032e8e8	60	0x002bd790	s06_002a7180	0	1	0	1	unique_masked_candidate	0x002bd790
aug6-retail-1465	6	0x0032e928	FUN_0032e928	248	0x002bd7d0	s06_002a7180	0	1	0	1	unique_masked_candidate	0x002bd7d0
aug6-retail-1466	6	0x0032ea20	FUN_0032ea20	184	0x002bd8c8	s06_002a7180	0	1	0	1	unique_masked_candidate	0x002bd8c8
aug6-retail-1467	6	0x00333658	FUN_00333658	28	0x002b4158	s06_002a7180	0	11	0	16	ambiguous_candidate	0x002b4158,0x002c0dd8,0x002f5a00,0x00318da0,0x00321f80,0x00364260,0x003c6258,0x00421da8,0x00424ab0,0x00425670,0x00425690
aug6-retail-1468	6	0x00336428	FUN_00336428	104	0x002f4448	s06_002a7180	1	1	1	1	unique_masked_candidate	0x002f4448
aug6-retail-1469	6	0x00336638	FUN_00336638	252	0x002f4658	s06_002a7180	1	1	1	1	unique_masked_candidate	0x002f4658
aug6-retail-1470	6	0x00336a40	FUN_00336a40	28	0x002b4158	s06_002a7180	0	11	0	16	ambiguous_candidate	0x002b4158,0x002c0dd8,0x002f5a00,0x00318da0,0x00321f80,0x00364260,0x003c6258,0x00421da8,0x00424ab0,0x00425670,0x00425690
aug6-retail-1471	6	0x0033ba60	FUN_0033ba60	28	0x002b4158	s06_002a7180	0	11	0	16	ambiguous_candidate	0x002b4158,0x002c0dd8,0x002f5a00,0x00318da0,0x00321f80,0x00364260,0x003c6258,0x00421da8,0x00424ab0,0x00425670,0x00425690
aug6-retail-1472	6	0x0033ba80	FUN_0033ba80	28	0x002b4158	s06_002a7180	0	11	0	16	ambiguous_candidate	0x002b4158,0x002c0dd8,0x002f5a00,0x00318da0,0x00321f80,0x00364260,0x003c6258,0x00421da8,0x00424ab0,0x00425670,0x00425690
aug6-retail-1473	6	0x0033baa0	FUN_0033baa0	28	0x002b4158	s06_002a7180	0	11	0	16	ambiguous_candidate	0x002b4158,0x002c0dd8,0x002f5a00,0x00318da0,0x00321f80,0x00364260,0x003c6258,0x00421da8,0x00424ab0,0x00425670,0x00425690
aug6-retail-1474	6	0x0033bac0	FUN_0033bac0	28	0x002b4158	s06_002a7180	0	11	0	16	ambiguous_candidate	0x002b4158,0x002c0dd8,0x002f5a00,0x00318da0,0x00321f80,0x00364260,0x003c6258,0x00421da8,0x00424ab0,0x00425670,0x00425690
aug6-retail-1475	6	0x0033e450	FUN_0033e450	88	0x002fbb78	s06_002a7180	1	1	1	1	unique_masked_candidate	0x002fbb78
aug6-retail-1476	6	0x0033e6a8	FUN_0033e6a8	60	0x002fbdd0	s06_002a7180	1	1	1	1	unique_masked_candidate	0x002fbdd0
aug6-retail-1477	6	0x00345b50	FUN_00345b50	100	0x00303840	s06_002a7180	1	1	1	1	unique_masked_candidate	0x00303840
aug6-retail-1478	6	0x003474b8	FUN_003474b8	280	0x00304d28	s06_002a7180	1	1	1	1	unique_masked_candidate	0x00304d28
aug6-retail-1479	6	0x0034b3f0	FUN_0034b3f0	56	0x00308970	s06_002a7180	1	1	1	1	unique_masked_candidate	0x00308970
aug6-retail-1480	6	0x0034d560	FUN_0034d560	32	0x0030a3d8	s06_002a7180	1	1	1	1	unique_masked_candidate	0x0030a3d8
aug6-retail-1481	6	0x0034d580	FUN_0034d580	56	0x0030a3f8	s06_002a7180	0	1	0	1	unique_masked_candidate	0x0030a3f8
aug6-retail-1482	6	0x0034d5b8	FUN_0034d5b8	160	0x0030a430	s06_002a7180	1	1	1	1	unique_masked_candidate	0x0030a430
aug6-retail-1483	6	0x0034d7d8	FUN_0034d7d8	320	0x0030a650	s06_002a7180	1	1	1	1	unique_masked_candidate	0x0030a650
aug6-retail-1484	6	0x0034d918	FUN_0034d918	312	0x0030a790	s06_002a7180	1	1	1	1	unique_masked_candidate	0x0030a790
aug6-retail-1485	6	0x0034da50	FUN_0034da50	736	0x0030a8c8	s06_002a7180	0	1	0	1	unique_masked_candidate	0x0030a8c8
aug6-retail-1486	6	0x0034dd20	FUN_0034dd20	32	0x0030ab98	s06_002a7180	1	1	1	1	unique_masked_candidate	0x0030ab98
aug6-retail-1487	6	0x0034dd40	FUN_0034dd40	40	0x0030abb8	s06_002a7180	0	1	0	1	unique_masked_candidate	0x0030abb8
aug6-retail-1488	6	0x0034dd78	FUN_0034dd78	360	0x0030abf0	s06_002a7180	1	1	1	1	unique_masked_candidate	0x0030abf0
aug6-retail-1489	6	0x0034dee0	FUN_0034dee0	128	0x0030ad58	s06_002a7180	1	1	1	1	unique_masked_candidate	0x0030ad58
aug6-retail-1490	6	0x00350780	FUN_00350780	116	0x0030cb10	s06_002a7180	1	1	1	1	unique_masked_candidate	0x0030cb10
aug6-retail-1491	6	0x00350fc8	FUN_00350fc8	100	0x0030d358	s06_002a7180	0	1	0	1	unique_masked_candidate	0x0030d358
aug6-retail-1492	6	0x00351180	FUN_00351180	120	0x0030d510	s06_002a7180	1	1	1	1	unique_masked_candidate	0x0030d510
aug6-retail-1493	6	0x003511f8	FUN_003511f8	152	0x0030d588	s06_002a7180	0	1	0	1	unique_masked_candidate	0x0030d588
aug6-retail-1494	6	0x00351aa0	FUN_00351aa0	40	0x0030de30	s06_002a7180	0	1	0	1	unique_masked_candidate	0x0030de30
aug6-retail-1495	6	0x00351fe0	FUN_00351fe0	32	0x0030e350	s06_002a7180	1	1	1	1	unique_masked_candidate	0x0030e350
aug6-retail-1496	6	0x00352000	FUN_00352000	48	0x0030e370	s06_002a7180	1	1	1	1	unique_masked_candidate	0x0030e370
aug6-retail-1497	6	0x00352030	FUN_00352030	48	0x0030e3a0	s06_002a7180	1	1	1	1	unique_masked_candidate	0x0030e3a0
aug6-retail-1498	6	0x00352c10	FUN_00352c10	72	0x0030efd0	s06_002a7180	0	1	0	1	unique_masked_candidate	0x0030efd0
aug6-retail-1499	6	0x00352c58	FUN_00352c58	1544	0x0030f018	s06_002a7180	0	1	0	1	unique_masked_candidate	0x0030f018
aug6-retail-1500	6	0x00353260	FUN_00353260	3348	0x0030f620	s06_002a7180	0	1	0	1	unique_masked_candidate	0x0030f620
aug6-retail-1501	6	0x00354c38	FUN_00354c38	2136	0x00310ff8	s06_002a7180	0	1	0	1	unique_masked_candidate	0x00310ff8
aug6-retail-1502	6	0x00356e58	FUN_00356e58	2688	0x003131f0	s06_002a7180	0	1	0	1	unique_masked_candidate	0x003131f0
aug6-retail-1503	6	0x0035a550	FUN_0035a550	60	0x00316788	s06_002a7180	1	1	1	1	unique_masked_candidate	0x00316788
aug6-retail-1504	6	0x0035a598	FUN_0035a598	28	0x003167d0	s06_002a7180	1	1	1	1	unique_masked_candidate	0x003167d0
aug6-retail-1505	6	0x0035a5c0	FUN_0035a5c0	68	0x003167f8	s06_002a7180	1	1	1	1	unique_masked_candidate	0x003167f8
aug6-retail-1506	6	0x0035a6b8	FUN_0035a6b8	92	0x003168f0	s06_002a7180	0	1	0	1	unique_masked_candidate	0x003168f0
aug6-retail-1507	6	0x0035a718	FUN_0035a718	104	0x00316950	s06_002a7180	0	1	0	1	unique_masked_candidate	0x00316950
aug6-retail-1508	6	0x0035a780	FUN_0035a780	68	0x003169b8	s06_002a7180	0	1	0	1	unique_masked_candidate	0x003169b8
aug6-retail-1509	6	0x0035a7c8	FUN_0035a7c8	88	0x00316a00	s06_002a7180	0	1	0	1	unique_masked_candidate	0x00316a00
aug6-retail-1510	6	0x0035a9b0	FUN_0035a9b0	56	0x00316be8	s06_002a7180	1	1	1	1	unique_masked_candidate	0x00316be8
aug6-retail-1511	6	0x0035a9e8	FUN_0035a9e8	288	0x00316c20	s06_002a7180	1	6	6	6	ambiguous_candidate	0x00316c20,0x0038ac68,0x003a6e38,0x003b5af0,0x003ca8c0,0x003f94f0
aug6-retail-1512	6	0x0035ab08	FUN_0035ab08	148	0x00316d40	s06_002a7180	0	1	0	1	unique_masked_candidate	0x00316d40
aug6-retail-1513	6	0x0035aba0	FUN_0035aba0	124	0x00316dd8	s06_002a7180	0	1	0	1	unique_masked_candidate	0x00316dd8
aug6-retail-1514	6	0x0035bad8	FUN_0035bad8	56	0x00317d08	s06_002a7180	1	1	1	1	unique_masked_candidate	0x00317d08
aug6-retail-1515	6	0x0035bd38	FUN_0035bd38	36	0x00317f68	s06_002a7180	0	1	0	1	unique_masked_candidate	0x00317f68
aug6-retail-1516	6	0x0035be08	FUN_0035be08	204	0x00317f98	s06_002a7180	1	1	1	1	unique_masked_candidate	0x00317f98
aug6-retail-1517	6	0x0035bfa0	FUN_0035bfa0	36	0x00318130	s06_002a7180	1	1	1	1	unique_masked_candidate	0x00318130
aug6-retail-1518	6	0x0035bfc8	FUN_0035bfc8	44	0x00318158	s06_002a7180	0	1	0	1	unique_masked_candidate	0x00318158
aug6-retail-1519	6	0x0035bff8	FUN_0035bff8	36	0x00318188	s06_002a7180	1	1	1	1	unique_masked_candidate	0x00318188
aug6-retail-1520	6	0x0035caa8	FUN_0035caa8	28	0x002b4158	s06_002a7180	0	11	0	16	ambiguous_candidate	0x002b4158,0x002c0dd8,0x002f5a00,0x00318da0,0x00321f80,0x00364260,0x003c6258,0x00421da8,0x00424ab0,0x00425670,0x00425690
aug6-retail-1521	6	0x0035cac8	FUN_0035cac8	28	0x002b4158	s06_002a7180	0	11	0	16	ambiguous_candidate	0x002b4158,0x002c0dd8,0x002f5a00,0x00318da0,0x00321f80,0x00364260,0x003c6258,0x00421da8,0x00424ab0,0x00425670,0x00425690
aug6-retail-1522	6	0x0035d790	FUN_0035d790	16	0x003199a8	s06_002a7180	1	1	1	1	unique_masked_candidate	0x003199a8
aug6-retail-1523	6	0x0035d838	FUN_0035d838	68	0x00319a50	s06_002a7180	0	1	0	1	unique_masked_candidate	0x00319a50
aug6-retail-1524	6	0x0035d9d0	FUN_0035d9d0	84	0x00319be8	s06_002a7180	0	1	0	1	unique_masked_candidate	0x00319be8
aug6-retail-1525	6	0x0035da28	FUN_0035da28	92	0x00319c40	s06_002a7180	0	1	0	1	unique_masked_candidate	0x00319c40
aug6-retail-1526	6	0x0035e628	FUN_0035e628	92	0x0031a7f8	s06_002a7180	1	1	1	1	unique_masked_candidate	0x0031a7f8
aug6-retail-1527	6	0x0035e8d8	FUN_0035e8d8	48	0x0031aaa8	s06_002a7180	1	1	1	1	unique_masked_candidate	0x0031aaa8
aug6-retail-1528	6	0x0035e910	FUN_0035e910	48	0x0031aae0	s06_002a7180	1	1	1	1	unique_masked_candidate	0x0031aae0
aug6-retail-1529	6	0x0035fb40	FUN_0035fb40	88	0x0031bd80	s06_002a7180	0	1	0	1	unique_masked_candidate	0x0031bd80
aug6-retail-1530	6	0x0035fc28	FUN_0035fc28	16	0x0031be68	s06_002a7180	1	1	1	1	unique_masked_candidate	0x0031be68
aug6-retail-1531	6	0x00361cc8	FUN_00361cc8	48	0x0031e058	s06_002a7180	1	1	1	1	unique_masked_candidate	0x0031e058
aug6-retail-1532	6	0x00363600	FUN_00363600	128	0x0031f818	s06_002a7180	0	1	0	1	unique_masked_candidate	0x0031f818
aug6-retail-1533	6	0x00363798	FUN_00363798	40	0x0031f9b0	s06_002a7180	1	1	1	1	unique_masked_candidate	0x0031f9b0
aug6-retail-1534	6	0x00363ca8	FUN_00363ca8	44	0x0031fe78	s06_002a7180	0	1	0	1	unique_masked_candidate	0x0031fe78
aug6-retail-1535	6	0x00365160	FUN_00365160	44	0x00321108	s06_002a7180	0	1	0	1	unique_masked_candidate	0x00321108
aug6-retail-1536	6	0x00365190	FUN_00365190	40	0x00321138	s06_002a7180	0	1	0	1	unique_masked_candidate	0x00321138
aug6-retail-1537	6	0x00365308	FUN_00365308	28	0x003212b0	s06_002a7180	0	2	0	4	ambiguous_candidate	0x003212b0,0x00321390
aug6-retail-1538	6	0x00365360	FUN_00365360	28	0x003212b0	s06_002a7180	0	2	0	4	ambiguous_candidate	0x003212b0,0x00321390
aug6-retail-1539	6	0x00365400	FUN_00365400	28	0x003212b0	s06_002a7180	0	2	0	4	ambiguous_candidate	0x003212b0,0x00321390
aug6-retail-1540	6	0x00365788	FUN_00365788	56	0x00321718	s06_002a7180	0	1	0	1	unique_masked_candidate	0x00321718
aug6-retail-1541	6	0x003662d0	FUN_003662d0	28	0x002b4158	s06_002a7180	0	11	0	16	ambiguous_candidate	0x002b4158,0x002c0dd8,0x002f5a00,0x00318da0,0x00321f80,0x00364260,0x003c6258,0x00421da8,0x00424ab0,0x00425670,0x00425690
aug6-retail-1542	6	0x00369618	FUN_00369618	28	0x00325378	s06_002a7180	0	1	0	1	unique_masked_candidate	0x00325378
aug6-retail-1543	6	0x0036a228	FUN_0036a228	40	0x00325f88	s06_002a7180	1	1	1	1	unique_masked_candidate	0x00325f88
aug6-retail-1544	6	0x0036a250	FUN_0036a250	36	0x00325fb0	s06_002a7180	1	1	1	1	unique_masked_candidate	0x00325fb0
aug6-retail-1545	6	0x0036a278	FUN_0036a278	32	0x00325fd8	s06_002a7180	1	1	1	1	unique_masked_candidate	0x00325fd8
aug6-retail-1546	6	0x0036d298	FUN_0036d298	100	0x00328198	s06_002a7180	0	1	0	1	unique_masked_candidate	0x00328198
aug6-retail-1547	6	0x0036f678	FUN_0036f678	36	0x0032a3e8	s06_002a7180	0	1	0	1	unique_masked_candidate	0x0032a3e8
aug6-retail-1548	6	0x0036ffa8	FUN_0036ffa8	100	0x0032ace8	s06_002a7180	1	1	1	1	unique_masked_candidate	0x0032ace8
aug6-retail-1549	6	0x00371768	FUN_00371768	152	0x0032c470	s06_002a7180	1	1	1	1	unique_masked_candidate	0x0032c470
aug6-retail-1550	6	0x0037c7e8	FUN_0037c7e8	96	0x00337f30	s06_002a7180	0	1	0	1	unique_masked_candidate	0x00337f30
aug6-retail-1551	6	0x0037cb70	FUN_0037cb70	60	0x003382b8	s06_002a7180	0	1	0	1	unique_masked_candidate	0x003382b8
aug6-retail-1552	6	0x003829f0	FUN_003829f0	100	0x0033ce40	s06_002a7180	1	1	1	1	unique_masked_candidate	0x0033ce40
aug6-retail-1553	6	0x00384378	FUN_00384378	60	0x0033e748	s06_002a7180	1	1	1	1	unique_masked_candidate	0x0033e748
aug6-retail-1554	6	0x003843b8	FUN_003843b8	60	0x0033e788	s06_002a7180	1	1	1	1	unique_masked_candidate	0x0033e788
aug6-retail-1555	6	0x00385dc8	FUN_00385dc8	36	0x00340160	s06_002a7180	1	1	1	1	unique_masked_candidate	0x00340160
aug6-retail-1556	6	0x00387b00	FUN_00387b00	48	0x00341f98	s06_002a7180	0	12	0	20	ambiguous_candidate	0x00341f98,0x003421c8,0x00342298,0x00342390,0x003424e8,0x003425b8,0x00342670,0x00342728,0x003427e0,0x00342a90,0x00342b48,0x00342c88
aug6-retail-1557	6	0x00387f00	FUN_00387f00	48	0x00341f98	s06_002a7180	0	12	0	20	ambiguous_candidate	0x00341f98,0x003421c8,0x00342298,0x00342390,0x003424e8,0x003425b8,0x00342670,0x00342728,0x003427e0,0x00342a90,0x00342b48,0x00342c88
aug6-retail-1558	6	0x00387fd0	FUN_00387fd0	48	0x00341f98	s06_002a7180	0	12	0	20	ambiguous_candidate	0x00341f98,0x003421c8,0x00342298,0x00342390,0x003424e8,0x003425b8,0x00342670,0x00342728,0x003427e0,0x00342a90,0x00342b48,0x00342c88
aug6-retail-1559	6	0x003881a0	FUN_003881a0	48	0x00341f98	s06_002a7180	0	12	0	20	ambiguous_candidate	0x00341f98,0x003421c8,0x00342298,0x00342390,0x003424e8,0x003425b8,0x00342670,0x00342728,0x003427e0,0x00342a90,0x00342b48,0x00342c88
aug6-retail-1560	6	0x0038d4e0	FUN_0038d4e0	48	0x00341f98	s06_002a7180	0	12	0	20	ambiguous_candidate	0x00341f98,0x003421c8,0x00342298,0x00342390,0x003424e8,0x003425b8,0x00342670,0x00342728,0x003427e0,0x00342a90,0x00342b48,0x00342c88
aug6-retail-1561	6	0x0038d598	FUN_0038d598	48	0x00341f98	s06_002a7180	0	12	0	20	ambiguous_candidate	0x00341f98,0x003421c8,0x00342298,0x00342390,0x003424e8,0x003425b8,0x00342670,0x00342728,0x003427e0,0x00342a90,0x00342b48,0x00342c88
aug6-retail-1562	6	0x0038d708	FUN_0038d708	48	0x00341f98	s06_002a7180	0	12	0	20	ambiguous_candidate	0x00341f98,0x003421c8,0x00342298,0x00342390,0x003424e8,0x003425b8,0x00342670,0x00342728,0x003427e0,0x00342a90,0x00342b48,0x00342c88
aug6-retail-1563	6	0x0038d7c0	FUN_0038d7c0	48	0x00341f98	s06_002a7180	0	12	0	20	ambiguous_candidate	0x00341f98,0x003421c8,0x00342298,0x00342390,0x003424e8,0x003425b8,0x00342670,0x00342728,0x003427e0,0x00342a90,0x00342b48,0x00342c88
aug6-retail-1564	6	0x0038d878	FUN_0038d878	48	0x00341f98	s06_002a7180	0	12	0	20	ambiguous_candidate	0x00341f98,0x003421c8,0x00342298,0x00342390,0x003424e8,0x003425b8,0x00342670,0x00342728,0x003427e0,0x00342a90,0x00342b48,0x00342c88
aug6-retail-1565	6	0x0038d930	FUN_0038d930	48	0x00341f98	s06_002a7180	0	12	0	20	ambiguous_candidate	0x00341f98,0x003421c8,0x00342298,0x00342390,0x003424e8,0x003425b8,0x00342670,0x00342728,0x003427e0,0x00342a90,0x00342b48,0x00342c88
aug6-retail-1566	6	0x0038d9e8	FUN_0038d9e8	48	0x00341f98	s06_002a7180	0	12	0	20	ambiguous_candidate	0x00341f98,0x003421c8,0x00342298,0x00342390,0x003424e8,0x003425b8,0x00342670,0x00342728,0x003427e0,0x00342a90,0x00342b48,0x00342c88
aug6-retail-1567	6	0x0038dab8	FUN_0038dab8	48	0x00341f98	s06_002a7180	0	12	0	20	ambiguous_candidate	0x00341f98,0x003421c8,0x00342298,0x00342390,0x003424e8,0x003425b8,0x00342670,0x00342728,0x003427e0,0x00342a90,0x00342b48,0x00342c88
aug6-retail-1568	6	0x0038db70	FUN_0038db70	48	0x00341f98	s06_002a7180	0	12	0	20	ambiguous_candidate	0x00341f98,0x003421c8,0x00342298,0x00342390,0x003424e8,0x003425b8,0x00342670,0x00342728,0x003427e0,0x00342a90,0x00342b48,0x00342c88
aug6-retail-1569	6	0x0038dc70	FUN_0038dc70	48	0x00341f98	s06_002a7180	0	12	0	20	ambiguous_candidate	0x00341f98,0x003421c8,0x00342298,0x00342390,0x003424e8,0x003425b8,0x00342670,0x00342728,0x003427e0,0x00342a90,0x00342b48,0x00342c88
aug6-retail-1570	6	0x0038dd68	FUN_0038dd68	48	0x00341f98	s06_002a7180	0	12	0	20	ambiguous_candidate	0x00341f98,0x003421c8,0x00342298,0x00342390,0x003424e8,0x003425b8,0x00342670,0x00342728,0x003427e0,0x00342a90,0x00342b48,0x00342c88
aug6-retail-1571	6	0x0038fe20	FUN_0038fe20	48	0x00341f98	s06_002a7180	0	12	0	20	ambiguous_candidate	0x00341f98,0x003421c8,0x00342298,0x00342390,0x003424e8,0x003425b8,0x00342670,0x00342728,0x003427e0,0x00342a90,0x00342b48,0x00342c88
aug6-retail-1572	6	0x0038fff8	FUN_0038fff8	48	0x00341f98	s06_002a7180	0	12	0	20	ambiguous_candidate	0x00341f98,0x003421c8,0x00342298,0x00342390,0x003424e8,0x003425b8,0x00342670,0x00342728,0x003427e0,0x00342a90,0x00342b48,0x00342c88
aug6-retail-1573	6	0x00390150	FUN_00390150	48	0x00341f98	s06_002a7180	0	12	0	20	ambiguous_candidate	0x00341f98,0x003421c8,0x00342298,0x00342390,0x003424e8,0x003425b8,0x00342670,0x00342728,0x003427e0,0x00342a90,0x00342b48,0x00342c88
aug6-retail-1574	6	0x00390200	FUN_00390200	48	0x00341f98	s06_002a7180	0	12	0	20	ambiguous_candidate	0x00341f98,0x003421c8,0x00342298,0x00342390,0x003424e8,0x003425b8,0x00342670,0x00342728,0x003427e0,0x00342a90,0x00342b48,0x00342c88
aug6-retail-1575	6	0x003903e8	FUN_003903e8	48	0x00341f98	s06_002a7180	0	12	0	20	ambiguous_candidate	0x00341f98,0x003421c8,0x00342298,0x00342390,0x003424e8,0x003425b8,0x00342670,0x00342728,0x003427e0,0x00342a90,0x00342b48,0x00342c88
aug6-retail-1576	6	0x00390718	FUN_00390718	56	0x00342f18	s06_002a7180	0	1	0	1	unique_masked_candidate	0x00342f18
aug6-retail-1577	6	0x00390750	FUN_00390750	36	0x00342f50	s06_002a7180	0	1	0	1	unique_masked_candidate	0x00342f50
aug6-retail-1578	6	0x00390778	FUN_00390778	40	0x00342f78	s06_002a7180	0	1	0	1	unique_masked_candidate	0x00342f78
aug6-retail-1579	6	0x003923c0	FUN_003923c0	32	0x003449c0	s06_002a7180	0	1	0	1	unique_masked_candidate	0x003449c0
aug6-retail-1580	6	0x003963b0	FUN_003963b0	56	0x00347c80	s06_002a7180	0	1	0	1	unique_masked_candidate	0x00347c80
aug6-retail-1581	6	0x003990f0	FUN_003990f0	64	0x0034aa38	s06_002a7180	1	1	1	1	unique_masked_candidate	0x0034aa38
aug6-retail-1582	6	0x003a8a50	FUN_003a8a50	36	0x00357f60	s06_002a7180	1	1	1	1	unique_masked_candidate	0x00357f60
aug6-retail-1583	6	0x003a9a70	FUN_003a9a70	40	0x00358cc0	s06_002a7180	0	1	0	1	unique_masked_candidate	0x00358cc0
aug6-retail-1584	6	0x003ab3e0	FUN_003ab3e0	364	0x0035a3a8	s06_002a7180	0	1	0	1	unique_masked_candidate	0x0035a3a8
aug6-retail-1585	6	0x003ad1e0	FUN_003ad1e0	40	0x0035c198	s06_002a7180	1	3	3	3	ambiguous_candidate	0x0035c198,0x0035cd44,0x0035d60c
aug6-retail-1586	6	0x003add64	FUN_003add64	40	0x0035cd1c	s06_002a7180	1	3	3	3	ambiguous_candidate	0x0035cd1c,0x0035d5e4,0x0035f2b0
aug6-retail-1587	6	0x003add8c	FUN_003add8c	40	0x0035c198	s06_002a7180	1	3	3	3	ambiguous_candidate	0x0035c198,0x0035cd44,0x0035d60c
aug6-retail-1588	6	0x003ae62c	FUN_003ae62c	40	0x0035cd1c	s06_002a7180	1	3	3	3	ambiguous_candidate	0x0035cd1c,0x0035d5e4,0x0035f2b0
aug6-retail-1589	6	0x003ae654	FUN_003ae654	40	0x0035c198	s06_002a7180	1	3	3	3	ambiguous_candidate	0x0035c198,0x0035cd44,0x0035d60c
aug6-retail-1590	6	0x003af078	FUN_003af078	40	0x0035e030	s06_002a7180	1	1	1	1	unique_masked_candidate	0x0035e030
aug6-retail-1591	6	0x003af0a0	FUN_003af0a0	288	0x0035e058	s06_002a7180	0	1	0	1	unique_masked_candidate	0x0035e058
aug6-retail-1592	6	0x003af1c0	FUN_003af1c0	56	0x0035e178	s06_002a7180	1	1	1	1	unique_masked_candidate	0x0035e178
aug6-retail-1593	6	0x003b02f8	FUN_003b02f8	40	0x0035cd1c	s06_002a7180	1	3	3	3	ambiguous_candidate	0x0035cd1c,0x0035d5e4,0x0035f2b0
aug6-retail-1594	6	0x003b5f88	FUN_003b5f88	28	0x002b4158	s06_002a7180	0	11	0	16	ambiguous_candidate	0x002b4158,0x002c0dd8,0x002f5a00,0x00318da0,0x00321f80,0x00364260,0x003c6258,0x00421da8,0x00424ab0,0x00425670,0x00425690
aug6-retail-1595	6	0x003bdc60	FUN_003bdc60	28	0x0036add8	s06_002a7180	0	1	0	1	unique_masked_candidate	0x0036add8
aug6-retail-1596	6	0x003bee78	FUN_003bee78	132	0x0036c008	s06_002a7180	1	1	1	1	unique_masked_candidate	0x0036c008
aug6-retail-1597	6	0x003bef00	FUN_003bef00	56	0x0036c090	s06_002a7180	1	1	1	1	unique_masked_candidate	0x0036c090
aug6-retail-1598	6	0x003bef38	FUN_003bef38	68	0x0036c0c8	s06_002a7180	1	1	1	1	unique_masked_candidate	0x0036c0c8
aug6-retail-1599	6	0x003bf408	FUN_003bf408	44	0x0036c570	s06_002a7180	1	1	1	1	unique_masked_candidate	0x0036c570
aug6-retail-1600	6	0x003c1ca0	FUN_003c1ca0	44	0x002b8c38	s06_002a7180	0	2	0	3	ambiguous_candidate	0x002b8c38,0x002cc4b8
aug6-retail-1601	6	0x003c5698	FUN_003c5698	48	0x00372980	s06_002a7180	0	1	0	1	unique_masked_candidate	0x00372980
aug6-retail-1602	6	0x003c6010	FUN_003c6010	28	0x002b4158	s06_002a7180	0	11	0	16	ambiguous_candidate	0x002b4158,0x002c0dd8,0x002f5a00,0x00318da0,0x00321f80,0x00364260,0x003c6258,0x00421da8,0x00424ab0,0x00425670,0x00425690
aug6-retail-1603	6	0x003ca858	FUN_003ca858	144	0x003a4b68	s06_002a7180	1	4	4	2	ambiguous_candidate	0x003a4b68,0x003b1668,0x003b42c0,0x004119b0
aug6-retail-1604	6	0x003ccee0	FUN_003ccee0	144	0x003a4b68	s06_002a7180	1	4	4	2	ambiguous_candidate	0x003a4b68,0x003b1668,0x003b42c0,0x004119b0
aug6-retail-1605	6	0x003dfd30	FUN_003dfd30	16	0x00380db0	s06_002a7180	1	1	1	1	unique_masked_candidate	0x00380db0
aug6-retail-1606	6	0x003e1150	UpdateMoby_775	76	0x00382080	s06_002a7180	0	1	0	1	unique_masked_candidate	0x00382080
aug6-retail-1607	6	0x003e1de0	FUN_003e1de0	16	0x00382c80	s06_002a7180	1	1	1	1	unique_masked_candidate	0x00382c80
aug6-retail-1608	6	0x003e3cc8	FUN_003e3cc8	40	0x00384b58	s06_002a7180	1	1	1	1	unique_masked_candidate	0x00384b58
aug6-retail-1609	6	0x003e8338	FUN_003e8338	288	0x00316c20	s06_002a7180	1	6	6	6	ambiguous_candidate	0x00316c20,0x0038ac68,0x003a6e38,0x003b5af0,0x003ca8c0,0x003f94f0
aug6-retail-1610	6	0x003e8e48	FUN_003e8e48	144	0x0038bf30	s06_002a7180	1	2	2	2	ambiguous_candidate	0x0038bf30,0x003cb4b8
aug6-retail-1611	6	0x003f4020	FUN_003f4020	92	0x00396b38	s06_002a7180	0	1	0	1	unique_masked_candidate	0x00396b38
aug6-retail-1612	6	0x003f9608	FUN_003f9608	44	0x0040e510	s06_002a7180	1	1	1	1	unique_masked_candidate	0x0040e510
aug6-retail-1613	6	0x003fa500	FUN_003fa500	136	0x003b5a68	s06_002a7180	1	10	10	11	ambiguous_candidate	0x003b5a68,0x003bbcf0,0x003bff58,0x003c2938,0x003c89d0,0x003d43d8,0x003d5828,0x003f9468,0x00402d30,0x0040f428
aug6-retail-1614	6	0x00405928	UpdateMoby_2384	28	0x003a3fb0	s06_002a7180	0	1	0	1	unique_masked_candidate	0x003a3fb0
aug6-retail-1615	6	0x00406d98	FUN_00406d98	136	0x003b5a68	s06_002a7180	1	10	10	11	ambiguous_candidate	0x003b5a68,0x003bbcf0,0x003bff58,0x003c2938,0x003c89d0,0x003d43d8,0x003d5828,0x003f9468,0x00402d30,0x0040f428
aug6-retail-1616	6	0x00406e20	FUN_00406e20	288	0x00316c20	s06_002a7180	1	6	6	6	ambiguous_candidate	0x00316c20,0x0038ac68,0x003a6e38,0x003b5af0,0x003ca8c0,0x003f94f0
aug6-retail-1617	6	0x00409e88	FUN_00409e88	40	0x003ad6f0	s06_002a7180	1	1	1	1	unique_masked_candidate	0x003ad6f0
aug6-retail-1618	6	0x00412368	FUN_00412368	136	0x003b5a68	s06_002a7180	1	10	10	11	ambiguous_candidate	0x003b5a68,0x003bbcf0,0x003bff58,0x003c2938,0x003c89d0,0x003d43d8,0x003d5828,0x003f9468,0x00402d30,0x0040f428
aug6-retail-1619	6	0x004123f0	FUN_004123f0	288	0x00316c20	s06_002a7180	1	6	6	6	ambiguous_candidate	0x00316c20,0x0038ac68,0x003a6e38,0x003b5af0,0x003ca8c0,0x003f94f0
aug6-retail-1620	6	0x00419210	FUN_00419210	136	0x003b5a68	s06_002a7180	1	10	10	11	ambiguous_candidate	0x003b5a68,0x003bbcf0,0x003bff58,0x003c2938,0x003c89d0,0x003d43d8,0x003d5828,0x003f9468,0x00402d30,0x0040f428
aug6-retail-1621	6	0x0041cab0	FUN_0041cab0	92	0x003bedc8	s06_002a7180	0	1	0	1	unique_masked_candidate	0x003bedc8
aug6-retail-1622	6	0x0041dc30	FUN_0041dc30	136	0x003b5a68	s06_002a7180	1	10	10	11	ambiguous_candidate	0x003b5a68,0x003bbcf0,0x003bff58,0x003c2938,0x003c89d0,0x003d43d8,0x003d5828,0x003f9468,0x00402d30,0x0040f428
aug6-retail-1623	6	0x0041fd60	FUN_0041fd60	44	0x003c0200	s06_002a7180	0	1	0	1	unique_masked_candidate	0x003c0200
aug6-retail-1624	6	0x00422530	FUN_00422530	136	0x003b5a68	s06_002a7180	1	10	10	11	ambiguous_candidate	0x003b5a68,0x003bbcf0,0x003bff58,0x003c2938,0x003c89d0,0x003d43d8,0x003d5828,0x003f9468,0x00402d30,0x0040f428
aug6-retail-1625	6	0x00426190	UpdateMoby_3077	28	0x002b4158	s06_002a7180	0	11	0	16	ambiguous_candidate	0x002b4158,0x002c0dd8,0x002f5a00,0x00318da0,0x00321f80,0x00364260,0x003c6258,0x00421da8,0x00424ab0,0x00425670,0x00425690
aug6-retail-1626	6	0x00428810	FUN_00428810	136	0x003b5a68	s06_002a7180	1	10	10	11	ambiguous_candidate	0x003b5a68,0x003bbcf0,0x003bff58,0x003c2938,0x003c89d0,0x003d43d8,0x003d5828,0x003f9468,0x00402d30,0x0040f428
aug6-retail-1627	6	0x0042a9a0	FUN_0042a9a0	288	0x00316c20	s06_002a7180	1	6	6	6	ambiguous_candidate	0x00316c20,0x0038ac68,0x003a6e38,0x003b5af0,0x003ca8c0,0x003f94f0
aug6-retail-1628	6	0x0042b4b0	FUN_0042b4b0	144	0x0038bf30	s06_002a7180	1	2	2	2	ambiguous_candidate	0x0038bf30,0x003cb4b8
aug6-retail-1629	6	0x0042bce0	FUN_0042bce0	104	0x003886d0	s06_002a7180	1	2	2	2	ambiguous_candidate	0x003886d0,0x003cbe20
aug6-retail-1630	6	0x00433798	FUN_00433798	136	0x003b5a68	s06_002a7180	1	10	10	11	ambiguous_candidate	0x003b5a68,0x003bbcf0,0x003bff58,0x003c2938,0x003c89d0,0x003d43d8,0x003d5828,0x003f9468,0x00402d30,0x0040f428
aug6-retail-1631	6	0x00434b40	FUN_00434b40	136	0x003b5a68	s06_002a7180	1	10	10	11	ambiguous_candidate	0x003b5a68,0x003bbcf0,0x003bff58,0x003c2938,0x003c89d0,0x003d43d8,0x003d5828,0x003f9468,0x00402d30,0x0040f428
aug6-retail-1632	6	0x00436250	FUN_00436250	64	0x003d6f70	s06_002a7180	1	1	1	1	unique_masked_candidate	0x003d6f70
aug6-retail-1633	6	0x00443de0	FUN_00443de0	52	0x003e1d98	s06_002a7180	0	1	0	1	unique_masked_candidate	0x003e1d98
aug6-retail-1634	6	0x0045f470	FUN_0045f470	136	0x003b5a68	s06_002a7180	1	10	10	11	ambiguous_candidate	0x003b5a68,0x003bbcf0,0x003bff58,0x003c2938,0x003c89d0,0x003d43d8,0x003d5828,0x003f9468,0x00402d30,0x0040f428
aug6-retail-1635	6	0x0045f4f8	FUN_0045f4f8	288	0x00316c20	s06_002a7180	1	6	6	6	ambiguous_candidate	0x00316c20,0x0038ac68,0x003a6e38,0x003b5af0,0x003ca8c0,0x003f94f0
aug6-retail-1636	6	0x00460a70	FUN_00460a70	220	0x003fac40	s06_002a7180	0	1	0	1	unique_masked_candidate	0x003fac40
aug6-retail-1637	6	0x00460b50	FUN_00460b50	36	0x003fad20	s06_002a7180	1	1	1	1	unique_masked_candidate	0x003fad20
aug6-retail-1638	6	0x00469288	FUN_00469288	136	0x003b5a68	s06_002a7180	1	10	10	11	ambiguous_candidate	0x003b5a68,0x003bbcf0,0x003bff58,0x003c2938,0x003c89d0,0x003d43d8,0x003d5828,0x003f9468,0x00402d30,0x0040f428
aug6-retail-1639	6	0x0046c0c0	FUN_0046c0c0	104	0x003886d0	s06_002a7180	1	2	2	2	ambiguous_candidate	0x003886d0,0x003cbe20
aug6-retail-1640	6	0x0046c128	FUN_0046c128	112	0x00388738	s06_002a7180	1	1	1	1	unique_masked_candidate	0x00388738
aug6-retail-1641	6	0x00471668	FUN_00471668	44	0x0041a688	s06_002a7180	0	1	0	1	unique_masked_candidate	0x0041a688
aug6-retail-1642	6	0x00474d78	FUN_00474d78	16	0x0041d890	s06_002a7180	1	1	1	1	unique_masked_candidate	0x0041d890
aug6-retail-1643	6	0x004797a8	UpdateCamera_6	28	0x002b4158	s06_002a7180	0	11	0	16	ambiguous_candidate	0x002b4158,0x002c0dd8,0x002f5a00,0x00318da0,0x00321f80,0x00364260,0x003c6258,0x00421da8,0x00424ab0,0x00425670,0x00425690
aug6-retail-1644	6	0x0047c8e0	FUN_0047c8e0	28	0x002b4158	s06_002a7180	0	11	0	16	ambiguous_candidate	0x002b4158,0x002c0dd8,0x002f5a00,0x00318da0,0x00321f80,0x00364260,0x003c6258,0x00421da8,0x00424ab0,0x00425670,0x00425690
aug6-retail-1645	6	0x0047d2e8	FUN_0047d2e8	28	0x002b4158	s06_002a7180	0	11	0	16	ambiguous_candidate	0x002b4158,0x002c0dd8,0x002f5a00,0x00318da0,0x00321f80,0x00364260,0x003c6258,0x00421da8,0x00424ab0,0x00425670,0x00425690
aug6-retail-1646	6	0x0047d3c0	FUN_0047d3c0	36	0x00425768	s06_002a7180	1	1	1	1	unique_masked_candidate	0x00425768
aug6-retail-1647	6	0x0047d3f0	FUN_0047d3f0	32	0x00425798	s06_002a7180	1	1	1	1	unique_masked_candidate	0x00425798
aug6-retail-1648	6	0x0047d410	FUN_0047d410	40	0x004257b8	s06_002a7180	1	1	1	1	unique_masked_candidate	0x004257b8
aug6-retail-1649	6	0x0047d510	FUN_0047d510	36	0x004258b8	s06_002a7180	1	1	1	1	unique_masked_candidate	0x004258b8
aug6-retail-1650	6	0x0047da20	FUN_0047da20	20	0x00425dc8	s06_002a7180	1	1	1	1	unique_masked_candidate	0x00425dc8
aug6-retail-1651	6	0x0047da38	FUN_0047da38	20	0x00425de0	s06_002a7180	1	1	1	1	unique_masked_candidate	0x00425de0
aug6-retail-1652	6	0x0047da50	FUN_0047da50	60	0x00425df8	s06_002a7180	1	1	1	1	unique_masked_candidate	0x00425df8
aug6-retail-1653	6	0x0047da90	FUN_0047da90	60	0x00425e38	s06_002a7180	1	1	1	1	unique_masked_candidate	0x00425e38
aug6-retail-1654	6	0x0047dea8	FUN_0047dea8	44	0x00426220	s06_002a7180	1	1	1	1	unique_masked_candidate	0x00426220
aug6-retail-1655	6	0x0047ded8	FUN_0047ded8	24	0x00426250	s06_002a7180	1	1	1	1	unique_masked_candidate	0x00426250
aug6-retail-1656	6	0x0047dfc8	FUN_0047dfc8	44	0x00426340	s06_002a7180	0	1	0	1	unique_masked_candidate	0x00426340
aug6-retail-1657	6	0x0047e120	FUN_0047e120	296	0x00426498	s06_002a7180	1	1	1	1	unique_masked_candidate	0x00426498
aug6-retail-1658	6	0x0047e250	FUN_0047e250	24	0x004265c8	s06_002a7180	1	1	1	1	unique_masked_candidate	0x004265c8
aug6-retail-1659	6	0x0047e2d8	FUN_0047e2d8	80	0x00426650	s06_002a7180	1	1	1	1	unique_masked_candidate	0x00426650
aug6-retail-1660	6	0x0047e458	FUN_0047e458	28	0x004267d0	s06_002a7180	1	1	1	1	unique_masked_candidate	0x004267d0
aug6-retail-1661	6	0x00480d00	FUN_00480d00	28	0x0042ac08	s06_002a7180	0	1	0	2	ambiguous_candidate	0x0042ac08
aug6-retail-1662	6	0x00481f60	FUN_00481f60	16	0x00429758	s06_002a7180	1	1	1	1	unique_masked_candidate	0x00429758
aug6-retail-1663	6	0x00481f70	FUN_00481f70	24	0x00429768	s06_002a7180	1	1	1	1	unique_masked_candidate	0x00429768
aug6-retail-1664	6	0x004825a8	FUN_004825a8	20	0x00429bf8	s06_002a7180	1	2	2	2	ambiguous_candidate	0x00429bf8,0x0042e108
aug6-retail-1665	6	0x00485bb0	FUN_00485bb0	28	0x0042ac08	s06_002a7180	0	1	0	2	ambiguous_candidate	0x0042ac08
aug6-retail-1666	6	0x00488fd8	FUN_00488fd8	28	0x0042dc30	s06_002a7180	0	1	0	1	unique_masked_candidate	0x0042dc30
aug6-retail-1667	6	0x00488ff8	FUN_00488ff8	28	0x0042dc50	s06_002a7180	0	1	0	1	unique_masked_candidate	0x0042dc50
aug6-retail-1668	6	0x00489420	FUN_00489420	28	0x003212b0	s06_002a7180	0	2	0	4	ambiguous_candidate	0x003212b0,0x00321390
aug6-retail-1669	6	0x0048a5d0	FUN_0048a5d0	20	0x00429bf8	s06_002a7180	1	2	2	2	ambiguous_candidate	0x00429bf8,0x0042e108
aug6-retail-1670	6	0x0048f5f8	FUN_0048f5f8	108	0x00432470	s06_002a7180	1	1	1	1	unique_masked_candidate	0x00432470
aug6-retail-1671	6	0x0048f680	FUN_0048f680	36	0x004324f0	s06_002a7180	1	1	1	1	unique_masked_candidate	0x004324f0
aug6-retail-1672	6	0x00490a28	FUN_00490a28	52	0x00433418	s06_002a7180	1	1	1	1	unique_masked_candidate	0x00433418
aug6-retail-1673	6	0x00490b30	FUN_00490b30	20	0x00433520	s06_002a7180	1	1	1	1	unique_masked_candidate	0x00433520
aug6-retail-1674	6	0x00490b68	FUN_00490b68	52	0x00433558	s06_002a7180	1	1	1	1	unique_masked_candidate	0x00433558
aug6-retail-1675	6	0x00490ba0	FUN_00490ba0	24	0x00433590	s06_002a7180	1	1	1	1	unique_masked_candidate	0x00433590
aug6-retail-1676	6	0x00490bc0	FUN_00490bc0	60	0x004335b0	s06_002a7180	1	1	1	1	unique_masked_candidate	0x004335b0
aug6-retail-1677	6	0x00490ea8	FUN_00490ea8	80	0x00433898	s06_002a7180	1	1	1	1	unique_masked_candidate	0x00433898
aug6-retail-1678	6	0x00490ff0	FUN_00490ff0	16	0x004339e0	s06_002a7180	1	1	1	1	unique_masked_candidate	0x004339e0
aug6-retail-1679	6	0x00491000	FUN_00491000	52	0x004339f0	s06_002a7180	1	1	1	1	unique_masked_candidate	0x004339f0
aug6-retail-1680	6	0x00491038	FUN_00491038	16	0x00433a28	s06_002a7180	1	1	1	1	unique_masked_candidate	0x00433a28
aug6-retail-1681	6	0x00491048	FUN_00491048	40	0x00433a38	s06_002a7180	1	1	1	1	unique_masked_candidate	0x00433a38
aug6-retail-1682	6	0x00491070	FUN_00491070	52	0x00433a60	s06_002a7180	1	1	1	1	unique_masked_candidate	0x00433a60
aug6-retail-1683	6	0x00492578	FUN_00492578	20	0x00434d78	s06_002a7180	1	1	1	1	unique_masked_candidate	0x00434d78
aug6-retail-1684	6	0x00496958	FUN_00496958	28	0x00438dd8	s06_002a7180	1	1	1	1	unique_masked_candidate	0x00438dd8
aug6-retail-1685	6	0x00496e38	FUN_00496e38	32	0x004392b8	s06_002a7180	0	2	0	2	ambiguous_candidate	0x004392b8,0x0043b258
aug6-retail-1686	6	0x00496f00	FUN_00496f00	208	0x00439380	s06_002a7180	1	1	1	1	unique_masked_candidate	0x00439380
aug6-retail-1687	6	0x00496fd0	FUN_00496fd0	180	0x00439450	s06_002a7180	1	1	1	1	unique_masked_candidate	0x00439450
aug6-retail-1688	6	0x00497088	FUN_00497088	16	0x00439508	s06_002a7180	1	1	1	1	unique_masked_candidate	0x00439508
aug6-retail-1689	6	0x00497098	FUN_00497098	36	0x00439518	s06_002a7180	0	1	0	1	unique_masked_candidate	0x00439518
aug6-retail-1690	6	0x00497b30	FUN_00497b30	24	0x00439fc0	s06_002a7180	1	1	1	1	unique_masked_candidate	0x00439fc0
aug6-retail-1691	6	0x00497b50	FUN_00497b50	48	0x00439fe0	s06_002a7180	1	1	1	1	unique_masked_candidate	0x00439fe0
aug6-retail-1692	6	0x00497b80	FUN_00497b80	68	0x0043a010	s06_002a7180	1	1	1	1	unique_masked_candidate	0x0043a010
aug6-retail-1693	6	0x00497bc8	FUN_00497bc8	72	0x0043a058	s06_002a7180	1	1	1	1	unique_masked_candidate	0x0043a058
aug6-retail-1694	6	0x00497c10	FUN_00497c10	36	0x0043a0a0	s06_002a7180	1	1	1	1	unique_masked_candidate	0x0043a0a0
aug6-retail-1695	6	0x00497c38	FUN_00497c38	16	0x0043a0c8	s06_002a7180	1	1	1	1	unique_masked_candidate	0x0043a0c8
aug6-retail-1696	6	0x00497cf0	FUN_00497cf0	68	0x0043a180	s06_002a7180	1	1	1	1	unique_masked_candidate	0x0043a180
aug6-retail-1697	6	0x00497e18	FUN_00497e18	36	0x0043a2a8	s06_002a7180	1	1	1	1	unique_masked_candidate	0x0043a2a8
aug6-retail-1698	6	0x004988b0	FUN_004988b0	340	0x0043ad40	s06_002a7180	1	1	1	1	unique_masked_candidate	0x0043ad40
aug6-retail-1699	6	0x00498dc8	FUN_00498dc8	32	0x004392b8	s06_002a7180	0	2	0	2	ambiguous_candidate	0x004392b8,0x0043b258
aug6-retail-1700	6	0x00498de8	FUN_00498de8	28	0x0043b278	s06_002a7180	0	3	0	3	ambiguous_candidate	0x0043b278,0x0043b298,0x0043b368
aug6-retail-1701	6	0x00498e08	FUN_00498e08	28	0x0043b278	s06_002a7180	0	3	0	3	ambiguous_candidate	0x0043b278,0x0043b298,0x0043b368
aug6-retail-1702	6	0x00498ed8	FUN_00498ed8	28	0x0043b278	s06_002a7180	0	3	0	3	ambiguous_candidate	0x0043b278,0x0043b298,0x0043b368
aug6-retail-1703	6	0x00499388	FUN_00499388	88	0x0043b818	s06_002a7180	1	1	1	1	unique_masked_candidate	0x0043b818
aug6-retail-1704	6	0x004993e8	FUN_004993e8	16	0x0043b878	s06_002a7180	1	1	1	1	unique_masked_candidate	0x0043b878
aug6-retail-1705	6	0x004993f8	FUN_004993f8	20	0x0043b888	s06_002a7180	1	1	1	1	unique_masked_candidate	0x0043b888
aug6-retail-1706	6	0x00499540	FUN_00499540	32	0x0043b9d0	s06_002a7180	1	1	1	1	unique_masked_candidate	0x0043b9d0
aug6-retail-1707	7	0x002a4ef0	FUN_002a4ef0	56	0x00268948	s06_00268280	1	1	1	1	unique_masked_candidate	0x00268948
aug6-retail-1708	7	0x002accf8	FUN_002accf8	56	0x0028a3c0	s06_00268280	0	1	0	1	unique_masked_candidate	0x0028a3c0
aug6-retail-1709	7	0x002acd30	FUN_002acd30	36	0x0028a3f8	s06_00268280	0	1	0	1	unique_masked_candidate	0x0028a3f8
aug6-retail-1710	7	0x002acdf0	FUN_002acdf0	20	0x0028a4b0	s06_00268280	1	1	1	1	unique_masked_candidate	0x0028a4b0
aug6-retail-1711	7	0x002ad8e0	FUN_002ad8e0	88	0x0028af20	s06_00268280	1	1	1	1	unique_masked_candidate	0x0028af20
aug6-retail-1712	7	0x002ae940	FUN_002ae940	44	0x00279e78	s06_00268280	0	2	0	3	ambiguous_candidate	0x00279e78,0x0028c018
aug6-retail-1713	7	0x002b1fe0	FUN_002b1fe0	32	0x0028f1c8	s06_00268280	1	1	1	1	unique_masked_candidate	0x0028f1c8
aug6-retail-1714	7	0x002c9728	FUN_002c9728	28	0x002a7440	s06_00268280	0	1	0	1	unique_masked_candidate	0x002a7440
aug6-retail-1715	7	0x002cc718	FUN_002cc718	28	0x00275ec8	s06_00268280	0	1	0	2	ambiguous_candidate	0x00275ec8
aug6-retail-1716	7	0x002cd0f0	FUN_002cd0f0	92	0x00268a80	s06_00268280	0	1	0	1	unique_masked_candidate	0x00268a80
aug6-retail-1717	7	0x002cd8f0	FUN_002cd8f0	24	0x00269268	s06_00268280	1	1	1	1	unique_masked_candidate	0x00269268
aug6-retail-1718	7	0x002d30a8	FUN_002d30a8	5060	0x0026e790	s06_00268280	0	1	0	1	unique_masked_candidate	0x0026e790
aug6-retail-1719	7	0x002d4470	FUN_002d4470	160	0x0026fb58	s06_00268280	1	1	1	1	unique_masked_candidate	0x0026fb58
aug6-retail-1720	7	0x002db868	FUN_002db868	136	0x00275310	s06_00268280	0	1	0	1	unique_masked_candidate	0x00275310
aug6-retail-1721	7	0x002db8f0	FUN_002db8f0	28	0x00275398	s06_00268280	0	11	0	15	ambiguous_candidate	0x00275398,0x002821e8,0x002abaf8,0x002ce220,0x002d7848,0x00317c90,0x0036d748,0x003cdac0,0x003cf2c0,0x003cfa38,0x003cfa58
aug6-retail-1722	7	0x002dc420	FUN_002dc420	28	0x00275ec8	s06_00268280	0	1	0	2	ambiguous_candidate	0x00275ec8
aug6-retail-1723	7	0x002df088	FUN_002df088	80	0x00278710	s06_00268280	1	1	1	1	unique_masked_candidate	0x00278710
aug6-retail-1724	7	0x002e02b8	FUN_002e02b8	56	0x00279b60	s06_00268280	1	1	1	1	unique_masked_candidate	0x00279b60
aug6-retail-1725	7	0x002e05d8	FUN_002e05d8	44	0x00279e78	s06_00268280	0	2	0	3	ambiguous_candidate	0x00279e78,0x0028c018
aug6-retail-1726	7	0x002e0970	FUN_002e0970	376	0x0027a170	s06_00268280	1	1	1	1	unique_masked_candidate	0x0027a170
aug6-retail-1727	7	0x002e11cc	FUN_002e11cc	128	0x0027a9cc	s06_00268280	0	1	0	1	unique_masked_candidate	0x0027a9cc
aug6-retail-1728	7	0x002e2090	FUN_002e2090	112	0x0027b660	s06_00268280	0	1	0	1	unique_masked_candidate	0x0027b660
aug6-retail-1729	7	0x002e3620	FUN_002e3620	36	0x0027cc08	s06_00268280	0	1	0	1	unique_masked_candidate	0x0027cc08
aug6-retail-1730	7	0x002e3f80	FUN_002e3f80	48	0x0027d568	s06_00268280	1	1	1	1	unique_masked_candidate	0x0027d568
aug6-retail-1731	7	0x002e3fb0	FUN_002e3fb0	48	0x0027d598	s06_00268280	1	1	1	1	unique_masked_candidate	0x0027d598
aug6-retail-1732	7	0x002e3fe0	FUN_002e3fe0	48	0x0027d5c8	s06_00268280	1	1	1	1	unique_masked_candidate	0x0027d5c8
aug6-retail-1733	7	0x002e4050	FUN_002e4050	16	0x0027d638	s06_00268280	1	1	1	1	unique_masked_candidate	0x0027d638
aug6-retail-1734	7	0x002e4060	FUN_002e4060	16	0x0027d648	s06_00268280	1	2	2	1	ambiguous_candidate	0x0027d648,0x002c4080
aug6-retail-1735	7	0x002e4070	FUN_002e4070	40	0x0027d658	s06_00268280	1	1	1	1	unique_masked_candidate	0x0027d658
aug6-retail-1736	7	0x002e4098	FUN_002e4098	40	0x0027d680	s06_00268280	1	1	1	1	unique_masked_candidate	0x0027d680
aug6-retail-1737	7	0x002e40c0	FUN_002e40c0	40	0x0027d6a8	s06_00268280	1	1	1	1	unique_masked_candidate	0x0027d6a8
aug6-retail-1738	7	0x002e40e8	FUN_002e40e8	160	0x0027d6d0	s06_00268280	1	1	1	1	unique_masked_candidate	0x0027d6d0
aug6-retail-1739	7	0x002e4188	FUN_002e4188	40	0x0027d770	s06_00268280	1	1	1	1	unique_masked_candidate	0x0027d770
aug6-retail-1740	7	0x002e41b0	FUN_002e41b0	48	0x0027d798	s06_00268280	1	1	1	1	unique_masked_candidate	0x0027d798
aug6-retail-1741	7	0x002e41e0	FUN_002e41e0	56	0x0027d7c8	s06_00268280	1	1	1	1	unique_masked_candidate	0x0027d7c8
aug6-retail-1742	7	0x002e4218	FUN_002e4218	40	0x0027d800	s06_00268280	1	1	1	1	unique_masked_candidate	0x0027d800
aug6-retail-1743	7	0x002e4248	FUN_002e4248	32	0x0027d830	s06_00268280	1	1	1	1	unique_masked_candidate	0x0027d830
aug6-retail-1744	7	0x002e4268	FUN_002e4268	24	0x0027d850	s06_00268280	1	1	1	1	unique_masked_candidate	0x0027d850
aug6-retail-1745	7	0x002e42c8	FUN_002e42c8	16	0x0027d8a0	s06_00268280	1	1	1	1	unique_masked_candidate	0x0027d8a0
aug6-retail-1746	7	0x002e42e8	FUN_002e42e8	16	0x0027d8b8	s06_00268280	1	1	1	1	unique_masked_candidate	0x0027d8b8
aug6-retail-1747	7	0x002e42f8	FUN_002e42f8	24	0x0027d8c8	s06_00268280	1	1	1	1	unique_masked_candidate	0x0027d8c8
aug6-retail-1748	7	0x002e4310	FUN_002e4310	24	0x0027d8e0	s06_00268280	1	1	1	1	unique_masked_candidate	0x0027d8e0
aug6-retail-1749	7	0x002e4328	FUN_002e4328	24	0x0027d8f8	s06_00268280	1	1	1	1	unique_masked_candidate	0x0027d8f8
aug6-retail-1750	7	0x002e4340	FUN_002e4340	24	0x0027d910	s06_00268280	1	1	1	1	unique_masked_candidate	0x0027d910
aug6-retail-1751	7	0x002e4358	FUN_002e4358	24	0x0027d928	s06_00268280	1	1	1	1	unique_masked_candidate	0x0027d928
aug6-retail-1752	7	0x002e4370	FUN_002e4370	40	0x0027d940	s06_00268280	1	1	1	1	unique_masked_candidate	0x0027d940
aug6-retail-1753	7	0x002e4398	FUN_002e4398	24	0x0027d968	s06_00268280	1	1	1	1	unique_masked_candidate	0x0027d968
aug6-retail-1754	7	0x002e43b0	FUN_002e43b0	24	0x0027d980	s06_00268280	1	1	1	1	unique_masked_candidate	0x0027d980
aug6-retail-1755	7	0x002e43c8	FUN_002e43c8	24	0x0027d998	s06_00268280	1	1	1	1	unique_masked_candidate	0x0027d998
aug6-retail-1756	7	0x002e43e0	FUN_002e43e0	24	0x0027d9c8	s06_00268280	1	1	1	1	unique_masked_candidate	0x0027d9c8
aug6-retail-1757	7	0x002e43f8	FUN_002e43f8	32	0x0027d9e0	s06_00268280	1	1	1	1	unique_masked_candidate	0x0027d9e0
aug6-retail-1758	7	0x002e4418	FUN_002e4418	40	0x0027da00	s06_00268280	1	1	1	1	unique_masked_candidate	0x0027da00
aug6-retail-1759	7	0x002e4440	FUN_002e4440	24	0x0027da28	s06_00268280	1	1	1	1	unique_masked_candidate	0x0027da28
aug6-retail-1760	7	0x002e4458	FUN_002e4458	48	0x0027da40	s06_00268280	1	1	1	1	unique_masked_candidate	0x0027da40
aug6-retail-1761	7	0x002e4488	FUN_002e4488	40	0x0027da70	s06_00268280	1	1	1	1	unique_masked_candidate	0x0027da70
aug6-retail-1762	7	0x002e44b0	FUN_002e44b0	32	0x0027da98	s06_00268280	1	1	1	1	unique_masked_candidate	0x0027da98
aug6-retail-1763	7	0x002e44d0	FUN_002e44d0	56	0x0027dab8	s06_00268280	1	1	1	1	unique_masked_candidate	0x0027dab8
aug6-retail-1764	7	0x002e4508	FUN_002e4508	48	0x0027daf0	s06_00268280	1	1	1	1	unique_masked_candidate	0x0027daf0
aug6-retail-1765	7	0x002e4538	FUN_002e4538	40	0x0027db20	s06_00268280	1	1	1	1	unique_masked_candidate	0x0027db20
aug6-retail-1766	7	0x002e4560	FUN_002e4560	72	0x0027db48	s06_00268280	1	1	1	1	unique_masked_candidate	0x0027db48
aug6-retail-1767	7	0x002e45f0	FUN_002e45f0	80	0x0027db90	s06_00268280	1	1	1	1	unique_masked_candidate	0x0027db90
aug6-retail-1768	7	0x002e4640	FUN_002e4640	72	0x0027dbe0	s06_00268280	1	1	1	1	unique_masked_candidate	0x0027dbe0
aug6-retail-1769	7	0x002e4688	FUN_002e4688	112	0x0027dc28	s06_00268280	1	1	1	1	unique_masked_candidate	0x0027dc28
aug6-retail-1770	7	0x002e46f8	FUN_002e46f8	104	0x0027dc98	s06_00268280	1	1	1	1	unique_masked_candidate	0x0027dc98
aug6-retail-1771	7	0x002e4760	FUN_002e4760	112	0x0027dd00	s06_00268280	1	1	1	1	unique_masked_candidate	0x0027dd00
aug6-retail-1772	7	0x002e47d0	FUN_002e47d0	40	0x0027dd70	s06_00268280	1	1	1	1	unique_masked_candidate	0x0027dd70
aug6-retail-1773	7	0x002e47f8	FUN_002e47f8	48	0x0027dd98	s06_00268280	1	1	1	1	unique_masked_candidate	0x0027dd98
aug6-retail-1774	7	0x002e4828	FUN_002e4828	24	0x0027ddc8	s06_00268280	1	1	1	1	unique_masked_candidate	0x0027ddc8
aug6-retail-1775	7	0x002e4840	FUN_002e4840	40	0x0027dde0	s06_00268280	1	1	1	1	unique_masked_candidate	0x0027dde0
aug6-retail-1776	7	0x002e4868	FUN_002e4868	24	0x0027de08	s06_00268280	1	1	1	1	unique_masked_candidate	0x0027de08
aug6-retail-1777	7	0x002e4880	FUN_002e4880	72	0x0027de20	s06_00268280	1	1	1	1	unique_masked_candidate	0x0027de20
aug6-retail-1778	7	0x002e48d0	FUN_002e48d0	48	0x0027de70	s06_00268280	1	1	1	1	unique_masked_candidate	0x0027de70
aug6-retail-1779	7	0x002e4900	FUN_002e4900	24	0x0027dea0	s06_00268280	1	1	1	1	unique_masked_candidate	0x0027dea0
aug6-retail-1780	7	0x002e4918	FUN_002e4918	24	0x0027deb8	s06_00268280	1	1	1	1	unique_masked_candidate	0x0027deb8
aug6-retail-1781	7	0x002e4ae0	FUN_002e4ae0	40	0x0027e080	s06_00268280	1	1	1	1	unique_masked_candidate	0x0027e080
aug6-retail-1782	7	0x002e4b08	FUN_002e4b08	48	0x0027e0a8	s06_00268280	1	1	1	1	unique_masked_candidate	0x0027e0a8
aug6-retail-1783	7	0x002e4b38	FUN_002e4b38	56	0x0027e0d8	s06_00268280	1	1	1	1	unique_masked_candidate	0x0027e0d8
aug6-retail-1784	7	0x002e4b70	FUN_002e4b70	32	0x0027e110	s06_00268280	1	1	1	1	unique_masked_candidate	0x0027e110
aug6-retail-1785	7	0x002e4b90	FUN_002e4b90	32	0x0027e130	s06_00268280	1	1	1	1	unique_masked_candidate	0x0027e130
aug6-retail-1786	7	0x002e4bb0	FUN_002e4bb0	552	0x0027e150	s06_00268280	0	1	0	1	unique_masked_candidate	0x0027e150
aug6-retail-1787	7	0x002e4dd8	FUN_002e4dd8	32	0x0027e378	s06_00268280	1	1	1	1	unique_masked_candidate	0x0027e378
aug6-retail-1788	7	0x002e4df8	FUN_002e4df8	32	0x0027e398	s06_00268280	1	1	1	1	unique_masked_candidate	0x0027e398
aug6-retail-1789	7	0x002e4e18	FUN_002e4e18	80	0x0027e3b8	s06_00268280	1	1	1	1	unique_masked_candidate	0x0027e3b8
aug6-retail-1790	7	0x002e4eb8	FUN_002e4eb8	80	0x0027e408	s06_00268280	1	1	1	1	unique_masked_candidate	0x0027e408
aug6-retail-1791	7	0x002e4f08	FUN_002e4f08	72	0x0027e458	s06_00268280	1	1	1	1	unique_masked_candidate	0x0027e458
aug6-retail-1792	7	0x002e4f50	FUN_002e4f50	64	0x0027e4a0	s06_00268280	1	1	1	1	unique_masked_candidate	0x0027e4a0
aug6-retail-1793	7	0x002e4f90	FUN_002e4f90	136	0x0027e4e0	s06_00268280	1	1	1	1	unique_masked_candidate	0x0027e4e0
aug6-retail-1794	7	0x002e5018	FUN_002e5018	192	0x0027e568	s06_00268280	0	1	0	1	unique_masked_candidate	0x0027e568
aug6-retail-1795	7	0x002e50d8	FUN_002e50d8	120	0x0027e628	s06_00268280	1	1	1	1	unique_masked_candidate	0x0027e628
aug6-retail-1796	7	0x002e5150	FUN_002e5150	136	0x0027e6a0	s06_00268280	1	1	1	1	unique_masked_candidate	0x0027e6a0
aug6-retail-1797	7	0x002e51d8	FUN_002e51d8	152	0x0027e728	s06_00268280	1	1	1	1	unique_masked_candidate	0x0027e728
aug6-retail-1798	7	0x002e5270	FUN_002e5270	88	0x0027e7c0	s06_00268280	1	1	1	1	unique_masked_candidate	0x0027e7c0
aug6-retail-1799	7	0x002e52c8	FUN_002e52c8	80	0x0027e818	s06_00268280	1	1	1	1	unique_masked_candidate	0x0027e818
aug6-retail-1800	7	0x002e5318	FUN_002e5318	72	0x0027e868	s06_00268280	1	1	1	1	unique_masked_candidate	0x0027e868
aug6-retail-1801	7	0x002e5360	FUN_002e5360	72	0x0027e8b0	s06_00268280	1	1	1	1	unique_masked_candidate	0x0027e8b0
aug6-retail-1802	7	0x002e5400	FUN_002e5400	56	0x0027e970	s06_00268280	1	1	1	1	unique_masked_candidate	0x0027e970
aug6-retail-1803	7	0x002e5438	FUN_002e5438	16	0x0027e9a8	s06_00268280	1	1	1	1	unique_masked_candidate	0x0027e9a8
aug6-retail-1804	7	0x002e5448	FUN_002e5448	24	0x0027e9b8	s06_00268280	1	1	1	1	unique_masked_candidate	0x0027e9b8
aug6-retail-1805	7	0x002e5460	FUN_002e5460	16	0x0027e9d0	s06_00268280	1	1	1	1	unique_masked_candidate	0x0027e9d0
aug6-retail-1806	7	0x002e5470	FUN_002e5470	16	0x0027e9e0	s06_00268280	1	1	1	1	unique_masked_candidate	0x0027e9e0
aug6-retail-1807	7	0x002e5480	FUN_002e5480	56	0x0027e9f0	s06_00268280	1	1	1	1	unique_masked_candidate	0x0027e9f0
aug6-retail-1808	7	0x002e54b8	FUN_002e54b8	72	0x0027ea28	s06_00268280	1	1	1	1	unique_masked_candidate	0x0027ea28
aug6-retail-1809	7	0x002e5500	FUN_002e5500	56	0x0027ea70	s06_00268280	1	1	1	1	unique_masked_candidate	0x0027ea70
aug6-retail-1810	7	0x002e5630	FUN_002e5630	60	0x0027eba0	s06_00268280	0	1	0	1	unique_masked_candidate	0x0027eba0
aug6-retail-1811	7	0x002e5670	FUN_002e5670	248	0x0027ebe0	s06_00268280	0	1	0	1	unique_masked_candidate	0x0027ebe0
aug6-retail-1812	7	0x002e5768	FUN_002e5768	184	0x0027ecd8	s06_00268280	0	1	0	1	unique_masked_candidate	0x0027ecd8
aug6-retail-1813	7	0x002ea3a0	FUN_002ea3a0	28	0x00275398	s06_00268280	0	11	0	15	ambiguous_candidate	0x00275398,0x002821e8,0x002abaf8,0x002ce220,0x002d7848,0x00317c90,0x0036d748,0x003cdac0,0x003cf2c0,0x003cfa38,0x003cfa58
aug6-retail-1814	7	0x002ed170	FUN_002ed170	104	0x002aa540	s06_00268280	1	1	1	1	unique_masked_candidate	0x002aa540
aug6-retail-1815	7	0x002ed380	FUN_002ed380	252	0x002aa750	s06_00268280	1	1	1	1	unique_masked_candidate	0x002aa750
aug6-retail-1816	7	0x002ed788	FUN_002ed788	28	0x00275398	s06_00268280	0	11	0	15	ambiguous_candidate	0x00275398,0x002821e8,0x002abaf8,0x002ce220,0x002d7848,0x00317c90,0x0036d748,0x003cdac0,0x003cf2c0,0x003cfa38,0x003cfa58
aug6-retail-1817	7	0x002f2b80	FUN_002f2b80	28	0x00275398	s06_00268280	0	11	0	15	ambiguous_candidate	0x00275398,0x002821e8,0x002abaf8,0x002ce220,0x002d7848,0x00317c90,0x0036d748,0x003cdac0,0x003cf2c0,0x003cfa38,0x003cfa58
aug6-retail-1818	7	0x002f2ba0	FUN_002f2ba0	28	0x00275398	s06_00268280	0	11	0	15	ambiguous_candidate	0x00275398,0x002821e8,0x002abaf8,0x002ce220,0x002d7848,0x00317c90,0x0036d748,0x003cdac0,0x003cf2c0,0x003cfa38,0x003cfa58
aug6-retail-1819	7	0x002f2bc0	FUN_002f2bc0	28	0x00275398	s06_00268280	0	11	0	15	ambiguous_candidate	0x00275398,0x002821e8,0x002abaf8,0x002ce220,0x002d7848,0x00317c90,0x0036d748,0x003cdac0,0x003cf2c0,0x003cfa38,0x003cfa58
aug6-retail-1820	7	0x002f2be0	FUN_002f2be0	28	0x00275398	s06_00268280	0	11	0	15	ambiguous_candidate	0x00275398,0x002821e8,0x002abaf8,0x002ce220,0x002d7848,0x00317c90,0x0036d748,0x003cdac0,0x003cf2c0,0x003cfa38,0x003cfa58
aug6-retail-1821	7	0x002f5310	FUN_002f5310	88	0x002b1b08	s06_00268280	1	1	1	1	unique_masked_candidate	0x002b1b08
aug6-retail-1822	7	0x002f5568	FUN_002f5568	60	0x002b1d60	s06_00268280	1	1	1	1	unique_masked_candidate	0x002b1d60
aug6-retail-1823	7	0x002fca10	FUN_002fca10	100	0x002b97d0	s06_00268280	1	1	1	1	unique_masked_candidate	0x002b97d0
aug6-retail-1824	7	0x002fe378	FUN_002fe378	280	0x002bacb8	s06_00268280	1	1	1	1	unique_masked_candidate	0x002bacb8
aug6-retail-1825	7	0x003022b0	FUN_003022b0	56	0x002be900	s06_00268280	1	1	1	1	unique_masked_candidate	0x002be900
aug6-retail-1826	7	0x00304420	FUN_00304420	32	0x002c03b8	s06_00268280	1	1	1	1	unique_masked_candidate	0x002c03b8
aug6-retail-1827	7	0x00304440	FUN_00304440	56	0x002c03d8	s06_00268280	0	1	0	1	unique_masked_candidate	0x002c03d8
aug6-retail-1828	7	0x00304478	FUN_00304478	160	0x002c0410	s06_00268280	1	1	1	1	unique_masked_candidate	0x002c0410
aug6-retail-1829	7	0x00304698	FUN_00304698	320	0x002c0630	s06_00268280	1	1	1	1	unique_masked_candidate	0x002c0630
aug6-retail-1830	7	0x003047d8	FUN_003047d8	312	0x002c0770	s06_00268280	1	1	1	1	unique_masked_candidate	0x002c0770
aug6-retail-1831	7	0x00304910	FUN_00304910	752	0x002c08a8	s06_00268280	0	1	0	1	unique_masked_candidate	0x002c08a8
aug6-retail-1832	7	0x00304be0	FUN_00304be0	32	0x002c0b78	s06_00268280	1	1	1	1	unique_masked_candidate	0x002c0b78
aug6-retail-1833	7	0x00304c00	FUN_00304c00	40	0x002c0b98	s06_00268280	0	1	0	1	unique_masked_candidate	0x002c0b98
aug6-retail-1834	7	0x00306bf8	FUN_00306bf8	116	0x002c20d0	s06_00268280	1	1	1	1	unique_masked_candidate	0x002c20d0
aug6-retail-1835	7	0x00307440	FUN_00307440	100	0x002c2918	s06_00268280	0	1	0	1	unique_masked_candidate	0x002c2918
aug6-retail-1836	7	0x003075f8	FUN_003075f8	120	0x002c2ad0	s06_00268280	1	1	1	1	unique_masked_candidate	0x002c2ad0
aug6-retail-1837	7	0x00307670	FUN_00307670	152	0x002c2b48	s06_00268280	0	1	0	1	unique_masked_candidate	0x002c2b48
aug6-retail-1838	7	0x00307f18	FUN_00307f18	40	0x002c33f0	s06_00268280	0	1	0	1	unique_masked_candidate	0x002c33f0
aug6-retail-1839	7	0x00308458	FUN_00308458	32	0x002c3910	s06_00268280	1	1	1	1	unique_masked_candidate	0x002c3910
aug6-retail-1840	7	0x00308478	FUN_00308478	48	0x002c3930	s06_00268280	1	1	1	1	unique_masked_candidate	0x002c3930
aug6-retail-1841	7	0x003084a8	FUN_003084a8	48	0x002c3960	s06_00268280	1	1	1	1	unique_masked_candidate	0x002c3960
aug6-retail-1842	7	0x00309088	FUN_00309088	72	0x002c4590	s06_00268280	0	1	0	1	unique_masked_candidate	0x002c4590
aug6-retail-1843	7	0x003090d0	FUN_003090d0	1544	0x002c45d8	s06_00268280	0	1	0	1	unique_masked_candidate	0x002c45d8
aug6-retail-1844	7	0x003096d8	FUN_003096d8	3348	0x002c4be0	s06_00268280	0	1	0	1	unique_masked_candidate	0x002c4be0
aug6-retail-1845	7	0x0030b0b0	FUN_0030b0b0	2136	0x002c65b8	s06_00268280	0	1	0	1	unique_masked_candidate	0x002c65b8
aug6-retail-1846	7	0x0030d2d0	FUN_0030d2d0	2688	0x002c87b0	s06_00268280	0	1	0	1	unique_masked_candidate	0x002c87b0
aug6-retail-1847	7	0x003109c8	FUN_003109c8	60	0x002cbd48	s06_00268280	1	1	1	1	unique_masked_candidate	0x002cbd48
aug6-retail-1848	7	0x00310a10	FUN_00310a10	28	0x002cbd90	s06_00268280	1	1	1	1	unique_masked_candidate	0x002cbd90
aug6-retail-1849	7	0x00310a38	FUN_00310a38	68	0x002cbdb8	s06_00268280	1	1	1	1	unique_masked_candidate	0x002cbdb8
aug6-retail-1850	7	0x00310b30	FUN_00310b30	92	0x002cbeb0	s06_00268280	0	1	0	1	unique_masked_candidate	0x002cbeb0
aug6-retail-1851	7	0x00310b90	FUN_00310b90	104	0x002cbf10	s06_00268280	0	1	0	1	unique_masked_candidate	0x002cbf10
aug6-retail-1852	7	0x00310bf8	FUN_00310bf8	68	0x002cbf78	s06_00268280	0	1	0	1	unique_masked_candidate	0x002cbf78
aug6-retail-1853	7	0x00310e28	FUN_00310e28	56	0x002cc0e0	s06_00268280	1	1	1	1	unique_masked_candidate	0x002cc0e0
aug6-retail-1854	7	0x00310e60	FUN_00310e60	288	0x002cc118	s06_00268280	1	6	6	6	ambiguous_candidate	0x002cc118,0x00339380,0x00350528,0x00360178,0x00371c70,0x0039c290
aug6-retail-1855	7	0x00310f80	FUN_00310f80	148	0x002cc238	s06_00268280	0	1	0	1	unique_masked_candidate	0x002cc238
aug6-retail-1856	7	0x00311018	FUN_00311018	124	0x002cc2d0	s06_00268280	0	1	0	1	unique_masked_candidate	0x002cc2d0
aug6-retail-1857	7	0x00311e68	FUN_00311e68	56	0x002cd118	s06_00268280	1	1	1	1	unique_masked_candidate	0x002cd118
aug6-retail-1858	7	0x00312028	FUN_00312028	36	0x002cd2d8	s06_00268280	0	1	0	1	unique_masked_candidate	0x002cd2d8
aug6-retail-1859	7	0x003120f8	FUN_003120f8	204	0x002cd308	s06_00268280	1	1	1	1	unique_masked_candidate	0x002cd308
aug6-retail-1860	7	0x00312290	FUN_00312290	36	0x002cd4a0	s06_00268280	1	1	1	1	unique_masked_candidate	0x002cd4a0
aug6-retail-1861	7	0x003122b8	FUN_003122b8	44	0x002cd4c8	s06_00268280	0	1	0	1	unique_masked_candidate	0x002cd4c8
aug6-retail-1862	7	0x003122e8	FUN_003122e8	36	0x002cd4f8	s06_00268280	1	1	1	1	unique_masked_candidate	0x002cd4f8
aug6-retail-1863	7	0x00312eb0	FUN_00312eb0	28	0x00275398	s06_00268280	0	11	0	15	ambiguous_candidate	0x00275398,0x002821e8,0x002abaf8,0x002ce220,0x002d7848,0x00317c90,0x0036d748,0x003cdac0,0x003cf2c0,0x003cfa38,0x003cfa58
aug6-retail-1864	7	0x00312ed0	FUN_00312ed0	28	0x00275398	s06_00268280	0	11	0	15	ambiguous_candidate	0x00275398,0x002821e8,0x002abaf8,0x002ce220,0x002d7848,0x00317c90,0x0036d748,0x003cdac0,0x003cf2c0,0x003cfa38,0x003cfa58
aug6-retail-1865	7	0x00313b98	FUN_00313b98	16	0x002cee28	s06_00268280	1	1	1	1	unique_masked_candidate	0x002cee28
aug6-retail-1866	7	0x00313c40	FUN_00313c40	68	0x002ceed0	s06_00268280	0	1	0	1	unique_masked_candidate	0x002ceed0
aug6-retail-1867	7	0x00313dd8	FUN_00313dd8	84	0x002cf068	s06_00268280	0	1	0	1	unique_masked_candidate	0x002cf068
aug6-retail-1868	7	0x00313e30	FUN_00313e30	92	0x002cf0c0	s06_00268280	0	1	0	1	unique_masked_candidate	0x002cf0c0
aug6-retail-1869	7	0x00314a30	FUN_00314a30	92	0x002cfc78	s06_00268280	1	1	1	1	unique_masked_candidate	0x002cfc78
aug6-retail-1870	7	0x00314ce0	FUN_00314ce0	48	0x002cff28	s06_00268280	1	1	1	1	unique_masked_candidate	0x002cff28
aug6-retail-1871	7	0x00314d10	FUN_00314d10	48	0x002cff58	s06_00268280	1	1	1	1	unique_masked_candidate	0x002cff58
aug6-retail-1872	7	0x00315700	FUN_00315700	88	0x002d09a8	s06_00268280	0	1	0	1	unique_masked_candidate	0x002d09a8
aug6-retail-1873	7	0x003157e8	FUN_003157e8	16	0x002d0a90	s06_00268280	1	1	1	1	unique_masked_candidate	0x002d0a90
aug6-retail-1874	7	0x00316fd8	FUN_00316fd8	48	0x002d23c0	s06_00268280	1	1	1	1	unique_masked_candidate	0x002d23c0
aug6-retail-1875	7	0x00318b28	FUN_00318b28	128	0x002d3db0	s06_00268280	0	1	0	1	unique_masked_candidate	0x002d3db0
aug6-retail-1876	7	0x00318cc0	FUN_00318cc0	40	0x002d3f48	s06_00268280	1	1	1	1	unique_masked_candidate	0x002d3f48
aug6-retail-1877	7	0x003191d0	FUN_003191d0	44	0x002d4410	s06_00268280	0	1	0	1	unique_masked_candidate	0x002d4410
aug6-retail-1878	7	0x0031b1c0	FUN_0031b1c0	44	0x002d6180	s06_00268280	0	1	0	1	unique_masked_candidate	0x002d6180
aug6-retail-1879	7	0x0031b1f0	FUN_0031b1f0	40	0x002d61b0	s06_00268280	0	1	0	1	unique_masked_candidate	0x002d61b0
aug6-retail-1880	7	0x0031b368	FUN_0031b368	28	0x002d6328	s06_00268280	0	2	0	4	ambiguous_candidate	0x002d6328,0x002d6408
aug6-retail-1881	7	0x0031b3c0	FUN_0031b3c0	28	0x002d6328	s06_00268280	0	2	0	4	ambiguous_candidate	0x002d6328,0x002d6408
aug6-retail-1882	7	0x0031b460	FUN_0031b460	28	0x002d6328	s06_00268280	0	2	0	4	ambiguous_candidate	0x002d6328,0x002d6408
aug6-retail-1883	7	0x0031b7e8	FUN_0031b7e8	56	0x002d6790	s06_00268280	0	1	0	1	unique_masked_candidate	0x002d6790
aug6-retail-1884	7	0x0031cbf8	FUN_0031cbf8	28	0x00275398	s06_00268280	0	11	0	15	ambiguous_candidate	0x00275398,0x002821e8,0x002abaf8,0x002ce220,0x002d7848,0x00317c90,0x0036d748,0x003cdac0,0x003cf2c0,0x003cfa38,0x003cfa58
aug6-retail-1885	7	0x0031fa60	FUN_0031fa60	40	0x002da858	s06_00268280	1	1	1	1	unique_masked_candidate	0x002da858
aug6-retail-1886	7	0x0031fa88	FUN_0031fa88	36	0x002da880	s06_00268280	1	1	1	1	unique_masked_candidate	0x002da880
aug6-retail-1887	7	0x0031fab0	FUN_0031fab0	32	0x002da8a8	s06_00268280	1	1	1	1	unique_masked_candidate	0x002da8a8
aug6-retail-1888	7	0x00321d28	FUN_00321d28	32	0x002dbc98	s06_00268280	0	1	0	1	unique_masked_candidate	0x002dbc98
aug6-retail-1889	7	0x00322d38	FUN_00322d38	100	0x002dcbe0	s06_00268280	0	1	0	1	unique_masked_candidate	0x002dcbe0
aug6-retail-1890	7	0x00325ac8	FUN_00325ac8	100	0x002df750	s06_00268280	1	1	1	1	unique_masked_candidate	0x002df750
aug6-retail-1891	7	0x00327288	FUN_00327288	152	0x002e0ed8	s06_00268280	1	1	1	1	unique_masked_candidate	0x002e0ed8
aug6-retail-1892	7	0x003320b0	FUN_003320b0	96	0x002ec740	s06_00268280	0	1	0	1	unique_masked_candidate	0x002ec740
aug6-retail-1893	7	0x00332438	FUN_00332438	60	0x002ecac8	s06_00268280	0	1	0	1	unique_masked_candidate	0x002ecac8
aug6-retail-1894	7	0x00338fd8	FUN_00338fd8	60	0x002f2118	s06_00268280	1	1	1	1	unique_masked_candidate	0x002f2118
aug6-retail-1895	7	0x00339018	FUN_00339018	60	0x002f2158	s06_00268280	1	1	1	1	unique_masked_candidate	0x002f2158
aug6-retail-1896	7	0x0033aa28	FUN_0033aa28	36	0x002f3b30	s06_00268280	1	1	1	1	unique_masked_candidate	0x002f3b30
aug6-retail-1897	7	0x0033c760	FUN_0033c760	48	0x002f5968	s06_00268280	0	12	0	20	ambiguous_candidate	0x002f5968,0x002f5b98,0x002f5c68,0x002f5d60,0x002f5eb8,0x002f5f88,0x002f6040,0x002f60f8,0x002f61b0,0x002f6460,0x002f6518,0x002f6658
aug6-retail-1898	7	0x0033cb60	FUN_0033cb60	48	0x002f5968	s06_00268280	0	12	0	20	ambiguous_candidate	0x002f5968,0x002f5b98,0x002f5c68,0x002f5d60,0x002f5eb8,0x002f5f88,0x002f6040,0x002f60f8,0x002f61b0,0x002f6460,0x002f6518,0x002f6658
aug6-retail-1899	7	0x0033cc30	FUN_0033cc30	48	0x002f5968	s06_00268280	0	12	0	20	ambiguous_candidate	0x002f5968,0x002f5b98,0x002f5c68,0x002f5d60,0x002f5eb8,0x002f5f88,0x002f6040,0x002f60f8,0x002f61b0,0x002f6460,0x002f6518,0x002f6658
aug6-retail-1900	7	0x0033ce00	FUN_0033ce00	48	0x002f5968	s06_00268280	0	12	0	20	ambiguous_candidate	0x002f5968,0x002f5b98,0x002f5c68,0x002f5d60,0x002f5eb8,0x002f5f88,0x002f6040,0x002f60f8,0x002f61b0,0x002f6460,0x002f6518,0x002f6658
aug6-retail-1901	7	0x00342140	FUN_00342140	48	0x002f5968	s06_00268280	0	12	0	20	ambiguous_candidate	0x002f5968,0x002f5b98,0x002f5c68,0x002f5d60,0x002f5eb8,0x002f5f88,0x002f6040,0x002f60f8,0x002f61b0,0x002f6460,0x002f6518,0x002f6658
aug6-retail-1902	7	0x003421f8	FUN_003421f8	48	0x002f5968	s06_00268280	0	12	0	20	ambiguous_candidate	0x002f5968,0x002f5b98,0x002f5c68,0x002f5d60,0x002f5eb8,0x002f5f88,0x002f6040,0x002f60f8,0x002f61b0,0x002f6460,0x002f6518,0x002f6658
aug6-retail-1903	7	0x00342368	FUN_00342368	48	0x002f5968	s06_00268280	0	12	0	20	ambiguous_candidate	0x002f5968,0x002f5b98,0x002f5c68,0x002f5d60,0x002f5eb8,0x002f5f88,0x002f6040,0x002f60f8,0x002f61b0,0x002f6460,0x002f6518,0x002f6658
aug6-retail-1904	7	0x00342420	FUN_00342420	48	0x002f5968	s06_00268280	0	12	0	20	ambiguous_candidate	0x002f5968,0x002f5b98,0x002f5c68,0x002f5d60,0x002f5eb8,0x002f5f88,0x002f6040,0x002f60f8,0x002f61b0,0x002f6460,0x002f6518,0x002f6658
aug6-retail-1905	7	0x003424d8	FUN_003424d8	48	0x002f5968	s06_00268280	0	12	0	20	ambiguous_candidate	0x002f5968,0x002f5b98,0x002f5c68,0x002f5d60,0x002f5eb8,0x002f5f88,0x002f6040,0x002f60f8,0x002f61b0,0x002f6460,0x002f6518,0x002f6658
aug6-retail-1906	7	0x00342590	FUN_00342590	48	0x002f5968	s06_00268280	0	12	0	20	ambiguous_candidate	0x002f5968,0x002f5b98,0x002f5c68,0x002f5d60,0x002f5eb8,0x002f5f88,0x002f6040,0x002f60f8,0x002f61b0,0x002f6460,0x002f6518,0x002f6658
aug6-retail-1907	7	0x00342648	FUN_00342648	48	0x002f5968	s06_00268280	0	12	0	20	ambiguous_candidate	0x002f5968,0x002f5b98,0x002f5c68,0x002f5d60,0x002f5eb8,0x002f5f88,0x002f6040,0x002f60f8,0x002f61b0,0x002f6460,0x002f6518,0x002f6658
aug6-retail-1908	7	0x00342718	FUN_00342718	48	0x002f5968	s06_00268280	0	12	0	20	ambiguous_candidate	0x002f5968,0x002f5b98,0x002f5c68,0x002f5d60,0x002f5eb8,0x002f5f88,0x002f6040,0x002f60f8,0x002f61b0,0x002f6460,0x002f6518,0x002f6658
aug6-retail-1909	7	0x003427d0	FUN_003427d0	48	0x002f5968	s06_00268280	0	12	0	20	ambiguous_candidate	0x002f5968,0x002f5b98,0x002f5c68,0x002f5d60,0x002f5eb8,0x002f5f88,0x002f6040,0x002f60f8,0x002f61b0,0x002f6460,0x002f6518,0x002f6658
aug6-retail-1910	7	0x003428d0	FUN_003428d0	48	0x002f5968	s06_00268280	0	12	0	20	ambiguous_candidate	0x002f5968,0x002f5b98,0x002f5c68,0x002f5d60,0x002f5eb8,0x002f5f88,0x002f6040,0x002f60f8,0x002f61b0,0x002f6460,0x002f6518,0x002f6658
aug6-retail-1911	7	0x003429c8	FUN_003429c8	48	0x002f5968	s06_00268280	0	12	0	20	ambiguous_candidate	0x002f5968,0x002f5b98,0x002f5c68,0x002f5d60,0x002f5eb8,0x002f5f88,0x002f6040,0x002f60f8,0x002f61b0,0x002f6460,0x002f6518,0x002f6658
aug6-retail-1912	7	0x00344a80	FUN_00344a80	48	0x002f5968	s06_00268280	0	12	0	20	ambiguous_candidate	0x002f5968,0x002f5b98,0x002f5c68,0x002f5d60,0x002f5eb8,0x002f5f88,0x002f6040,0x002f60f8,0x002f61b0,0x002f6460,0x002f6518,0x002f6658
aug6-retail-1913	7	0x00344c58	FUN_00344c58	48	0x002f5968	s06_00268280	0	12	0	20	ambiguous_candidate	0x002f5968,0x002f5b98,0x002f5c68,0x002f5d60,0x002f5eb8,0x002f5f88,0x002f6040,0x002f60f8,0x002f61b0,0x002f6460,0x002f6518,0x002f6658
aug6-retail-1914	7	0x00344db0	FUN_00344db0	48	0x002f5968	s06_00268280	0	12	0	20	ambiguous_candidate	0x002f5968,0x002f5b98,0x002f5c68,0x002f5d60,0x002f5eb8,0x002f5f88,0x002f6040,0x002f60f8,0x002f61b0,0x002f6460,0x002f6518,0x002f6658
aug6-retail-1915	7	0x00344e60	FUN_00344e60	48	0x002f5968	s06_00268280	0	12	0	20	ambiguous_candidate	0x002f5968,0x002f5b98,0x002f5c68,0x002f5d60,0x002f5eb8,0x002f5f88,0x002f6040,0x002f60f8,0x002f61b0,0x002f6460,0x002f6518,0x002f6658
aug6-retail-1916	7	0x00345048	FUN_00345048	48	0x002f5968	s06_00268280	0	12	0	20	ambiguous_candidate	0x002f5968,0x002f5b98,0x002f5c68,0x002f5d60,0x002f5eb8,0x002f5f88,0x002f6040,0x002f60f8,0x002f61b0,0x002f6460,0x002f6518,0x002f6658
aug6-retail-1917	7	0x00345378	FUN_00345378	56	0x002f68e8	s06_00268280	0	1	0	1	unique_masked_candidate	0x002f68e8
aug6-retail-1918	7	0x003453b0	FUN_003453b0	36	0x002f6920	s06_00268280	0	1	0	1	unique_masked_candidate	0x002f6920
aug6-retail-1919	7	0x003453d8	FUN_003453d8	40	0x002f6948	s06_00268280	0	1	0	1	unique_masked_candidate	0x002f6948
aug6-retail-1920	7	0x00347020	FUN_00347020	32	0x002f8390	s06_00268280	0	1	0	1	unique_masked_candidate	0x002f8390
aug6-retail-1921	7	0x0034b010	FUN_0034b010	56	0x002fb650	s06_00268280	0	1	0	1	unique_masked_candidate	0x002fb650
aug6-retail-1922	7	0x0034dd50	FUN_0034dd50	64	0x002fe408	s06_00268280	1	1	1	1	unique_masked_candidate	0x002fe408
aug6-retail-1923	7	0x0035d5b0	FUN_0035d5b0	36	0x0030b830	s06_00268280	1	1	1	1	unique_masked_candidate	0x0030b830
aug6-retail-1924	7	0x0035e5d0	FUN_0035e5d0	40	0x0030c590	s06_00268280	0	1	0	1	unique_masked_candidate	0x0030c590
aug6-retail-1925	7	0x0035ff40	FUN_0035ff40	364	0x0030dc78	s06_00268280	0	1	0	1	unique_masked_candidate	0x0030dc78
aug6-retail-1926	7	0x00361ea0	FUN_00361ea0	40	0x0030fbc8	s06_00268280	1	3	3	3	ambiguous_candidate	0x0030fbc8,0x00310774,0x0031103c
aug6-retail-1927	7	0x00362a24	FUN_00362a24	40	0x0031074c	s06_00268280	1	3	3	3	ambiguous_candidate	0x0031074c,0x00311014,0x00312ce0
aug6-retail-1928	7	0x00362a4c	FUN_00362a4c	40	0x0030fbc8	s06_00268280	1	3	3	3	ambiguous_candidate	0x0030fbc8,0x00310774,0x0031103c
aug6-retail-1929	7	0x003632ec	FUN_003632ec	40	0x0031074c	s06_00268280	1	3	3	3	ambiguous_candidate	0x0031074c,0x00311014,0x00312ce0
aug6-retail-1930	7	0x00363314	FUN_00363314	40	0x0030fbc8	s06_00268280	1	3	3	3	ambiguous_candidate	0x0030fbc8,0x00310774,0x0031103c
aug6-retail-1931	7	0x00363d38	FUN_00363d38	40	0x00311a60	s06_00268280	1	1	1	1	unique_masked_candidate	0x00311a60
aug6-retail-1932	7	0x00363d60	FUN_00363d60	288	0x00311a88	s06_00268280	0	1	0	1	unique_masked_candidate	0x00311a88
aug6-retail-1933	7	0x00363e80	FUN_00363e80	56	0x00311ba8	s06_00268280	1	1	1	1	unique_masked_candidate	0x00311ba8
aug6-retail-1934	7	0x00364fb8	FUN_00364fb8	40	0x0031074c	s06_00268280	1	3	3	3	ambiguous_candidate	0x0031074c,0x00311014,0x00312ce0
aug6-retail-1935	7	0x0036ac08	FUN_0036ac08	28	0x00275398	s06_00268280	0	11	0	15	ambiguous_candidate	0x00275398,0x002821e8,0x002abaf8,0x002ce220,0x002d7848,0x00317c90,0x0036d748,0x003cdac0,0x003cf2c0,0x003cfa38,0x003cfa58
aug6-retail-1936	7	0x00374698	FUN_00374698	44	0x00279e78	s06_00268280	0	2	0	3	ambiguous_candidate	0x00279e78,0x0028c018
aug6-retail-1937	7	0x00378058	FUN_00378058	48	0x00324050	s06_00268280	0	1	0	1	unique_masked_candidate	0x00324050
aug6-retail-1938	7	0x0037e250	FUN_0037e250	144	0x0034e258	s06_00268280	1	6	6	4	ambiguous_candidate	0x0034e258,0x0035b958,0x0035e948,0x003b1150,0x003b86a0,0x003bc2d8
aug6-retail-1939	7	0x003808d8	FUN_003808d8	144	0x0034e258	s06_00268280	1	6	6	4	ambiguous_candidate	0x0034e258,0x0035b958,0x0035e948,0x003b1150,0x003b86a0,0x003bc2d8
aug6-retail-1940	7	0x00393728	FUN_00393728	16	0x00331c70	s06_00268280	1	1	1	1	unique_masked_candidate	0x00331c70
aug6-retail-1941	7	0x00394af8	UpdateMoby_775	76	0x00332e90	s06_00268280	0	1	0	1	unique_masked_candidate	0x00332e90
aug6-retail-1942	7	0x00395058	FUN_00395058	16	0x003333a0	s06_00268280	1	1	1	1	unique_masked_candidate	0x003333a0
aug6-retail-1943	7	0x00399528	FUN_00399528	288	0x002cc118	s06_00268280	1	6	6	6	ambiguous_candidate	0x002cc118,0x00339380,0x00350528,0x00360178,0x00371c70,0x0039c290
aug6-retail-1944	7	0x0039a038	FUN_0039a038	144	0x0033a648	s06_00268280	1	2	2	2	ambiguous_candidate	0x0033a648,0x00372868
aug6-retail-1945	7	0x003a8f18	FUN_003a8f18	44	0x003aeba8	s06_00268280	1	1	1	1	unique_masked_candidate	0x003aeba8
aug6-retail-1946	7	0x003a9e10	FUN_003a9e10	136	0x003600f0	s06_00268280	1	10	10	11	ambiguous_candidate	0x003600f0,0x00366378,0x00368ce8,0x00369a18,0x0036fec0,0x0037aa20,0x0037be70,0x0039c208,0x003a3f80,0x003afac0
aug6-retail-1947	7	0x003b0af8	UpdateMoby_2384	28	0x0034d6a0	s06_00268280	0	1	0	1	unique_masked_candidate	0x0034d6a0
aug6-retail-1948	7	0x003b1f68	FUN_003b1f68	136	0x003600f0	s06_00268280	1	10	10	11	ambiguous_candidate	0x003600f0,0x00366378,0x00368ce8,0x00369a18,0x0036fec0,0x0037aa20,0x0037be70,0x0039c208,0x003a3f80,0x003afac0
aug6-retail-1949	7	0x003b1ff0	FUN_003b1ff0	288	0x002cc118	s06_00268280	1	6	6	6	ambiguous_candidate	0x002cc118,0x00339380,0x00350528,0x00360178,0x00371c70,0x0039c290
aug6-retail-1950	7	0x003b80e8	FUN_003b80e8	40	0x003579e0	s06_00268280	1	1	1	1	unique_masked_candidate	0x003579e0
aug6-retail-1951	7	0x003c0950	FUN_003c0950	136	0x003600f0	s06_00268280	1	10	10	11	ambiguous_candidate	0x003600f0,0x00366378,0x00368ce8,0x00369a18,0x0036fec0,0x0037aa20,0x0037be70,0x0039c208,0x003a3f80,0x003afac0
aug6-retail-1952	7	0x003c09d8	FUN_003c09d8	288	0x002cc118	s06_00268280	1	6	6	6	ambiguous_candidate	0x002cc118,0x00339380,0x00350528,0x00360178,0x00371c70,0x0039c290
aug6-retail-1953	7	0x003c77f8	FUN_003c77f8	136	0x003600f0	s06_00268280	1	10	10	11	ambiguous_candidate	0x003600f0,0x00366378,0x00368ce8,0x00369a18,0x0036fec0,0x0037aa20,0x0037be70,0x0039c208,0x003a3f80,0x003afac0
aug6-retail-1954	7	0x003cab80	FUN_003cab80	136	0x003600f0	s06_00268280	1	10	10	11	ambiguous_candidate	0x003600f0,0x00366378,0x00368ce8,0x00369a18,0x0036fec0,0x0037aa20,0x0037be70,0x0039c208,0x003a3f80,0x003afac0
aug6-retail-1955	7	0x003cb8d0	FUN_003cb8d0	136	0x003600f0	s06_00268280	1	10	10	11	ambiguous_candidate	0x003600f0,0x00366378,0x00368ce8,0x00369a18,0x0036fec0,0x0037aa20,0x0037be70,0x0039c208,0x003a3f80,0x003afac0
aug6-retail-1956	7	0x003cf9e8	UpdateMoby_3077	28	0x00275398	s06_00268280	0	11	0	15	ambiguous_candidate	0x00275398,0x002821e8,0x002abaf8,0x002ce220,0x002d7848,0x00317c90,0x0036d748,0x003cdac0,0x003cf2c0,0x003cfa38,0x003cfa58
aug6-retail-1957	7	0x003d2068	FUN_003d2068	136	0x003600f0	s06_00268280	1	10	10	11	ambiguous_candidate	0x003600f0,0x00366378,0x00368ce8,0x00369a18,0x0036fec0,0x0037aa20,0x0037be70,0x0039c208,0x003a3f80,0x003afac0
aug6-retail-1958	7	0x003d40b8	FUN_003d40b8	288	0x002cc118	s06_00268280	1	6	6	6	ambiguous_candidate	0x002cc118,0x00339380,0x00350528,0x00360178,0x00371c70,0x0039c290
aug6-retail-1959	7	0x003d4bc8	FUN_003d4bc8	144	0x0033a648	s06_00268280	1	2	2	2	ambiguous_candidate	0x0033a648,0x00372868
aug6-retail-1960	7	0x003d52a0	FUN_003d52a0	104	0x00336de8	s06_00268280	1	2	2	2	ambiguous_candidate	0x00336de8,0x00373070
aug6-retail-1961	7	0x003dbed0	FUN_003dbed0	136	0x003600f0	s06_00268280	1	10	10	11	ambiguous_candidate	0x003600f0,0x00366378,0x00368ce8,0x00369a18,0x0036fec0,0x0037aa20,0x0037be70,0x0039c208,0x003a3f80,0x003afac0
aug6-retail-1962	7	0x003dd278	FUN_003dd278	136	0x003600f0	s06_00268280	1	10	10	11	ambiguous_candidate	0x003600f0,0x00366378,0x00368ce8,0x00369a18,0x0036fec0,0x0037aa20,0x0037be70,0x0039c208,0x003a3f80,0x003afac0
aug6-retail-1963	7	0x003de988	FUN_003de988	64	0x0037d5b8	s06_00268280	1	1	1	1	unique_masked_candidate	0x0037d5b8
aug6-retail-1964	7	0x003e9b08	FUN_003e9b08	144	0x0034e258	s06_00268280	1	6	6	4	ambiguous_candidate	0x0034e258,0x0035b958,0x0035e948,0x003b1150,0x003b86a0,0x003bc2d8
aug6-retail-1965	7	0x003ed798	FUN_003ed798	144	0x0034e258	s06_00268280	1	6	6	4	ambiguous_candidate	0x0034e258,0x0035b958,0x0035e948,0x003b1150,0x003b86a0,0x003bc2d8
aug6-retail-1966	7	0x003eee08	FUN_003eee08	32	0x003848d0	s06_00268280	0	1	0	1	unique_masked_candidate	0x003848d0
aug6-retail-1967	7	0x0040c390	FUN_0040c390	136	0x003600f0	s06_00268280	1	10	10	11	ambiguous_candidate	0x003600f0,0x00366378,0x00368ce8,0x00369a18,0x0036fec0,0x0037aa20,0x0037be70,0x0039c208,0x003a3f80,0x003afac0
aug6-retail-1968	7	0x0040c418	FUN_0040c418	288	0x002cc118	s06_00268280	1	6	6	6	ambiguous_candidate	0x002cc118,0x00339380,0x00350528,0x00360178,0x00371c70,0x0039c290
aug6-retail-1969	7	0x004150f0	FUN_004150f0	136	0x003600f0	s06_00268280	1	10	10	11	ambiguous_candidate	0x003600f0,0x00366378,0x00368ce8,0x00369a18,0x0036fec0,0x0037aa20,0x0037be70,0x0039c208,0x003a3f80,0x003afac0
aug6-retail-1970	7	0x00417778	FUN_00417778	104	0x00336de8	s06_00268280	1	2	2	2	ambiguous_candidate	0x00336de8,0x00373070
aug6-retail-1971	7	0x004177e0	FUN_004177e0	112	0x00336e50	s06_00268280	1	1	1	1	unique_masked_candidate	0x00336e50
aug6-retail-1972	7	0x0041cd20	FUN_0041cd20	44	0x003c6420	s06_00268280	0	1	0	1	unique_masked_candidate	0x003c6420
aug6-retail-1973	7	0x00420430	FUN_00420430	16	0x003c9628	s06_00268280	1	1	1	1	unique_masked_candidate	0x003c9628
aug6-retail-1974	7	0x00424de0	UpdateCamera_6	28	0x00275398	s06_00268280	0	11	0	15	ambiguous_candidate	0x00275398,0x002821e8,0x002abaf8,0x002ce220,0x002d7848,0x00317c90,0x0036d748,0x003cdac0,0x003cf2c0,0x003cfa38,0x003cfa58
aug6-retail-1975	7	0x00426a88	FUN_00426a88	28	0x00275398	s06_00268280	0	11	0	15	ambiguous_candidate	0x00275398,0x002821e8,0x002abaf8,0x002ce220,0x002d7848,0x00317c90,0x0036d748,0x003cdac0,0x003cf2c0,0x003cfa38,0x003cfa58
aug6-retail-1976	7	0x00427220	FUN_00427220	28	0x00275398	s06_00268280	0	11	0	15	ambiguous_candidate	0x00275398,0x002821e8,0x002abaf8,0x002ce220,0x002d7848,0x00317c90,0x0036d748,0x003cdac0,0x003cf2c0,0x003cfa38,0x003cfa58
aug6-retail-1977	7	0x004272f8	FUN_004272f8	36	0x003cfb30	s06_00268280	1	1	1	1	unique_masked_candidate	0x003cfb30
aug6-retail-1978	7	0x00427328	FUN_00427328	32	0x003cfb60	s06_00268280	1	1	1	1	unique_masked_candidate	0x003cfb60
aug6-retail-1979	7	0x00427348	FUN_00427348	40	0x003cfb80	s06_00268280	1	1	1	1	unique_masked_candidate	0x003cfb80
aug6-retail-1980	7	0x00427448	FUN_00427448	36	0x003cfc80	s06_00268280	1	1	1	1	unique_masked_candidate	0x003cfc80
aug6-retail-1981	7	0x00427958	FUN_00427958	20	0x003d0190	s06_00268280	1	1	1	1	unique_masked_candidate	0x003d0190
aug6-retail-1982	7	0x00427970	FUN_00427970	20	0x003d01a8	s06_00268280	1	1	1	1	unique_masked_candidate	0x003d01a8
aug6-retail-1983	7	0x00427988	FUN_00427988	60	0x003d01c0	s06_00268280	1	1	1	1	unique_masked_candidate	0x003d01c0
aug6-retail-1984	7	0x004279c8	FUN_004279c8	60	0x003d0200	s06_00268280	1	1	1	1	unique_masked_candidate	0x003d0200
aug6-retail-1985	7	0x00427de0	FUN_00427de0	44	0x003d05e8	s06_00268280	1	1	1	1	unique_masked_candidate	0x003d05e8
aug6-retail-1986	7	0x00427e10	FUN_00427e10	24	0x003d0618	s06_00268280	1	1	1	1	unique_masked_candidate	0x003d0618
aug6-retail-1987	7	0x00427f00	FUN_00427f00	44	0x003d0708	s06_00268280	0	1	0	1	unique_masked_candidate	0x003d0708
aug6-retail-1988	7	0x00428058	FUN_00428058	296	0x003d0860	s06_00268280	1	1	1	1	unique_masked_candidate	0x003d0860
aug6-retail-1989	7	0x00428188	FUN_00428188	24	0x003d0990	s06_00268280	1	1	1	1	unique_masked_candidate	0x003d0990
aug6-retail-1990	7	0x00428210	FUN_00428210	80	0x003d0a18	s06_00268280	1	1	1	1	unique_masked_candidate	0x003d0a18
aug6-retail-1991	7	0x00428390	FUN_00428390	28	0x003d0b98	s06_00268280	1	1	1	1	unique_masked_candidate	0x003d0b98
aug6-retail-1992	7	0x0042ac38	FUN_0042ac38	28	0x003d4fd0	s06_00268280	0	1	0	2	ambiguous_candidate	0x003d4fd0
aug6-retail-1993	7	0x0042be98	FUN_0042be98	16	0x003d3b20	s06_00268280	1	1	1	1	unique_masked_candidate	0x003d3b20
aug6-retail-1994	7	0x0042bea8	FUN_0042bea8	24	0x003d3b30	s06_00268280	1	1	1	1	unique_masked_candidate	0x003d3b30
aug6-retail-1995	7	0x0042c4e0	FUN_0042c4e0	20	0x003d3fc0	s06_00268280	1	2	2	2	ambiguous_candidate	0x003d3fc0,0x003d84d0
aug6-retail-1996	7	0x0042fae8	FUN_0042fae8	28	0x003d4fd0	s06_00268280	0	1	0	2	ambiguous_candidate	0x003d4fd0
aug6-retail-1997	7	0x00432f10	FUN_00432f10	28	0x003d7ff8	s06_00268280	0	1	0	1	unique_masked_candidate	0x003d7ff8
aug6-retail-1998	7	0x00432f30	FUN_00432f30	28	0x003d8018	s06_00268280	0	1	0	1	unique_masked_candidate	0x003d8018
aug6-retail-1999	7	0x00433358	FUN_00433358	28	0x002d6328	s06_00268280	0	2	0	4	ambiguous_candidate	0x002d6328,0x002d6408
aug6-retail-2000	7	0x00434508	FUN_00434508	20	0x003d3fc0	s06_00268280	1	2	2	2	ambiguous_candidate	0x003d3fc0,0x003d84d0
aug6-retail-2001	7	0x00439530	FUN_00439530	108	0x003dc838	s06_00268280	1	1	1	1	unique_masked_candidate	0x003dc838
aug6-retail-2002	7	0x004395b8	FUN_004395b8	36	0x003dc8b8	s06_00268280	1	1	1	1	unique_masked_candidate	0x003dc8b8
aug6-retail-2003	7	0x0043a960	FUN_0043a960	52	0x003dd7e0	s06_00268280	1	1	1	1	unique_masked_candidate	0x003dd7e0
aug6-retail-2004	7	0x0043aa68	FUN_0043aa68	20	0x003dd8e8	s06_00268280	1	1	1	1	unique_masked_candidate	0x003dd8e8
aug6-retail-2005	7	0x0043aaa0	FUN_0043aaa0	52	0x003dd920	s06_00268280	1	1	1	1	unique_masked_candidate	0x003dd920
aug6-retail-2006	7	0x0043aad8	FUN_0043aad8	24	0x003dd958	s06_00268280	1	1	1	1	unique_masked_candidate	0x003dd958
aug6-retail-2007	7	0x0043aaf8	FUN_0043aaf8	60	0x003dd978	s06_00268280	1	1	1	1	unique_masked_candidate	0x003dd978
aug6-retail-2008	7	0x0043ade0	FUN_0043ade0	80	0x003ddc60	s06_00268280	1	1	1	1	unique_masked_candidate	0x003ddc60
aug6-retail-2009	7	0x0043af28	FUN_0043af28	16	0x003ddda8	s06_00268280	1	1	1	1	unique_masked_candidate	0x003ddda8
aug6-retail-2010	7	0x0043af38	FUN_0043af38	52	0x003dddb8	s06_00268280	1	1	1	1	unique_masked_candidate	0x003dddb8
aug6-retail-2011	7	0x0043af70	FUN_0043af70	16	0x003dddf0	s06_00268280	1	1	1	1	unique_masked_candidate	0x003dddf0
aug6-retail-2012	7	0x0043af80	FUN_0043af80	40	0x003dde00	s06_00268280	1	1	1	1	unique_masked_candidate	0x003dde00
aug6-retail-2013	7	0x0043afa8	FUN_0043afa8	52	0x003dde28	s06_00268280	1	1	1	1	unique_masked_candidate	0x003dde28
aug6-retail-2014	7	0x0043c4b0	FUN_0043c4b0	20	0x003df140	s06_00268280	1	1	1	1	unique_masked_candidate	0x003df140
aug6-retail-2015	7	0x00440890	FUN_00440890	28	0x003e31a0	s06_00268280	1	1	1	1	unique_masked_candidate	0x003e31a0
aug6-retail-2016	7	0x00440d70	FUN_00440d70	32	0x003e3680	s06_00268280	0	2	0	2	ambiguous_candidate	0x003e3680,0x003e5620
aug6-retail-2017	7	0x00440e38	FUN_00440e38	208	0x003e3748	s06_00268280	1	1	1	1	unique_masked_candidate	0x003e3748
aug6-retail-2018	7	0x00440f08	FUN_00440f08	180	0x003e3818	s06_00268280	1	1	1	1	unique_masked_candidate	0x003e3818
aug6-retail-2019	7	0x00440fc0	FUN_00440fc0	16	0x003e38d0	s06_00268280	1	1	1	1	unique_masked_candidate	0x003e38d0
aug6-retail-2020	7	0x00440fd0	FUN_00440fd0	36	0x003e38e0	s06_00268280	0	1	0	1	unique_masked_candidate	0x003e38e0
aug6-retail-2021	7	0x00441a68	FUN_00441a68	24	0x003e4388	s06_00268280	1	1	1	1	unique_masked_candidate	0x003e4388
aug6-retail-2022	7	0x00441a88	FUN_00441a88	48	0x003e43a8	s06_00268280	1	1	1	1	unique_masked_candidate	0x003e43a8
aug6-retail-2023	7	0x00441ab8	FUN_00441ab8	68	0x003e43d8	s06_00268280	1	1	1	1	unique_masked_candidate	0x003e43d8
aug6-retail-2024	7	0x00441b00	FUN_00441b00	72	0x003e4420	s06_00268280	1	1	1	1	unique_masked_candidate	0x003e4420
aug6-retail-2025	7	0x00441b48	FUN_00441b48	36	0x003e4468	s06_00268280	1	1	1	1	unique_masked_candidate	0x003e4468
aug6-retail-2026	7	0x00441b70	FUN_00441b70	16	0x003e4490	s06_00268280	1	1	1	1	unique_masked_candidate	0x003e4490
aug6-retail-2027	7	0x00441c28	FUN_00441c28	68	0x003e4548	s06_00268280	1	1	1	1	unique_masked_candidate	0x003e4548
aug6-retail-2028	7	0x00441d50	FUN_00441d50	36	0x003e4670	s06_00268280	1	1	1	1	unique_masked_candidate	0x003e4670
aug6-retail-2029	7	0x004427e8	FUN_004427e8	340	0x003e5108	s06_00268280	1	1	1	1	unique_masked_candidate	0x003e5108
aug6-retail-2030	7	0x00442d00	FUN_00442d00	32	0x003e3680	s06_00268280	0	2	0	2	ambiguous_candidate	0x003e3680,0x003e5620
aug6-retail-2031	7	0x00442d20	FUN_00442d20	28	0x003e5640	s06_00268280	0	3	0	3	ambiguous_candidate	0x003e5640,0x003e5660,0x003e5730
aug6-retail-2032	7	0x00442d40	FUN_00442d40	28	0x003e5640	s06_00268280	0	3	0	3	ambiguous_candidate	0x003e5640,0x003e5660,0x003e5730
aug6-retail-2033	7	0x00442e10	FUN_00442e10	28	0x003e5640	s06_00268280	0	3	0	3	ambiguous_candidate	0x003e5640,0x003e5660,0x003e5730
aug6-retail-2034	7	0x004432c0	FUN_004432c0	88	0x003e5be0	s06_00268280	1	1	1	1	unique_masked_candidate	0x003e5be0
aug6-retail-2035	7	0x00443320	FUN_00443320	16	0x003e5c40	s06_00268280	1	1	1	1	unique_masked_candidate	0x003e5c40
aug6-retail-2036	7	0x00443330	FUN_00443330	20	0x003e5c50	s06_00268280	1	1	1	1	unique_masked_candidate	0x003e5c50
aug6-retail-2037	7	0x00443478	FUN_00443478	32	0x003e5d98	s06_00268280	1	1	1	1	unique_masked_candidate	0x003e5d98
aug6-retail-2038	8	0x002b71f0	FUN_002b71f0	56	0x0029cbc8	s06_0029c500	1	1	1	1	unique_masked_candidate	0x0029cbc8
aug6-retail-2039	8	0x002bf588	FUN_002bf588	56	0x002bef38	s06_0029c500	0	1	0	1	unique_masked_candidate	0x002bef38
aug6-retail-2040	8	0x002bf5c0	FUN_002bf5c0	36	0x002bef70	s06_0029c500	0	1	0	1	unique_masked_candidate	0x002bef70
aug6-retail-2041	8	0x002bf680	FUN_002bf680	20	0x002bf028	s06_0029c500	1	1	1	1	unique_masked_candidate	0x002bf028
aug6-retail-2042	8	0x002c0170	FUN_002c0170	88	0x002bfa98	s06_0029c500	1	1	1	1	unique_masked_candidate	0x002bfa98
aug6-retail-2043	8	0x002c11d0	FUN_002c11d0	44	0x002ae4a0	s06_0029c500	0	2	0	3	ambiguous_candidate	0x002ae4a0,0x002c0b90
aug6-retail-2044	8	0x002c4898	FUN_002c4898	32	0x002c3d60	s06_0029c500	1	1	1	1	unique_masked_candidate	0x002c3d60
aug6-retail-2045	8	0x002df510	FUN_002df510	28	0x002df8f8	s06_0029c500	0	1	0	1	unique_masked_candidate	0x002df8f8
aug6-retail-2046	8	0x002e2550	FUN_002e2550	28	0x002aa100	s06_0029c500	0	1	0	2	ambiguous_candidate	0x002aa100
aug6-retail-2047	8	0x002e2f28	FUN_002e2f28	92	0x0029cd00	s06_0029c500	0	1	0	1	unique_masked_candidate	0x0029cd00
aug6-retail-2048	8	0x002e3728	FUN_002e3728	24	0x0029d4e8	s06_0029c500	1	1	1	1	unique_masked_candidate	0x0029d4e8
aug6-retail-2049	8	0x002e8e98	FUN_002e8e98	5060	0x002a29c8	s06_0029c500	0	1	0	1	unique_masked_candidate	0x002a29c8
aug6-retail-2050	8	0x002ea260	FUN_002ea260	160	0x002a3d90	s06_0029c500	1	1	1	1	unique_masked_candidate	0x002a3d90
aug6-retail-2051	8	0x002f1658	FUN_002f1658	136	0x002a9548	s06_0029c500	0	1	0	1	unique_masked_candidate	0x002a9548
aug6-retail-2052	8	0x002f16e0	FUN_002f16e0	28	0x002a95d0	s06_0029c500	0	11	0	16	ambiguous_candidate	0x002a95d0,0x002b6518,0x002e4010,0x00307330,0x00310850,0x00350980,0x003af528,0x004100e8,0x004118e8,0x00412088,0x004120a8
aug6-retail-2053	8	0x002f2210	FUN_002f2210	28	0x002aa100	s06_0029c500	0	1	0	2	ambiguous_candidate	0x002aa100
aug6-retail-2054	8	0x002f50f8	FUN_002f50f8	80	0x002acbc8	s06_0029c500	1	1	1	1	unique_masked_candidate	0x002acbc8
aug6-retail-2055	8	0x002f63e8	FUN_002f63e8	56	0x002ae188	s06_0029c500	1	1	1	1	unique_masked_candidate	0x002ae188
aug6-retail-2056	8	0x002f6708	FUN_002f6708	44	0x002ae4a0	s06_0029c500	0	2	0	3	ambiguous_candidate	0x002ae4a0,0x002c0b90
aug6-retail-2057	8	0x002f6aa0	FUN_002f6aa0	376	0x002ae828	s06_0029c500	1	1	1	1	unique_masked_candidate	0x002ae828
aug6-retail-2058	8	0x002f72fc	FUN_002f72fc	128	0x002af084	s06_0029c500	0	1	0	1	unique_masked_candidate	0x002af084
aug6-retail-2059	8	0x002f9100	FUN_002f9100	36	0x002b0f68	s06_0029c500	0	1	0	1	unique_masked_candidate	0x002b0f68
aug6-retail-2060	8	0x002f9a60	FUN_002f9a60	48	0x002b18c8	s06_0029c500	1	1	1	1	unique_masked_candidate	0x002b18c8
aug6-retail-2061	8	0x002f9a90	FUN_002f9a90	48	0x002b18f8	s06_0029c500	1	1	1	1	unique_masked_candidate	0x002b18f8
aug6-retail-2062	8	0x002f9ac0	FUN_002f9ac0	48	0x002b1928	s06_0029c500	1	1	1	1	unique_masked_candidate	0x002b1928
aug6-retail-2063	8	0x002f9b30	FUN_002f9b30	16	0x002b1998	s06_0029c500	1	1	1	1	unique_masked_candidate	0x002b1998
aug6-retail-2064	8	0x002f9b40	FUN_002f9b40	16	0x002b19a8	s06_0029c500	1	2	2	1	ambiguous_candidate	0x002b19a8,0x002fcc08
aug6-retail-2065	8	0x002f9b50	FUN_002f9b50	40	0x002b19b8	s06_0029c500	1	1	1	1	unique_masked_candidate	0x002b19b8
aug6-retail-2066	8	0x002f9b78	FUN_002f9b78	40	0x002b19e0	s06_0029c500	1	1	1	1	unique_masked_candidate	0x002b19e0
aug6-retail-2067	8	0x002f9ba0	FUN_002f9ba0	40	0x002b1a08	s06_0029c500	1	1	1	1	unique_masked_candidate	0x002b1a08
aug6-retail-2068	8	0x002f9bc8	FUN_002f9bc8	160	0x002b1a30	s06_0029c500	1	1	1	1	unique_masked_candidate	0x002b1a30
aug6-retail-2069	8	0x002f9c68	FUN_002f9c68	40	0x002b1ad0	s06_0029c500	1	1	1	1	unique_masked_candidate	0x002b1ad0
aug6-retail-2070	8	0x002f9c90	FUN_002f9c90	48	0x002b1af8	s06_0029c500	1	1	1	1	unique_masked_candidate	0x002b1af8
aug6-retail-2071	8	0x002f9cc0	FUN_002f9cc0	56	0x002b1b28	s06_0029c500	1	1	1	1	unique_masked_candidate	0x002b1b28
aug6-retail-2072	8	0x002f9cf8	FUN_002f9cf8	40	0x002b1b60	s06_0029c500	1	1	1	1	unique_masked_candidate	0x002b1b60
aug6-retail-2073	8	0x002f9d28	FUN_002f9d28	32	0x002b1b90	s06_0029c500	1	1	1	1	unique_masked_candidate	0x002b1b90
aug6-retail-2074	8	0x002f9d48	FUN_002f9d48	24	0x002b1bb0	s06_0029c500	1	1	1	1	unique_masked_candidate	0x002b1bb0
aug6-retail-2075	8	0x002f9da8	FUN_002f9da8	16	0x002b1c00	s06_0029c500	1	1	1	1	unique_masked_candidate	0x002b1c00
aug6-retail-2076	8	0x002f9dc8	FUN_002f9dc8	16	0x002b1c18	s06_0029c500	1	1	1	1	unique_masked_candidate	0x002b1c18
aug6-retail-2077	8	0x002f9df0	FUN_002f9df0	24	0x002b1c28	s06_0029c500	1	1	1	1	unique_masked_candidate	0x002b1c28
aug6-retail-2078	8	0x002f9e08	FUN_002f9e08	24	0x002b1c40	s06_0029c500	1	1	1	1	unique_masked_candidate	0x002b1c40
aug6-retail-2079	8	0x002f9e20	FUN_002f9e20	24	0x002b1c58	s06_0029c500	1	1	1	1	unique_masked_candidate	0x002b1c58
aug6-retail-2080	8	0x002f9e38	FUN_002f9e38	40	0x002b1c70	s06_0029c500	1	1	1	1	unique_masked_candidate	0x002b1c70
aug6-retail-2081	8	0x002f9e60	FUN_002f9e60	24	0x002b1c98	s06_0029c500	1	1	1	1	unique_masked_candidate	0x002b1c98
aug6-retail-2082	8	0x002f9e78	FUN_002f9e78	24	0x002b1cb0	s06_0029c500	1	1	1	1	unique_masked_candidate	0x002b1cb0
aug6-retail-2083	8	0x002f9e90	FUN_002f9e90	24	0x002b1cc8	s06_0029c500	1	1	1	1	unique_masked_candidate	0x002b1cc8
aug6-retail-2084	8	0x002f9ea8	FUN_002f9ea8	24	0x002b1cf8	s06_0029c500	1	1	1	1	unique_masked_candidate	0x002b1cf8
aug6-retail-2085	8	0x002f9ec0	FUN_002f9ec0	32	0x002b1d10	s06_0029c500	1	1	1	1	unique_masked_candidate	0x002b1d10
aug6-retail-2086	8	0x002f9ee0	FUN_002f9ee0	40	0x002b1d30	s06_0029c500	1	1	1	1	unique_masked_candidate	0x002b1d30
aug6-retail-2087	8	0x002f9f08	FUN_002f9f08	24	0x002b1d58	s06_0029c500	1	1	1	1	unique_masked_candidate	0x002b1d58
aug6-retail-2088	8	0x002f9f20	FUN_002f9f20	48	0x002b1d70	s06_0029c500	1	1	1	1	unique_masked_candidate	0x002b1d70
aug6-retail-2089	8	0x002f9f50	FUN_002f9f50	40	0x002b1da0	s06_0029c500	1	1	1	1	unique_masked_candidate	0x002b1da0
aug6-retail-2090	8	0x002f9f78	FUN_002f9f78	32	0x002b1dc8	s06_0029c500	1	1	1	1	unique_masked_candidate	0x002b1dc8
aug6-retail-2091	8	0x002f9f98	FUN_002f9f98	56	0x002b1de8	s06_0029c500	1	1	1	1	unique_masked_candidate	0x002b1de8
aug6-retail-2092	8	0x002f9fd0	FUN_002f9fd0	48	0x002b1e20	s06_0029c500	1	1	1	1	unique_masked_candidate	0x002b1e20
aug6-retail-2093	8	0x002fa000	FUN_002fa000	40	0x002b1e50	s06_0029c500	1	1	1	1	unique_masked_candidate	0x002b1e50
aug6-retail-2094	8	0x002fa028	FUN_002fa028	72	0x002b1e78	s06_0029c500	1	1	1	1	unique_masked_candidate	0x002b1e78
aug6-retail-2095	8	0x002fa0b8	FUN_002fa0b8	80	0x002b1ec0	s06_0029c500	1	1	1	1	unique_masked_candidate	0x002b1ec0
aug6-retail-2096	8	0x002fa108	FUN_002fa108	72	0x002b1f10	s06_0029c500	1	1	1	1	unique_masked_candidate	0x002b1f10
aug6-retail-2097	8	0x002fa150	FUN_002fa150	112	0x002b1f58	s06_0029c500	1	1	1	1	unique_masked_candidate	0x002b1f58
aug6-retail-2098	8	0x002fa1c0	FUN_002fa1c0	104	0x002b1fc8	s06_0029c500	1	1	1	1	unique_masked_candidate	0x002b1fc8
aug6-retail-2099	8	0x002fa228	FUN_002fa228	112	0x002b2030	s06_0029c500	1	1	1	1	unique_masked_candidate	0x002b2030
aug6-retail-2100	8	0x002fa298	FUN_002fa298	40	0x002b20a0	s06_0029c500	1	1	1	1	unique_masked_candidate	0x002b20a0
aug6-retail-2101	8	0x002fa2c0	FUN_002fa2c0	48	0x002b20c8	s06_0029c500	1	1	1	1	unique_masked_candidate	0x002b20c8
aug6-retail-2102	8	0x002fa2f0	FUN_002fa2f0	24	0x002b20f8	s06_0029c500	1	1	1	1	unique_masked_candidate	0x002b20f8
aug6-retail-2103	8	0x002fa308	FUN_002fa308	40	0x002b2110	s06_0029c500	1	1	1	1	unique_masked_candidate	0x002b2110
aug6-retail-2104	8	0x002fa330	FUN_002fa330	24	0x002b2138	s06_0029c500	1	1	1	1	unique_masked_candidate	0x002b2138
aug6-retail-2105	8	0x002fa348	FUN_002fa348	72	0x002b2150	s06_0029c500	1	1	1	1	unique_masked_candidate	0x002b2150
aug6-retail-2106	8	0x002fa398	FUN_002fa398	48	0x002b21a0	s06_0029c500	1	1	1	1	unique_masked_candidate	0x002b21a0
aug6-retail-2107	8	0x002fa3c8	FUN_002fa3c8	24	0x002b21d0	s06_0029c500	1	1	1	1	unique_masked_candidate	0x002b21d0
aug6-retail-2108	8	0x002fa3e0	FUN_002fa3e0	24	0x002b21e8	s06_0029c500	1	1	1	1	unique_masked_candidate	0x002b21e8
aug6-retail-2109	8	0x002fa5a8	FUN_002fa5a8	40	0x002b23b0	s06_0029c500	1	1	1	1	unique_masked_candidate	0x002b23b0
aug6-retail-2110	8	0x002fa5d0	FUN_002fa5d0	48	0x002b23d8	s06_0029c500	1	1	1	1	unique_masked_candidate	0x002b23d8
aug6-retail-2111	8	0x002fa600	FUN_002fa600	56	0x002b2408	s06_0029c500	1	1	1	1	unique_masked_candidate	0x002b2408
aug6-retail-2112	8	0x002fa638	FUN_002fa638	32	0x002b2440	s06_0029c500	1	1	1	1	unique_masked_candidate	0x002b2440
aug6-retail-2113	8	0x002fa658	FUN_002fa658	32	0x002b2460	s06_0029c500	1	1	1	1	unique_masked_candidate	0x002b2460
aug6-retail-2114	8	0x002fa678	FUN_002fa678	552	0x002b2480	s06_0029c500	0	1	0	1	unique_masked_candidate	0x002b2480
aug6-retail-2115	8	0x002fa8a0	FUN_002fa8a0	32	0x002b26a8	s06_0029c500	1	1	1	1	unique_masked_candidate	0x002b26a8
aug6-retail-2116	8	0x002fa8c0	FUN_002fa8c0	32	0x002b26c8	s06_0029c500	1	1	1	1	unique_masked_candidate	0x002b26c8
aug6-retail-2117	8	0x002fa8e0	FUN_002fa8e0	80	0x002b26e8	s06_0029c500	1	1	1	1	unique_masked_candidate	0x002b26e8
aug6-retail-2118	8	0x002fa980	FUN_002fa980	80	0x002b2738	s06_0029c500	1	1	1	1	unique_masked_candidate	0x002b2738
aug6-retail-2119	8	0x002fa9d0	FUN_002fa9d0	72	0x002b2788	s06_0029c500	1	1	1	1	unique_masked_candidate	0x002b2788
aug6-retail-2120	8	0x002faa18	FUN_002faa18	64	0x002b27d0	s06_0029c500	1	1	1	1	unique_masked_candidate	0x002b27d0
aug6-retail-2121	8	0x002faa58	FUN_002faa58	136	0x002b2810	s06_0029c500	1	1	1	1	unique_masked_candidate	0x002b2810
aug6-retail-2122	8	0x002faae0	FUN_002faae0	192	0x002b2898	s06_0029c500	0	1	0	1	unique_masked_candidate	0x002b2898
aug6-retail-2123	8	0x002faba0	FUN_002faba0	120	0x002b2958	s06_0029c500	1	1	1	1	unique_masked_candidate	0x002b2958
aug6-retail-2124	8	0x002fac18	FUN_002fac18	136	0x002b29d0	s06_0029c500	1	1	1	1	unique_masked_candidate	0x002b29d0
aug6-retail-2125	8	0x002faca0	FUN_002faca0	152	0x002b2a58	s06_0029c500	1	1	1	1	unique_masked_candidate	0x002b2a58
aug6-retail-2126	8	0x002fad38	FUN_002fad38	88	0x002b2af0	s06_0029c500	1	1	1	1	unique_masked_candidate	0x002b2af0
aug6-retail-2127	8	0x002fad90	FUN_002fad90	80	0x002b2b48	s06_0029c500	1	1	1	1	unique_masked_candidate	0x002b2b48
aug6-retail-2128	8	0x002fade0	FUN_002fade0	72	0x002b2b98	s06_0029c500	1	1	1	1	unique_masked_candidate	0x002b2b98
aug6-retail-2129	8	0x002fae28	FUN_002fae28	72	0x002b2be0	s06_0029c500	1	1	1	1	unique_masked_candidate	0x002b2be0
aug6-retail-2130	8	0x002faec8	FUN_002faec8	56	0x002b2ca0	s06_0029c500	1	1	1	1	unique_masked_candidate	0x002b2ca0
aug6-retail-2131	8	0x002faf00	FUN_002faf00	16	0x002b2cd8	s06_0029c500	1	1	1	1	unique_masked_candidate	0x002b2cd8
aug6-retail-2132	8	0x002faf10	FUN_002faf10	24	0x002b2ce8	s06_0029c500	1	1	1	1	unique_masked_candidate	0x002b2ce8
aug6-retail-2133	8	0x002faf28	FUN_002faf28	16	0x002b2d00	s06_0029c500	1	1	1	1	unique_masked_candidate	0x002b2d00
aug6-retail-2134	8	0x002faf38	FUN_002faf38	16	0x002b2d10	s06_0029c500	1	1	1	1	unique_masked_candidate	0x002b2d10
aug6-retail-2135	8	0x002faf48	FUN_002faf48	56	0x002b2d20	s06_0029c500	1	1	1	1	unique_masked_candidate	0x002b2d20
aug6-retail-2136	8	0x002faf80	FUN_002faf80	72	0x002b2d58	s06_0029c500	1	1	1	1	unique_masked_candidate	0x002b2d58
aug6-retail-2137	8	0x002fafc8	FUN_002fafc8	56	0x002b2da0	s06_0029c500	1	1	1	1	unique_masked_candidate	0x002b2da0
aug6-retail-2138	8	0x002fb0f8	FUN_002fb0f8	60	0x002b2ed0	s06_0029c500	0	1	0	1	unique_masked_candidate	0x002b2ed0
aug6-retail-2139	8	0x002fb138	FUN_002fb138	248	0x002b2f10	s06_0029c500	0	1	0	1	unique_masked_candidate	0x002b2f10
aug6-retail-2140	8	0x002fb230	FUN_002fb230	184	0x002b3008	s06_0029c500	0	1	0	1	unique_masked_candidate	0x002b3008
aug6-retail-2141	8	0x002ffe68	FUN_002ffe68	28	0x002a95d0	s06_0029c500	0	11	0	16	ambiguous_candidate	0x002a95d0,0x002b6518,0x002e4010,0x00307330,0x00310850,0x00350980,0x003af528,0x004100e8,0x004118e8,0x00412088,0x004120a8
aug6-retail-2142	8	0x00302ee8	FUN_00302ee8	104	0x002e2a58	s06_0029c500	1	1	1	1	unique_masked_candidate	0x002e2a58
aug6-retail-2143	8	0x003030f8	FUN_003030f8	252	0x002e2c68	s06_0029c500	1	1	1	1	unique_masked_candidate	0x002e2c68
aug6-retail-2144	8	0x00303500	FUN_00303500	28	0x002a95d0	s06_0029c500	0	11	0	16	ambiguous_candidate	0x002a95d0,0x002b6518,0x002e4010,0x00307330,0x00310850,0x00350980,0x003af528,0x004100e8,0x004118e8,0x00412088,0x004120a8
aug6-retail-2145	8	0x00308520	FUN_00308520	28	0x002a95d0	s06_0029c500	0	11	0	16	ambiguous_candidate	0x002a95d0,0x002b6518,0x002e4010,0x00307330,0x00310850,0x00350980,0x003af528,0x004100e8,0x004118e8,0x00412088,0x004120a8
aug6-retail-2146	8	0x00308540	FUN_00308540	28	0x002a95d0	s06_0029c500	0	11	0	16	ambiguous_candidate	0x002a95d0,0x002b6518,0x002e4010,0x00307330,0x00310850,0x00350980,0x003af528,0x004100e8,0x004118e8,0x00412088,0x004120a8
aug6-retail-2147	8	0x00308560	FUN_00308560	28	0x002a95d0	s06_0029c500	0	11	0	16	ambiguous_candidate	0x002a95d0,0x002b6518,0x002e4010,0x00307330,0x00310850,0x00350980,0x003af528,0x004100e8,0x004118e8,0x00412088,0x004120a8
aug6-retail-2148	8	0x00308580	FUN_00308580	28	0x002a95d0	s06_0029c500	0	11	0	16	ambiguous_candidate	0x002a95d0,0x002b6518,0x002e4010,0x00307330,0x00310850,0x00350980,0x003af528,0x004100e8,0x004118e8,0x00412088,0x004120a8
aug6-retail-2149	8	0x0030b5c0	FUN_0030b5c0	88	0x002e9c78	s06_0029c500	1	1	1	1	unique_masked_candidate	0x002e9c78
aug6-retail-2150	8	0x0030b818	FUN_0030b818	60	0x002e9ed0	s06_0029c500	1	1	1	1	unique_masked_candidate	0x002e9ed0
aug6-retail-2151	8	0x00312cc0	FUN_00312cc0	100	0x002f1940	s06_0029c500	1	1	1	1	unique_masked_candidate	0x002f1940
aug6-retail-2152	8	0x00314628	FUN_00314628	280	0x002f2e28	s06_0029c500	1	1	1	1	unique_masked_candidate	0x002f2e28
aug6-retail-2153	8	0x00318560	FUN_00318560	56	0x002f6a70	s06_0029c500	1	1	1	1	unique_masked_candidate	0x002f6a70
aug6-retail-2154	8	0x0031a718	FUN_0031a718	32	0x002f8520	s06_0029c500	1	1	1	1	unique_masked_candidate	0x002f8520
aug6-retail-2155	8	0x0031a738	FUN_0031a738	56	0x002f8540	s06_0029c500	0	1	0	1	unique_masked_candidate	0x002f8540
aug6-retail-2156	8	0x0031a770	FUN_0031a770	160	0x002f8578	s06_0029c500	1	1	1	1	unique_masked_candidate	0x002f8578
aug6-retail-2157	8	0x0031a990	FUN_0031a990	320	0x002f8798	s06_0029c500	1	1	1	1	unique_masked_candidate	0x002f8798
aug6-retail-2158	8	0x0031aad0	FUN_0031aad0	312	0x002f88d8	s06_0029c500	1	1	1	1	unique_masked_candidate	0x002f88d8
aug6-retail-2159	8	0x0031ac08	FUN_0031ac08	736	0x002f8a10	s06_0029c500	0	1	0	1	unique_masked_candidate	0x002f8a10
aug6-retail-2160	8	0x0031aed8	FUN_0031aed8	32	0x002f8ce0	s06_0029c500	1	1	1	1	unique_masked_candidate	0x002f8ce0
aug6-retail-2161	8	0x0031aef8	FUN_0031aef8	40	0x002f8d00	s06_0029c500	0	1	0	1	unique_masked_candidate	0x002f8d00
aug6-retail-2162	8	0x0031af30	FUN_0031af30	360	0x002f8d38	s06_0029c500	1	1	1	1	unique_masked_candidate	0x002f8d38
aug6-retail-2163	8	0x0031b098	FUN_0031b098	128	0x002f8ea0	s06_0029c500	1	1	1	1	unique_masked_candidate	0x002f8ea0
aug6-retail-2164	8	0x0031d938	FUN_0031d938	116	0x002fac58	s06_0029c500	1	1	1	1	unique_masked_candidate	0x002fac58
aug6-retail-2165	8	0x0031e180	FUN_0031e180	100	0x002fb4a0	s06_0029c500	0	1	0	1	unique_masked_candidate	0x002fb4a0
aug6-retail-2166	8	0x0031e338	FUN_0031e338	120	0x002fb658	s06_0029c500	1	1	1	1	unique_masked_candidate	0x002fb658
aug6-retail-2167	8	0x0031e3b0	FUN_0031e3b0	152	0x002fb6d0	s06_0029c500	0	1	0	1	unique_masked_candidate	0x002fb6d0
aug6-retail-2168	8	0x0031ec58	FUN_0031ec58	40	0x002fbf78	s06_0029c500	0	1	0	1	unique_masked_candidate	0x002fbf78
aug6-retail-2169	8	0x0031f198	FUN_0031f198	32	0x002fc498	s06_0029c500	1	1	1	1	unique_masked_candidate	0x002fc498
aug6-retail-2170	8	0x0031f1b8	FUN_0031f1b8	48	0x002fc4b8	s06_0029c500	1	1	1	1	unique_masked_candidate	0x002fc4b8
aug6-retail-2171	8	0x0031f1e8	FUN_0031f1e8	48	0x002fc4e8	s06_0029c500	1	1	1	1	unique_masked_candidate	0x002fc4e8
aug6-retail-2172	8	0x0031f288	FUN_0031f288	80	0x002fc588	s06_0029c500	1	1	1	1	unique_masked_candidate	0x002fc588
aug6-retail-2173	8	0x0031fe18	FUN_0031fe18	72	0x002fd118	s06_0029c500	0	1	0	1	unique_masked_candidate	0x002fd118
aug6-retail-2174	8	0x0031fe60	FUN_0031fe60	1544	0x002fd160	s06_0029c500	0	1	0	1	unique_masked_candidate	0x002fd160
aug6-retail-2175	8	0x00320468	FUN_00320468	3348	0x002fd768	s06_0029c500	0	1	0	1	unique_masked_candidate	0x002fd768
aug6-retail-2176	8	0x00321e40	FUN_00321e40	2136	0x002ff140	s06_0029c500	0	1	0	1	unique_masked_candidate	0x002ff140
aug6-retail-2177	8	0x00324060	FUN_00324060	2688	0x00301338	s06_0029c500	0	1	0	1	unique_masked_candidate	0x00301338
aug6-retail-2178	8	0x00327758	FUN_00327758	60	0x003048d0	s06_0029c500	1	1	1	1	unique_masked_candidate	0x003048d0
aug6-retail-2179	8	0x003277a0	FUN_003277a0	28	0x00304918	s06_0029c500	1	1	1	1	unique_masked_candidate	0x00304918
aug6-retail-2180	8	0x003277c0	FUN_003277c0	52	0x00304938	s06_0029c500	1	1	1	1	unique_masked_candidate	0x00304938
aug6-retail-2181	8	0x003277f8	FUN_003277f8	68	0x00304970	s06_0029c500	1	1	1	1	unique_masked_candidate	0x00304970
aug6-retail-2182	8	0x003278f0	FUN_003278f0	92	0x00304a68	s06_0029c500	0	1	0	1	unique_masked_candidate	0x00304a68
aug6-retail-2183	8	0x00327950	FUN_00327950	104	0x00304ac8	s06_0029c500	0	1	0	1	unique_masked_candidate	0x00304ac8
aug6-retail-2184	8	0x003279b8	FUN_003279b8	68	0x00304b30	s06_0029c500	0	1	0	1	unique_masked_candidate	0x00304b30
aug6-retail-2185	8	0x00327a00	FUN_00327a00	88	0x00304b78	s06_0029c500	0	1	0	1	unique_masked_candidate	0x00304b78
aug6-retail-2186	8	0x00327be8	FUN_00327be8	56	0x00304d60	s06_0029c500	1	1	1	1	unique_masked_candidate	0x00304d60
aug6-retail-2187	8	0x00327c20	FUN_00327c20	288	0x00304d98	s06_0029c500	1	6	6	6	ambiguous_candidate	0x00304d98,0x00375a50,0x00394ae0,0x003a28b0,0x003b5510,0x003e2458
aug6-retail-2188	8	0x00327d40	FUN_00327d40	148	0x00304eb8	s06_0029c500	0	1	0	1	unique_masked_candidate	0x00304eb8
aug6-retail-2189	8	0x00327dd8	FUN_00327dd8	124	0x00304f50	s06_0029c500	0	1	0	1	unique_masked_candidate	0x00304f50
aug6-retail-2190	8	0x00328ae0	FUN_00328ae0	156	0x00305c50	s06_0029c500	1	1	1	1	unique_masked_candidate	0x00305c50
aug6-retail-2191	8	0x00328ea0	FUN_00328ea0	56	0x00306010	s06_0029c500	1	1	1	1	unique_masked_candidate	0x00306010
aug6-retail-2192	8	0x00329060	FUN_00329060	36	0x003061d0	s06_0029c500	0	1	0	1	unique_masked_candidate	0x003061d0
aug6-retail-2193	8	0x00329090	FUN_00329090	160	0x00306200	s06_0029c500	1	1	1	1	unique_masked_candidate	0x00306200
aug6-retail-2194	8	0x00329130	FUN_00329130	204	0x003062a0	s06_0029c500	1	1	1	1	unique_masked_candidate	0x003062a0
aug6-retail-2195	8	0x00329420	FUN_00329420	36	0x00306590	s06_0029c500	1	1	1	1	unique_masked_candidate	0x00306590
aug6-retail-2196	8	0x00329448	FUN_00329448	44	0x003065b8	s06_0029c500	0	1	0	1	unique_masked_candidate	0x003065b8
aug6-retail-2197	8	0x00329478	FUN_00329478	36	0x003065e8	s06_0029c500	1	1	1	1	unique_masked_candidate	0x003065e8
aug6-retail-2198	8	0x0032a078	FUN_0032a078	28	0x002a95d0	s06_0029c500	0	11	0	16	ambiguous_candidate	0x002a95d0,0x002b6518,0x002e4010,0x00307330,0x00310850,0x00350980,0x003af528,0x004100e8,0x004118e8,0x00412088,0x004120a8
aug6-retail-2199	8	0x0032a098	FUN_0032a098	28	0x002a95d0	s06_0029c500	0	11	0	16	ambiguous_candidate	0x002a95d0,0x002b6518,0x002e4010,0x00307330,0x00310850,0x00350980,0x003af528,0x004100e8,0x004118e8,0x00412088,0x004120a8
aug6-retail-2200	8	0x0032ae08	FUN_0032ae08	16	0x00307fe0	s06_0029c500	1	1	1	1	unique_masked_candidate	0x00307fe0
aug6-retail-2201	8	0x0032aeb0	FUN_0032aeb0	68	0x00308088	s06_0029c500	0	1	0	1	unique_masked_candidate	0x00308088
aug6-retail-2202	8	0x0032b048	FUN_0032b048	84	0x00308220	s06_0029c500	0	1	0	1	unique_masked_candidate	0x00308220
aug6-retail-2203	8	0x0032b0a0	FUN_0032b0a0	92	0x00308278	s06_0029c500	0	1	0	1	unique_masked_candidate	0x00308278
aug6-retail-2204	8	0x0032bca0	FUN_0032bca0	92	0x00308e30	s06_0029c500	1	1	1	1	unique_masked_candidate	0x00308e30
aug6-retail-2205	8	0x0032bf50	FUN_0032bf50	48	0x003090e0	s06_0029c500	1	1	1	1	unique_masked_candidate	0x003090e0
aug6-retail-2206	8	0x0032bf80	FUN_0032bf80	48	0x00309118	s06_0029c500	1	1	1	1	unique_masked_candidate	0x00309118
aug6-retail-2207	8	0x0032d2e8	FUN_0032d2e8	88	0x0030a4f0	s06_0029c500	0	1	0	1	unique_masked_candidate	0x0030a4f0
aug6-retail-2208	8	0x0032d3d0	FUN_0032d3d0	16	0x0030a5d8	s06_0029c500	1	1	1	1	unique_masked_candidate	0x0030a5d8
aug6-retail-2209	8	0x0032fb80	FUN_0032fb80	48	0x0030ceb8	s06_0029c500	1	1	1	1	unique_masked_candidate	0x0030ceb8
aug6-retail-2210	8	0x00331588	FUN_00331588	40	0x0030e708	s06_0029c500	1	1	1	1	unique_masked_candidate	0x0030e708
aug6-retail-2211	8	0x00331a98	FUN_00331a98	44	0x0030ebd0	s06_0029c500	0	1	0	1	unique_masked_candidate	0x0030ebd0
aug6-retail-2212	8	0x00333a90	FUN_00333a90	44	0x0030fdf8	s06_0029c500	0	1	0	1	unique_masked_candidate	0x0030fdf8
aug6-retail-2213	8	0x00333ac0	FUN_00333ac0	40	0x0030fe28	s06_0029c500	0	1	0	1	unique_masked_candidate	0x0030fe28
aug6-retail-2214	8	0x00333c38	FUN_00333c38	28	0x0030ffa0	s06_0029c500	0	2	0	4	ambiguous_candidate	0x0030ffa0,0x00310080
aug6-retail-2215	8	0x00333c90	FUN_00333c90	28	0x0030ffa0	s06_0029c500	0	2	0	4	ambiguous_candidate	0x0030ffa0,0x00310080
aug6-retail-2216	8	0x00333d30	FUN_00333d30	28	0x0030ffa0	s06_0029c500	0	2	0	4	ambiguous_candidate	0x0030ffa0,0x00310080
aug6-retail-2217	8	0x003340b8	FUN_003340b8	56	0x00310408	s06_0029c500	0	1	0	1	unique_masked_candidate	0x00310408
aug6-retail-2218	8	0x00334950	FUN_00334950	28	0x002a95d0	s06_0029c500	0	11	0	16	ambiguous_candidate	0x002a95d0,0x002b6518,0x002e4010,0x00307330,0x00310850,0x00350980,0x003af528,0x004100e8,0x004118e8,0x00412088,0x004120a8
aug6-retail-2219	8	0x00338040	FUN_00338040	40	0x00313988	s06_0029c500	1	1	1	1	unique_masked_candidate	0x00313988
aug6-retail-2220	8	0x00338070	FUN_00338070	32	0x003139b8	s06_0029c500	1	1	1	1	unique_masked_candidate	0x003139b8
aug6-retail-2221	8	0x00339da8	FUN_00339da8	32	0x00314760	s06_0029c500	0	1	0	1	unique_masked_candidate	0x00314760
aug6-retail-2222	8	0x00339dc8	FUN_00339dc8	28	0x00314780	s06_0029c500	0	1	0	1	unique_masked_candidate	0x00314780
aug6-retail-2223	8	0x0033ac00	FUN_0033ac00	100	0x003155e0	s06_0029c500	0	1	0	1	unique_masked_candidate	0x003155e0
aug6-retail-2224	8	0x0033d020	FUN_0033d020	36	0x00317830	s06_0029c500	0	1	0	1	unique_masked_candidate	0x00317830
aug6-retail-2225	8	0x0033d910	FUN_0033d910	100	0x003180f0	s06_0029c500	1	1	1	1	unique_masked_candidate	0x003180f0
aug6-retail-2226	8	0x0033f0d0	FUN_0033f0d0	152	0x00319878	s06_0029c500	1	1	1	1	unique_masked_candidate	0x00319878
aug6-retail-2227	8	0x0034a500	FUN_0034a500	96	0x00325478	s06_0029c500	0	1	0	1	unique_masked_candidate	0x00325478
aug6-retail-2228	8	0x0034a888	FUN_0034a888	60	0x00325800	s06_0029c500	0	1	0	1	unique_masked_candidate	0x00325800
aug6-retail-2229	8	0x00351430	FUN_00351430	60	0x0032b028	s06_0029c500	1	1	1	1	unique_masked_candidate	0x0032b028
aug6-retail-2230	8	0x00351470	FUN_00351470	60	0x0032b068	s06_0029c500	1	1	1	1	unique_masked_candidate	0x0032b068
aug6-retail-2231	8	0x00352e80	FUN_00352e80	36	0x0032ca40	s06_0029c500	1	1	1	1	unique_masked_candidate	0x0032ca40
aug6-retail-2232	8	0x00354bb8	FUN_00354bb8	48	0x0032e878	s06_0029c500	0	12	0	20	ambiguous_candidate	0x0032e878,0x0032eaa8,0x0032eb78,0x0032ec70,0x0032edc8,0x0032ee98,0x0032ef50,0x0032f008,0x0032f0c0,0x0032f370,0x0032f428,0x0032f568
aug6-retail-2233	8	0x00354fb8	FUN_00354fb8	48	0x0032e878	s06_0029c500	0	12	0	20	ambiguous_candidate	0x0032e878,0x0032eaa8,0x0032eb78,0x0032ec70,0x0032edc8,0x0032ee98,0x0032ef50,0x0032f008,0x0032f0c0,0x0032f370,0x0032f428,0x0032f568
aug6-retail-2234	8	0x00355088	FUN_00355088	48	0x0032e878	s06_0029c500	0	12	0	20	ambiguous_candidate	0x0032e878,0x0032eaa8,0x0032eb78,0x0032ec70,0x0032edc8,0x0032ee98,0x0032ef50,0x0032f008,0x0032f0c0,0x0032f370,0x0032f428,0x0032f568
aug6-retail-2235	8	0x00355258	FUN_00355258	48	0x0032e878	s06_0029c500	0	12	0	20	ambiguous_candidate	0x0032e878,0x0032eaa8,0x0032eb78,0x0032ec70,0x0032edc8,0x0032ee98,0x0032ef50,0x0032f008,0x0032f0c0,0x0032f370,0x0032f428,0x0032f568
aug6-retail-2236	8	0x0035a598	FUN_0035a598	48	0x0032e878	s06_0029c500	0	12	0	20	ambiguous_candidate	0x0032e878,0x0032eaa8,0x0032eb78,0x0032ec70,0x0032edc8,0x0032ee98,0x0032ef50,0x0032f008,0x0032f0c0,0x0032f370,0x0032f428,0x0032f568
aug6-retail-2237	8	0x0035a650	FUN_0035a650	48	0x0032e878	s06_0029c500	0	12	0	20	ambiguous_candidate	0x0032e878,0x0032eaa8,0x0032eb78,0x0032ec70,0x0032edc8,0x0032ee98,0x0032ef50,0x0032f008,0x0032f0c0,0x0032f370,0x0032f428,0x0032f568
aug6-retail-2238	8	0x0035a7c0	FUN_0035a7c0	48	0x0032e878	s06_0029c500	0	12	0	20	ambiguous_candidate	0x0032e878,0x0032eaa8,0x0032eb78,0x0032ec70,0x0032edc8,0x0032ee98,0x0032ef50,0x0032f008,0x0032f0c0,0x0032f370,0x0032f428,0x0032f568
aug6-retail-2239	8	0x0035a878	FUN_0035a878	48	0x0032e878	s06_0029c500	0	12	0	20	ambiguous_candidate	0x0032e878,0x0032eaa8,0x0032eb78,0x0032ec70,0x0032edc8,0x0032ee98,0x0032ef50,0x0032f008,0x0032f0c0,0x0032f370,0x0032f428,0x0032f568
aug6-retail-2240	8	0x0035a930	FUN_0035a930	48	0x0032e878	s06_0029c500	0	12	0	20	ambiguous_candidate	0x0032e878,0x0032eaa8,0x0032eb78,0x0032ec70,0x0032edc8,0x0032ee98,0x0032ef50,0x0032f008,0x0032f0c0,0x0032f370,0x0032f428,0x0032f568
aug6-retail-2241	8	0x0035a9e8	FUN_0035a9e8	48	0x0032e878	s06_0029c500	0	12	0	20	ambiguous_candidate	0x0032e878,0x0032eaa8,0x0032eb78,0x0032ec70,0x0032edc8,0x0032ee98,0x0032ef50,0x0032f008,0x0032f0c0,0x0032f370,0x0032f428,0x0032f568
aug6-retail-2242	8	0x0035aaa0	FUN_0035aaa0	48	0x0032e878	s06_0029c500	0	12	0	20	ambiguous_candidate	0x0032e878,0x0032eaa8,0x0032eb78,0x0032ec70,0x0032edc8,0x0032ee98,0x0032ef50,0x0032f008,0x0032f0c0,0x0032f370,0x0032f428,0x0032f568
aug6-retail-2243	8	0x0035ab70	FUN_0035ab70	48	0x0032e878	s06_0029c500	0	12	0	20	ambiguous_candidate	0x0032e878,0x0032eaa8,0x0032eb78,0x0032ec70,0x0032edc8,0x0032ee98,0x0032ef50,0x0032f008,0x0032f0c0,0x0032f370,0x0032f428,0x0032f568
aug6-retail-2244	8	0x0035ac28	FUN_0035ac28	48	0x0032e878	s06_0029c500	0	12	0	20	ambiguous_candidate	0x0032e878,0x0032eaa8,0x0032eb78,0x0032ec70,0x0032edc8,0x0032ee98,0x0032ef50,0x0032f008,0x0032f0c0,0x0032f370,0x0032f428,0x0032f568
aug6-retail-2245	8	0x0035ad28	FUN_0035ad28	48	0x0032e878	s06_0029c500	0	12	0	20	ambiguous_candidate	0x0032e878,0x0032eaa8,0x0032eb78,0x0032ec70,0x0032edc8,0x0032ee98,0x0032ef50,0x0032f008,0x0032f0c0,0x0032f370,0x0032f428,0x0032f568
aug6-retail-2246	8	0x0035ae20	FUN_0035ae20	48	0x0032e878	s06_0029c500	0	12	0	20	ambiguous_candidate	0x0032e878,0x0032eaa8,0x0032eb78,0x0032ec70,0x0032edc8,0x0032ee98,0x0032ef50,0x0032f008,0x0032f0c0,0x0032f370,0x0032f428,0x0032f568
aug6-retail-2247	8	0x0035ced8	FUN_0035ced8	48	0x0032e878	s06_0029c500	0	12	0	20	ambiguous_candidate	0x0032e878,0x0032eaa8,0x0032eb78,0x0032ec70,0x0032edc8,0x0032ee98,0x0032ef50,0x0032f008,0x0032f0c0,0x0032f370,0x0032f428,0x0032f568
aug6-retail-2248	8	0x0035d0b0	FUN_0035d0b0	48	0x0032e878	s06_0029c500	0	12	0	20	ambiguous_candidate	0x0032e878,0x0032eaa8,0x0032eb78,0x0032ec70,0x0032edc8,0x0032ee98,0x0032ef50,0x0032f008,0x0032f0c0,0x0032f370,0x0032f428,0x0032f568
aug6-retail-2249	8	0x0035d208	FUN_0035d208	48	0x0032e878	s06_0029c500	0	12	0	20	ambiguous_candidate	0x0032e878,0x0032eaa8,0x0032eb78,0x0032ec70,0x0032edc8,0x0032ee98,0x0032ef50,0x0032f008,0x0032f0c0,0x0032f370,0x0032f428,0x0032f568
aug6-retail-2250	8	0x0035d2b8	FUN_0035d2b8	48	0x0032e878	s06_0029c500	0	12	0	20	ambiguous_candidate	0x0032e878,0x0032eaa8,0x0032eb78,0x0032ec70,0x0032edc8,0x0032ee98,0x0032ef50,0x0032f008,0x0032f0c0,0x0032f370,0x0032f428,0x0032f568
aug6-retail-2251	8	0x0035d4a0	FUN_0035d4a0	48	0x0032e878	s06_0029c500	0	12	0	20	ambiguous_candidate	0x0032e878,0x0032eaa8,0x0032eb78,0x0032ec70,0x0032edc8,0x0032ee98,0x0032ef50,0x0032f008,0x0032f0c0,0x0032f370,0x0032f428,0x0032f568
aug6-retail-2252	8	0x0035d7d0	FUN_0035d7d0	56	0x0032f7f8	s06_0029c500	0	1	0	1	unique_masked_candidate	0x0032f7f8
aug6-retail-2253	8	0x0035d808	FUN_0035d808	36	0x0032f830	s06_0029c500	0	1	0	1	unique_masked_candidate	0x0032f830
aug6-retail-2254	8	0x0035d830	FUN_0035d830	40	0x0032f858	s06_0029c500	0	1	0	1	unique_masked_candidate	0x0032f858
aug6-retail-2255	8	0x0035f478	FUN_0035f478	32	0x003312a0	s06_0029c500	0	1	0	1	unique_masked_candidate	0x003312a0
aug6-retail-2256	8	0x00363468	FUN_00363468	56	0x00334560	s06_0029c500	0	1	0	1	unique_masked_candidate	0x00334560
aug6-retail-2257	8	0x003661a8	FUN_003661a8	64	0x00337318	s06_0029c500	1	1	1	1	unique_masked_candidate	0x00337318
aug6-retail-2258	8	0x00375ac8	FUN_00375ac8	36	0x00344778	s06_0029c500	1	1	1	1	unique_masked_candidate	0x00344778
aug6-retail-2259	8	0x00376ae8	FUN_00376ae8	40	0x003454d8	s06_0029c500	0	1	0	1	unique_masked_candidate	0x003454d8
aug6-retail-2260	8	0x00378458	FUN_00378458	364	0x00346bc0	s06_0029c500	0	1	0	1	unique_masked_candidate	0x00346bc0
aug6-retail-2261	8	0x0037a3b8	FUN_0037a3b8	40	0x003489b0	s06_0029c500	1	3	3	3	ambiguous_candidate	0x003489b0,0x0034955c,0x00349e24
aug6-retail-2262	8	0x0037af3c	FUN_0037af3c	40	0x00349534	s06_0029c500	1	3	3	3	ambiguous_candidate	0x00349534,0x00349dfc,0x0034bac8
aug6-retail-2263	8	0x0037af64	FUN_0037af64	40	0x003489b0	s06_0029c500	1	3	3	3	ambiguous_candidate	0x003489b0,0x0034955c,0x00349e24
aug6-retail-2264	8	0x0037b804	FUN_0037b804	40	0x00349534	s06_0029c500	1	3	3	3	ambiguous_candidate	0x00349534,0x00349dfc,0x0034bac8
aug6-retail-2265	8	0x0037b82c	FUN_0037b82c	40	0x003489b0	s06_0029c500	1	3	3	3	ambiguous_candidate	0x003489b0,0x0034955c,0x00349e24
aug6-retail-2266	8	0x0037c250	FUN_0037c250	40	0x0034a848	s06_0029c500	1	1	1	1	unique_masked_candidate	0x0034a848
aug6-retail-2267	8	0x0037c278	FUN_0037c278	288	0x0034a870	s06_0029c500	0	1	0	1	unique_masked_candidate	0x0034a870
aug6-retail-2268	8	0x0037c398	FUN_0037c398	56	0x0034a990	s06_0029c500	1	1	1	1	unique_masked_candidate	0x0034a990
aug6-retail-2269	8	0x0037d4d0	FUN_0037d4d0	40	0x00349534	s06_0029c500	1	3	3	3	ambiguous_candidate	0x00349534,0x00349dfc,0x0034bac8
aug6-retail-2270	8	0x003830d8	FUN_003830d8	28	0x002a95d0	s06_0029c500	0	11	0	16	ambiguous_candidate	0x002a95d0,0x002b6518,0x002e4010,0x00307330,0x00310850,0x00350980,0x003af528,0x004100e8,0x004118e8,0x00412088,0x004120a8
aug6-retail-2271	8	0x0038aeb8	FUN_0038aeb8	28	0x00357600	s06_0029c500	0	1	0	1	unique_masked_candidate	0x00357600
aug6-retail-2272	8	0x0038c0d0	FUN_0038c0d0	132	0x00358830	s06_0029c500	1	1	1	1	unique_masked_candidate	0x00358830
aug6-retail-2273	8	0x0038c158	FUN_0038c158	56	0x003588b8	s06_0029c500	1	1	1	1	unique_masked_candidate	0x003588b8
aug6-retail-2274	8	0x0038c190	FUN_0038c190	68	0x003588f0	s06_0029c500	1	1	1	1	unique_masked_candidate	0x003588f0
aug6-retail-2275	8	0x0038c660	FUN_0038c660	44	0x00358d98	s06_0029c500	1	1	1	1	unique_masked_candidate	0x00358d98
aug6-retail-2276	8	0x0038eef8	FUN_0038eef8	44	0x002ae4a0	s06_0029c500	0	2	0	3	ambiguous_candidate	0x002ae4a0,0x002c0b90
aug6-retail-2277	8	0x003928f0	FUN_003928f0	48	0x0035f1a8	s06_0029c500	0	1	0	1	unique_masked_candidate	0x0035f1a8
aug6-retail-2278	8	0x00393130	FUN_00393130	28	0x002a95d0	s06_0029c500	0	11	0	16	ambiguous_candidate	0x002a95d0,0x002b6518,0x002e4010,0x00307330,0x00310850,0x00350980,0x003af528,0x004100e8,0x004118e8,0x00412088,0x004120a8
aug6-retail-2279	8	0x00397978	FUN_00397978	144	0x00392810	s06_0029c500	1	4	4	2	ambiguous_candidate	0x00392810,0x0039e428,0x003a1080,0x003fbcf8
aug6-retail-2280	8	0x0039a000	FUN_0039a000	144	0x00392810	s06_0029c500	1	4	4	2	ambiguous_candidate	0x00392810,0x0039e428,0x003a1080,0x003fbcf8
aug6-retail-2281	8	0x003acea8	FUN_003acea8	16	0x0036ce20	s06_0029c500	1	1	1	1	unique_masked_candidate	0x0036ce20
aug6-retail-2282	8	0x003adfa8	UpdateMoby_775	76	0x0036dd68	s06_0029c500	0	1	0	1	unique_masked_candidate	0x0036dd68
aug6-retail-2283	8	0x003ae7d8	FUN_003ae7d8	16	0x0036e550	s06_0029c500	1	1	1	1	unique_masked_candidate	0x0036e550
aug6-retail-2284	8	0x003b2a80	FUN_003b2a80	80	0x00371468	s06_0029c500	1	1	1	1	unique_masked_candidate	0x00371468
aug6-retail-2285	8	0x003b4508	FUN_003b4508	288	0x00304d98	s06_0029c500	1	6	6	6	ambiguous_candidate	0x00304d98,0x00375a50,0x00394ae0,0x003a28b0,0x003b5510,0x003e2458
aug6-retail-2286	8	0x003b5018	FUN_003b5018	144	0x00376d18	s06_0029c500	1	2	2	2	ambiguous_candidate	0x00376d18,0x003b6108
aug6-retail-2287	8	0x003c3ef8	FUN_003c3ef8	44	0x003f5058	s06_0029c500	1	1	1	1	unique_masked_candidate	0x003f5058
aug6-retail-2288	8	0x003c4df0	FUN_003c4df0	136	0x003a2828	s06_0029c500	1	9	9	10	ambiguous_candidate	0x003a2828,0x003a9058,0x003abc08,0x003b1ca0,0x003bd420,0x003be870,0x003e23d0,0x003ea430,0x003f5f70
aug6-retail-2289	8	0x003cdb38	FUN_003cdb38	60	0x0038be88	s06_0029c500	0	1	0	1	unique_masked_candidate	0x0038be88
aug6-retail-2290	8	0x003d2f30	UpdateMoby_2384	28	0x00390c78	s06_0029c500	0	1	0	1	unique_masked_candidate	0x00390c78
aug6-retail-2291	8	0x003d5d40	FUN_003d5d40	136	0x003a2828	s06_0029c500	1	9	9	10	ambiguous_candidate	0x003a2828,0x003a9058,0x003abc08,0x003b1ca0,0x003bd420,0x003be870,0x003e23d0,0x003ea430,0x003f5f70
aug6-retail-2292	8	0x003d5dc8	FUN_003d5dc8	288	0x00304d98	s06_0029c500	1	6	6	6	ambiguous_candidate	0x00304d98,0x00375a50,0x00394ae0,0x003a28b0,0x003b5510,0x003e2458
aug6-retail-2293	8	0x003dc200	FUN_003dc200	40	0x0039a4b0	s06_0029c500	1	1	1	1	unique_masked_candidate	0x0039a4b0
aug6-retail-2294	8	0x003e46e0	FUN_003e46e0	136	0x003a2828	s06_0029c500	1	9	9	10	ambiguous_candidate	0x003a2828,0x003a9058,0x003abc08,0x003b1ca0,0x003bd420,0x003be870,0x003e23d0,0x003ea430,0x003f5f70
aug6-retail-2295	8	0x003e4768	FUN_003e4768	288	0x00304d98	s06_0029c500	1	6	6	6	ambiguous_candidate	0x00304d98,0x00375a50,0x00394ae0,0x003a28b0,0x003b5510,0x003e2458
aug6-retail-2296	8	0x003ebff8	FUN_003ebff8	136	0x003a2828	s06_0029c500	1	9	9	10	ambiguous_candidate	0x003a2828,0x003a9058,0x003abc08,0x003b1ca0,0x003bd420,0x003be870,0x003e23d0,0x003ea430,0x003f5f70
aug6-retail-2297	8	0x003ef5a0	FUN_003ef5a0	136	0x003a2828	s06_0029c500	1	9	9	10	ambiguous_candidate	0x003a2828,0x003a9058,0x003abc08,0x003b1ca0,0x003bd420,0x003be870,0x003e23d0,0x003ea430,0x003f5f70
aug6-retail-2298	8	0x003f3200	UpdateMoby_3077	28	0x002a95d0	s06_0029c500	0	11	0	16	ambiguous_candidate	0x002a95d0,0x002b6518,0x002e4010,0x00307330,0x00310850,0x00350980,0x003af528,0x004100e8,0x004118e8,0x00412088,0x004120a8
aug6-retail-2299	8	0x003f5880	FUN_003f5880	136	0x003a2828	s06_0029c500	1	9	9	10	ambiguous_candidate	0x003a2828,0x003a9058,0x003abc08,0x003b1ca0,0x003bd420,0x003be870,0x003e23d0,0x003ea430,0x003f5f70
aug6-retail-2300	8	0x003f96d0	FUN_003f96d0	288	0x00304d98	s06_0029c500	1	6	6	6	ambiguous_candidate	0x00304d98,0x00375a50,0x00394ae0,0x003a28b0,0x003b5510,0x003e2458
aug6-retail-2301	8	0x003fa1e0	FUN_003fa1e0	144	0x00376d18	s06_0029c500	1	2	2	2	ambiguous_candidate	0x00376d18,0x003b6108
aug6-retail-2302	8	0x003fa8b8	FUN_003fa8b8	104	0x003734b8	s06_0029c500	1	2	2	2	ambiguous_candidate	0x003734b8,0x003b6910
aug6-retail-2303	8	0x004003b0	FUN_004003b0	136	0x003a2828	s06_0029c500	1	9	9	10	ambiguous_candidate	0x003a2828,0x003a9058,0x003abc08,0x003b1ca0,0x003bd420,0x003be870,0x003e23d0,0x003ea430,0x003f5f70
aug6-retail-2304	8	0x00401758	FUN_00401758	136	0x003a2828	s06_0029c500	1	9	9	10	ambiguous_candidate	0x003a2828,0x003a9058,0x003abc08,0x003b1ca0,0x003bd420,0x003be870,0x003e23d0,0x003ea430,0x003f5f70
aug6-retail-2305	8	0x0040d490	FUN_0040d490	76	0x003ca648	s06_0029c500	0	1	0	1	unique_masked_candidate	0x003ca648
aug6-retail-2306	8	0x00424ed0	FUN_00424ed0	108	0x003db2f8	s06_0029c500	1	1	1	1	unique_masked_candidate	0x003db2f8
aug6-retail-2307	8	0x00425eb0	FUN_00425eb0	120	0x003dc268	s06_0029c500	0	1	0	1	unique_masked_candidate	0x003dc268
aug6-retail-2308	8	0x0042c1a0	FUN_0042c1a0	136	0x003a2828	s06_0029c500	1	9	9	10	ambiguous_candidate	0x003a2828,0x003a9058,0x003abc08,0x003b1ca0,0x003bd420,0x003be870,0x003e23d0,0x003ea430,0x003f5f70
aug6-retail-2309	8	0x0042c228	FUN_0042c228	288	0x00304d98	s06_0029c500	1	6	6	6	ambiguous_candidate	0x00304d98,0x00375a50,0x00394ae0,0x003a28b0,0x003b5510,0x003e2458
aug6-retail-2310	8	0x00434110	FUN_00434110	136	0x003a2828	s06_0029c500	1	9	9	10	ambiguous_candidate	0x003a2828,0x003a9058,0x003abc08,0x003b1ca0,0x003bd420,0x003be870,0x003e23d0,0x003ea430,0x003f5f70
aug6-retail-2311	8	0x004356a0	FUN_004356a0	20	0x00391678	s06_0029c500	1	1	1	1	unique_masked_candidate	0x00391678
aug6-retail-2312	8	0x004378c0	FUN_004378c0	104	0x003734b8	s06_0029c500	1	2	2	2	ambiguous_candidate	0x003734b8,0x003b6910
aug6-retail-2313	8	0x00437928	FUN_00437928	112	0x00373520	s06_0029c500	1	1	1	1	unique_masked_candidate	0x00373520
aug6-retail-2314	8	0x0043ce68	FUN_0043ce68	44	0x00408850	s06_0029c500	0	1	0	1	unique_masked_candidate	0x00408850
aug6-retail-2315	8	0x00440578	FUN_00440578	16	0x0040ba58	s06_0029c500	1	1	1	1	unique_masked_candidate	0x0040ba58
aug6-retail-2316	8	0x00445120	UpdateCamera_6	28	0x002a95d0	s06_0029c500	0	11	0	16	ambiguous_candidate	0x002a95d0,0x002b6518,0x002e4010,0x00307330,0x00310850,0x00350980,0x003af528,0x004100e8,0x004118e8,0x00412088,0x004120a8
aug6-retail-2317	8	0x00446dc8	FUN_00446dc8	28	0x002a95d0	s06_0029c500	0	11	0	16	ambiguous_candidate	0x002a95d0,0x002b6518,0x002e4010,0x00307330,0x00310850,0x00350980,0x003af528,0x004100e8,0x004118e8,0x00412088,0x004120a8
aug6-retail-2318	8	0x00447578	FUN_00447578	28	0x002a95d0	s06_0029c500	0	11	0	16	ambiguous_candidate	0x002a95d0,0x002b6518,0x002e4010,0x00307330,0x00310850,0x00350980,0x003af528,0x004100e8,0x004118e8,0x00412088,0x004120a8
aug6-retail-2319	8	0x00447650	FUN_00447650	36	0x00412180	s06_0029c500	1	1	1	1	unique_masked_candidate	0x00412180
aug6-retail-2320	8	0x00447680	FUN_00447680	32	0x004121b0	s06_0029c500	1	1	1	1	unique_masked_candidate	0x004121b0
aug6-retail-2321	8	0x004476a0	FUN_004476a0	40	0x004121d0	s06_0029c500	1	1	1	1	unique_masked_candidate	0x004121d0
aug6-retail-2322	8	0x004477a0	FUN_004477a0	36	0x004122d0	s06_0029c500	1	1	1	1	unique_masked_candidate	0x004122d0
aug6-retail-2323	8	0x00447cb0	FUN_00447cb0	20	0x004127e0	s06_0029c500	1	1	1	1	unique_masked_candidate	0x004127e0
aug6-retail-2324	8	0x00447cc8	FUN_00447cc8	20	0x004127f8	s06_0029c500	1	1	1	1	unique_masked_candidate	0x004127f8
aug6-retail-2325	8	0x00447ce0	FUN_00447ce0	60	0x00412810	s06_0029c500	1	1	1	1	unique_masked_candidate	0x00412810
aug6-retail-2326	8	0x00447d20	FUN_00447d20	60	0x00412850	s06_0029c500	1	1	1	1	unique_masked_candidate	0x00412850
aug6-retail-2327	8	0x00448138	FUN_00448138	44	0x00412c38	s06_0029c500	1	1	1	1	unique_masked_candidate	0x00412c38
aug6-retail-2328	8	0x00448168	FUN_00448168	24	0x00412c68	s06_0029c500	1	1	1	1	unique_masked_candidate	0x00412c68
aug6-retail-2329	8	0x00448258	FUN_00448258	44	0x00412d58	s06_0029c500	0	1	0	1	unique_masked_candidate	0x00412d58
aug6-retail-2330	8	0x004483b0	FUN_004483b0	296	0x00412eb0	s06_0029c500	1	1	1	1	unique_masked_candidate	0x00412eb0
aug6-retail-2331	8	0x004484e0	FUN_004484e0	24	0x00412fe0	s06_0029c500	1	1	1	1	unique_masked_candidate	0x00412fe0
aug6-retail-2332	8	0x00448568	FUN_00448568	80	0x00413068	s06_0029c500	1	1	1	1	unique_masked_candidate	0x00413068
aug6-retail-2333	8	0x004486e8	FUN_004486e8	28	0x004131e8	s06_0029c500	1	1	1	1	unique_masked_candidate	0x004131e8
aug6-retail-2334	8	0x0044af90	FUN_0044af90	28	0x00417620	s06_0029c500	0	1	0	2	ambiguous_candidate	0x00417620
aug6-retail-2335	8	0x0044c1f0	FUN_0044c1f0	16	0x00416170	s06_0029c500	1	1	1	1	unique_masked_candidate	0x00416170
aug6-retail-2336	8	0x0044c200	FUN_0044c200	24	0x00416180	s06_0029c500	1	1	1	1	unique_masked_candidate	0x00416180
aug6-retail-2337	8	0x0044c838	FUN_0044c838	20	0x00416610	s06_0029c500	1	2	2	2	ambiguous_candidate	0x00416610,0x0041ab20
aug6-retail-2338	8	0x0044fe40	FUN_0044fe40	28	0x00417620	s06_0029c500	0	1	0	2	ambiguous_candidate	0x00417620
aug6-retail-2339	8	0x00453268	FUN_00453268	28	0x0041a648	s06_0029c500	0	1	0	1	unique_masked_candidate	0x0041a648
aug6-retail-2340	8	0x00453288	FUN_00453288	28	0x0041a668	s06_0029c500	0	1	0	1	unique_masked_candidate	0x0041a668
aug6-retail-2341	8	0x004536b0	FUN_004536b0	28	0x0030ffa0	s06_0029c500	0	2	0	4	ambiguous_candidate	0x0030ffa0,0x00310080
aug6-retail-2342	8	0x00454860	FUN_00454860	20	0x00416610	s06_0029c500	1	2	2	2	ambiguous_candidate	0x00416610,0x0041ab20
aug6-retail-2343	8	0x00459888	FUN_00459888	108	0x0041ee88	s06_0029c500	1	1	1	1	unique_masked_candidate	0x0041ee88
aug6-retail-2344	8	0x00459910	FUN_00459910	36	0x0041ef08	s06_0029c500	1	1	1	1	unique_masked_candidate	0x0041ef08
aug6-retail-2345	8	0x0045acb8	FUN_0045acb8	52	0x0041fe30	s06_0029c500	1	1	1	1	unique_masked_candidate	0x0041fe30
aug6-retail-2346	8	0x0045adc0	FUN_0045adc0	20	0x0041ff38	s06_0029c500	1	1	1	1	unique_masked_candidate	0x0041ff38
aug6-retail-2347	8	0x0045adf8	FUN_0045adf8	52	0x0041ff70	s06_0029c500	1	1	1	1	unique_masked_candidate	0x0041ff70
aug6-retail-2348	8	0x0045ae30	FUN_0045ae30	24	0x0041ffa8	s06_0029c500	1	1	1	1	unique_masked_candidate	0x0041ffa8
aug6-retail-2349	8	0x0045ae50	FUN_0045ae50	60	0x0041ffc8	s06_0029c500	1	1	1	1	unique_masked_candidate	0x0041ffc8
aug6-retail-2350	8	0x0045b138	FUN_0045b138	80	0x004202b0	s06_0029c500	1	1	1	1	unique_masked_candidate	0x004202b0
aug6-retail-2351	8	0x0045b280	FUN_0045b280	16	0x004203f8	s06_0029c500	1	1	1	1	unique_masked_candidate	0x004203f8
aug6-retail-2352	8	0x0045b290	FUN_0045b290	52	0x00420408	s06_0029c500	1	1	1	1	unique_masked_candidate	0x00420408
aug6-retail-2353	8	0x0045b2c8	FUN_0045b2c8	16	0x00420440	s06_0029c500	1	1	1	1	unique_masked_candidate	0x00420440
aug6-retail-2354	8	0x0045b2d8	FUN_0045b2d8	40	0x00420450	s06_0029c500	1	1	1	1	unique_masked_candidate	0x00420450
aug6-retail-2355	8	0x0045b300	FUN_0045b300	52	0x00420478	s06_0029c500	1	1	1	1	unique_masked_candidate	0x00420478
aug6-retail-2356	8	0x0045c808	FUN_0045c808	20	0x00421790	s06_0029c500	1	1	1	1	unique_masked_candidate	0x00421790
aug6-retail-2357	8	0x00460be8	FUN_00460be8	28	0x004257f0	s06_0029c500	1	1	1	1	unique_masked_candidate	0x004257f0
aug6-retail-2358	8	0x004610c8	FUN_004610c8	32	0x00425cd0	s06_0029c500	0	2	0	2	ambiguous_candidate	0x00425cd0,0x00427c70
aug6-retail-2359	8	0x00461190	FUN_00461190	208	0x00425d98	s06_0029c500	1	1	1	1	unique_masked_candidate	0x00425d98
aug6-retail-2360	8	0x00461260	FUN_00461260	180	0x00425e68	s06_0029c500	1	1	1	1	unique_masked_candidate	0x00425e68
aug6-retail-2361	8	0x00461318	FUN_00461318	16	0x00425f20	s06_0029c500	1	1	1	1	unique_masked_candidate	0x00425f20
aug6-retail-2362	8	0x00461328	FUN_00461328	36	0x00425f30	s06_0029c500	0	1	0	1	unique_masked_candidate	0x00425f30
aug6-retail-2363	8	0x00461dc0	FUN_00461dc0	24	0x004269d8	s06_0029c500	1	1	1	1	unique_masked_candidate	0x004269d8
aug6-retail-2364	8	0x00461de0	FUN_00461de0	48	0x004269f8	s06_0029c500	1	1	1	1	unique_masked_candidate	0x004269f8
aug6-retail-2365	8	0x00461e10	FUN_00461e10	68	0x00426a28	s06_0029c500	1	1	1	1	unique_masked_candidate	0x00426a28
aug6-retail-2366	8	0x00461e58	FUN_00461e58	72	0x00426a70	s06_0029c500	1	1	1	1	unique_masked_candidate	0x00426a70
aug6-retail-2367	8	0x00461ea0	FUN_00461ea0	36	0x00426ab8	s06_0029c500	1	1	1	1	unique_masked_candidate	0x00426ab8
aug6-retail-2368	8	0x00461ec8	FUN_00461ec8	16	0x00426ae0	s06_0029c500	1	1	1	1	unique_masked_candidate	0x00426ae0
aug6-retail-2369	8	0x00461f80	FUN_00461f80	68	0x00426b98	s06_0029c500	1	1	1	1	unique_masked_candidate	0x00426b98
aug6-retail-2370	8	0x004620a8	FUN_004620a8	36	0x00426cc0	s06_0029c500	1	1	1	1	unique_masked_candidate	0x00426cc0
aug6-retail-2371	8	0x00462b40	FUN_00462b40	340	0x00427758	s06_0029c500	1	1	1	1	unique_masked_candidate	0x00427758
aug6-retail-2372	8	0x00463058	FUN_00463058	32	0x00425cd0	s06_0029c500	0	2	0	2	ambiguous_candidate	0x00425cd0,0x00427c70
aug6-retail-2373	8	0x00463078	FUN_00463078	28	0x00427c90	s06_0029c500	0	3	0	3	ambiguous_candidate	0x00427c90,0x00427cb0,0x00427d80
aug6-retail-2374	8	0x00463098	FUN_00463098	28	0x00427c90	s06_0029c500	0	3	0	3	ambiguous_candidate	0x00427c90,0x00427cb0,0x00427d80
aug6-retail-2375	8	0x00463168	FUN_00463168	28	0x00427c90	s06_0029c500	0	3	0	3	ambiguous_candidate	0x00427c90,0x00427cb0,0x00427d80
aug6-retail-2376	8	0x00463618	FUN_00463618	88	0x00428230	s06_0029c500	1	1	1	1	unique_masked_candidate	0x00428230
aug6-retail-2377	8	0x00463678	FUN_00463678	16	0x00428290	s06_0029c500	1	1	1	1	unique_masked_candidate	0x00428290
aug6-retail-2378	8	0x00463688	FUN_00463688	20	0x004282a0	s06_0029c500	1	1	1	1	unique_masked_candidate	0x004282a0
aug6-retail-2379	8	0x004637d0	FUN_004637d0	32	0x004283e8	s06_0029c500	1	1	1	1	unique_masked_candidate	0x004283e8
aug6-retail-2380	24	0x002a39f0	FUN_002a39f0	56	0x002678c8	s06_00267200	1	1	1	1	unique_masked_candidate	0x002678c8
aug6-retail-2381	24	0x002acdf8	FUN_002acdf8	56	0x0028a478	s06_00267200	0	1	0	1	unique_masked_candidate	0x0028a478
aug6-retail-2382	24	0x002acfd8	FUN_002acfd8	56	0x0028a658	s06_00267200	0	1	0	1	unique_masked_candidate	0x0028a658
aug6-retail-2383	24	0x002ad010	FUN_002ad010	36	0x0028a690	s06_00267200	0	1	0	1	unique_masked_candidate	0x0028a690
aug6-retail-2384	24	0x002ad0d0	FUN_002ad0d0	20	0x0028a748	s06_00267200	1	1	1	1	unique_masked_candidate	0x0028a748
aug6-retail-2385	24	0x002adbc0	FUN_002adbc0	88	0x0028b1b8	s06_00267200	1	1	1	1	unique_masked_candidate	0x0028b1b8
aug6-retail-2386	24	0x002aecc0	FUN_002aecc0	44	0x00278c88	s06_00267200	0	2	0	3	ambiguous_candidate	0x00278c88,0x0028c350
aug6-retail-2387	24	0x002b2348	FUN_002b2348	32	0x0028f610	s06_00267200	1	1	1	1	unique_masked_candidate	0x0028f610
aug6-retail-2388	24	0x002d2878	FUN_002d2878	28	0x002b1180	s06_00267200	0	1	0	1	unique_masked_candidate	0x002b1180
aug6-retail-2389	24	0x002d5820	FUN_002d5820	28	0x00274cd8	s06_00267200	0	1	0	2	ambiguous_candidate	0x00274cd8
aug6-retail-2390	24	0x002d6160	FUN_002d6160	92	0x00267940	s06_00267200	0	1	0	1	unique_masked_candidate	0x00267940
aug6-retail-2391	24	0x002d6960	FUN_002d6960	24	0x00268128	s06_00267200	1	1	1	1	unique_masked_candidate	0x00268128
aug6-retail-2392	24	0x002dc068	FUN_002dc068	5060	0x0026d5a0	s06_00267200	0	1	0	1	unique_masked_candidate	0x0026d5a0
aug6-retail-2393	24	0x002dd430	FUN_002dd430	160	0x0026e968	s06_00267200	1	1	1	1	unique_masked_candidate	0x0026e968
aug6-retail-2394	24	0x002e4828	FUN_002e4828	136	0x00274120	s06_00267200	0	1	0	1	unique_masked_candidate	0x00274120
aug6-retail-2395	24	0x002e48b0	FUN_002e48b0	28	0x002741a8	s06_00267200	0	11	0	15	ambiguous_candidate	0x002741a8,0x00280c70,0x002b57f0,0x002d7c20,0x002dec08,0x0031b1c0,0x0036a7a0,0x003b87e8,0x003b9cf0,0x003ba1e0,0x003ba200
aug6-retail-2396	24	0x002e53e0	FUN_002e53e0	28	0x00274cd8	s06_00267200	0	1	0	2	ambiguous_candidate	0x00274cd8
aug6-retail-2397	24	0x002e8048	FUN_002e8048	80	0x00277520	s06_00267200	1	1	1	1	unique_masked_candidate	0x00277520
aug6-retail-2398	24	0x002e9278	FUN_002e9278	56	0x00278970	s06_00267200	1	1	1	1	unique_masked_candidate	0x00278970
aug6-retail-2399	24	0x002e9598	FUN_002e9598	44	0x00278c88	s06_00267200	0	2	0	3	ambiguous_candidate	0x00278c88,0x0028c350
aug6-retail-2400	24	0x002e9890	FUN_002e9890	376	0x00278f80	s06_00267200	1	1	1	1	unique_masked_candidate	0x00278f80
aug6-retail-2401	24	0x002ea0ec	FUN_002ea0ec	128	0x002797dc	s06_00267200	0	1	0	1	unique_masked_candidate	0x002797dc
aug6-retail-2402	24	0x002ebb68	FUN_002ebb68	36	0x0027b6c0	s06_00267200	0	1	0	1	unique_masked_candidate	0x0027b6c0
aug6-retail-2403	24	0x002ec4b8	FUN_002ec4b8	48	0x0027c020	s06_00267200	1	1	1	1	unique_masked_candidate	0x0027c020
aug6-retail-2404	24	0x002ec4e8	FUN_002ec4e8	48	0x0027c050	s06_00267200	1	1	1	1	unique_masked_candidate	0x0027c050
aug6-retail-2405	24	0x002ec518	FUN_002ec518	48	0x0027c080	s06_00267200	1	1	1	1	unique_masked_candidate	0x0027c080
aug6-retail-2406	24	0x002ec588	FUN_002ec588	16	0x0027c0f0	s06_00267200	1	1	1	1	unique_masked_candidate	0x0027c0f0
aug6-retail-2407	24	0x002ec598	FUN_002ec598	16	0x0027c100	s06_00267200	1	2	2	1	ambiguous_candidate	0x0027c100,0x002cde08
aug6-retail-2408	24	0x002ec5a8	FUN_002ec5a8	40	0x0027c110	s06_00267200	1	1	1	1	unique_masked_candidate	0x0027c110
aug6-retail-2409	24	0x002ec5d0	FUN_002ec5d0	40	0x0027c138	s06_00267200	1	1	1	1	unique_masked_candidate	0x0027c138
aug6-retail-2410	24	0x002ec5f8	FUN_002ec5f8	40	0x0027c160	s06_00267200	1	1	1	1	unique_masked_candidate	0x0027c160
aug6-retail-2411	24	0x002ec620	FUN_002ec620	160	0x0027c188	s06_00267200	1	1	1	1	unique_masked_candidate	0x0027c188
aug6-retail-2412	24	0x002ec6c0	FUN_002ec6c0	40	0x0027c228	s06_00267200	1	1	1	1	unique_masked_candidate	0x0027c228
aug6-retail-2413	24	0x002ec6e8	FUN_002ec6e8	48	0x0027c250	s06_00267200	1	1	1	1	unique_masked_candidate	0x0027c250
aug6-retail-2414	24	0x002ec718	FUN_002ec718	56	0x0027c280	s06_00267200	1	1	1	1	unique_masked_candidate	0x0027c280
aug6-retail-2415	24	0x002ec750	FUN_002ec750	40	0x0027c2b8	s06_00267200	1	1	1	1	unique_masked_candidate	0x0027c2b8
aug6-retail-2416	24	0x002ec780	FUN_002ec780	32	0x0027c2e8	s06_00267200	1	1	1	1	unique_masked_candidate	0x0027c2e8
aug6-retail-2417	24	0x002ec7a0	FUN_002ec7a0	24	0x0027c308	s06_00267200	1	1	1	1	unique_masked_candidate	0x0027c308
aug6-retail-2418	24	0x002ec800	FUN_002ec800	16	0x0027c358	s06_00267200	1	1	1	1	unique_masked_candidate	0x0027c358
aug6-retail-2419	24	0x002ec820	FUN_002ec820	16	0x0027c370	s06_00267200	1	1	1	1	unique_masked_candidate	0x0027c370
aug6-retail-2420	24	0x002ec848	FUN_002ec848	24	0x0027c380	s06_00267200	1	1	1	1	unique_masked_candidate	0x0027c380
aug6-retail-2421	24	0x002ec860	FUN_002ec860	24	0x0027c398	s06_00267200	1	1	1	1	unique_masked_candidate	0x0027c398
aug6-retail-2422	24	0x002ec878	FUN_002ec878	24	0x0027c3b0	s06_00267200	1	1	1	1	unique_masked_candidate	0x0027c3b0
aug6-retail-2423	24	0x002ec890	FUN_002ec890	40	0x0027c3c8	s06_00267200	1	1	1	1	unique_masked_candidate	0x0027c3c8
aug6-retail-2424	24	0x002ec8b8	FUN_002ec8b8	24	0x0027c3f0	s06_00267200	1	1	1	1	unique_masked_candidate	0x0027c3f0
aug6-retail-2425	24	0x002ec8d0	FUN_002ec8d0	24	0x0027c408	s06_00267200	1	1	1	1	unique_masked_candidate	0x0027c408
aug6-retail-2426	24	0x002ec8e8	FUN_002ec8e8	24	0x0027c420	s06_00267200	1	1	1	1	unique_masked_candidate	0x0027c420
aug6-retail-2427	24	0x002ec900	FUN_002ec900	24	0x0027c450	s06_00267200	1	1	1	1	unique_masked_candidate	0x0027c450
aug6-retail-2428	24	0x002ec918	FUN_002ec918	32	0x0027c468	s06_00267200	1	1	1	1	unique_masked_candidate	0x0027c468
aug6-retail-2429	24	0x002ec938	FUN_002ec938	40	0x0027c488	s06_00267200	1	1	1	1	unique_masked_candidate	0x0027c488
aug6-retail-2430	24	0x002ec960	FUN_002ec960	24	0x0027c4b0	s06_00267200	1	1	1	1	unique_masked_candidate	0x0027c4b0
aug6-retail-2431	24	0x002ec978	FUN_002ec978	48	0x0027c4c8	s06_00267200	1	1	1	1	unique_masked_candidate	0x0027c4c8
aug6-retail-2432	24	0x002ec9a8	FUN_002ec9a8	40	0x0027c4f8	s06_00267200	1	1	1	1	unique_masked_candidate	0x0027c4f8
aug6-retail-2433	24	0x002ec9d0	FUN_002ec9d0	32	0x0027c520	s06_00267200	1	1	1	1	unique_masked_candidate	0x0027c520
aug6-retail-2434	24	0x002ec9f0	FUN_002ec9f0	56	0x0027c540	s06_00267200	1	1	1	1	unique_masked_candidate	0x0027c540
aug6-retail-2435	24	0x002eca28	FUN_002eca28	48	0x0027c578	s06_00267200	1	1	1	1	unique_masked_candidate	0x0027c578
aug6-retail-2436	24	0x002eca58	FUN_002eca58	40	0x0027c5a8	s06_00267200	1	1	1	1	unique_masked_candidate	0x0027c5a8
aug6-retail-2437	24	0x002eca80	FUN_002eca80	72	0x0027c5d0	s06_00267200	1	1	1	1	unique_masked_candidate	0x0027c5d0
aug6-retail-2438	24	0x002ecb10	FUN_002ecb10	80	0x0027c618	s06_00267200	1	1	1	1	unique_masked_candidate	0x0027c618
aug6-retail-2439	24	0x002ecb60	FUN_002ecb60	72	0x0027c668	s06_00267200	1	1	1	1	unique_masked_candidate	0x0027c668
aug6-retail-2440	24	0x002ecba8	FUN_002ecba8	112	0x0027c6b0	s06_00267200	1	1	1	1	unique_masked_candidate	0x0027c6b0
aug6-retail-2441	24	0x002ecc18	FUN_002ecc18	104	0x0027c720	s06_00267200	1	1	1	1	unique_masked_candidate	0x0027c720
aug6-retail-2442	24	0x002ecc80	FUN_002ecc80	112	0x0027c788	s06_00267200	1	1	1	1	unique_masked_candidate	0x0027c788
aug6-retail-2443	24	0x002eccf0	FUN_002eccf0	40	0x0027c7f8	s06_00267200	1	1	1	1	unique_masked_candidate	0x0027c7f8
aug6-retail-2444	24	0x002ecd18	FUN_002ecd18	48	0x0027c820	s06_00267200	1	1	1	1	unique_masked_candidate	0x0027c820
aug6-retail-2445	24	0x002ecd48	FUN_002ecd48	24	0x0027c850	s06_00267200	1	1	1	1	unique_masked_candidate	0x0027c850
aug6-retail-2446	24	0x002ecd60	FUN_002ecd60	40	0x0027c868	s06_00267200	1	1	1	1	unique_masked_candidate	0x0027c868
aug6-retail-2447	24	0x002ecd88	FUN_002ecd88	24	0x0027c890	s06_00267200	1	1	1	1	unique_masked_candidate	0x0027c890
aug6-retail-2448	24	0x002ecda0	FUN_002ecda0	72	0x0027c8a8	s06_00267200	1	1	1	1	unique_masked_candidate	0x0027c8a8
aug6-retail-2449	24	0x002ecdf0	FUN_002ecdf0	48	0x0027c8f8	s06_00267200	1	1	1	1	unique_masked_candidate	0x0027c8f8
aug6-retail-2450	24	0x002ece20	FUN_002ece20	24	0x0027c928	s06_00267200	1	1	1	1	unique_masked_candidate	0x0027c928
aug6-retail-2451	24	0x002ece38	FUN_002ece38	24	0x0027c940	s06_00267200	1	1	1	1	unique_masked_candidate	0x0027c940
aug6-retail-2452	24	0x002ed000	FUN_002ed000	40	0x0027cb08	s06_00267200	1	1	1	1	unique_masked_candidate	0x0027cb08
aug6-retail-2453	24	0x002ed028	FUN_002ed028	48	0x0027cb30	s06_00267200	1	1	1	1	unique_masked_candidate	0x0027cb30
aug6-retail-2454	24	0x002ed058	FUN_002ed058	56	0x0027cb60	s06_00267200	1	1	1	1	unique_masked_candidate	0x0027cb60
aug6-retail-2455	24	0x002ed090	FUN_002ed090	32	0x0027cb98	s06_00267200	1	1	1	1	unique_masked_candidate	0x0027cb98
aug6-retail-2456	24	0x002ed0b0	FUN_002ed0b0	32	0x0027cbb8	s06_00267200	1	1	1	1	unique_masked_candidate	0x0027cbb8
aug6-retail-2457	24	0x002ed0d0	FUN_002ed0d0	552	0x0027cbd8	s06_00267200	0	1	0	1	unique_masked_candidate	0x0027cbd8
aug6-retail-2458	24	0x002ed2f8	FUN_002ed2f8	32	0x0027ce00	s06_00267200	1	1	1	1	unique_masked_candidate	0x0027ce00
aug6-retail-2459	24	0x002ed318	FUN_002ed318	32	0x0027ce20	s06_00267200	1	1	1	1	unique_masked_candidate	0x0027ce20
aug6-retail-2460	24	0x002ed338	FUN_002ed338	80	0x0027ce40	s06_00267200	1	1	1	1	unique_masked_candidate	0x0027ce40
aug6-retail-2461	24	0x002ed3d8	FUN_002ed3d8	80	0x0027ce90	s06_00267200	1	1	1	1	unique_masked_candidate	0x0027ce90
aug6-retail-2462	24	0x002ed428	FUN_002ed428	72	0x0027cee0	s06_00267200	1	1	1	1	unique_masked_candidate	0x0027cee0
aug6-retail-2463	24	0x002ed470	FUN_002ed470	64	0x0027cf28	s06_00267200	1	1	1	1	unique_masked_candidate	0x0027cf28
aug6-retail-2464	24	0x002ed4b0	FUN_002ed4b0	136	0x0027cf68	s06_00267200	1	1	1	1	unique_masked_candidate	0x0027cf68
aug6-retail-2465	24	0x002ed538	FUN_002ed538	192	0x0027cff0	s06_00267200	0	1	0	1	unique_masked_candidate	0x0027cff0
aug6-retail-2466	24	0x002ed5f8	FUN_002ed5f8	120	0x0027d0b0	s06_00267200	1	1	1	1	unique_masked_candidate	0x0027d0b0
aug6-retail-2467	24	0x002ed670	FUN_002ed670	136	0x0027d128	s06_00267200	1	1	1	1	unique_masked_candidate	0x0027d128
aug6-retail-2468	24	0x002ed6f8	FUN_002ed6f8	152	0x0027d1b0	s06_00267200	1	1	1	1	unique_masked_candidate	0x0027d1b0
aug6-retail-2469	24	0x002ed790	FUN_002ed790	88	0x0027d248	s06_00267200	1	1	1	1	unique_masked_candidate	0x0027d248
aug6-retail-2470	24	0x002ed7e8	FUN_002ed7e8	80	0x0027d2a0	s06_00267200	1	1	1	1	unique_masked_candidate	0x0027d2a0
aug6-retail-2471	24	0x002ed838	FUN_002ed838	72	0x0027d2f0	s06_00267200	1	1	1	1	unique_masked_candidate	0x0027d2f0
aug6-retail-2472	24	0x002ed880	FUN_002ed880	72	0x0027d338	s06_00267200	1	1	1	1	unique_masked_candidate	0x0027d338
aug6-retail-2473	24	0x002ed920	FUN_002ed920	56	0x0027d3f8	s06_00267200	1	1	1	1	unique_masked_candidate	0x0027d3f8
aug6-retail-2474	24	0x002ed958	FUN_002ed958	16	0x0027d430	s06_00267200	1	1	1	1	unique_masked_candidate	0x0027d430
aug6-retail-2475	24	0x002ed968	FUN_002ed968	24	0x0027d440	s06_00267200	1	1	1	1	unique_masked_candidate	0x0027d440
aug6-retail-2476	24	0x002ed980	FUN_002ed980	16	0x0027d458	s06_00267200	1	1	1	1	unique_masked_candidate	0x0027d458
aug6-retail-2477	24	0x002ed990	FUN_002ed990	16	0x0027d468	s06_00267200	1	1	1	1	unique_masked_candidate	0x0027d468
aug6-retail-2478	24	0x002ed9a0	FUN_002ed9a0	56	0x0027d478	s06_00267200	1	1	1	1	unique_masked_candidate	0x0027d478
aug6-retail-2479	24	0x002ed9d8	FUN_002ed9d8	72	0x0027d4b0	s06_00267200	1	1	1	1	unique_masked_candidate	0x0027d4b0
aug6-retail-2480	24	0x002eda20	FUN_002eda20	56	0x0027d4f8	s06_00267200	1	1	1	1	unique_masked_candidate	0x0027d4f8
aug6-retail-2481	24	0x002edb50	FUN_002edb50	60	0x0027d628	s06_00267200	0	1	0	1	unique_masked_candidate	0x0027d628
aug6-retail-2482	24	0x002edb90	FUN_002edb90	248	0x0027d668	s06_00267200	0	1	0	1	unique_masked_candidate	0x0027d668
aug6-retail-2483	24	0x002edc88	FUN_002edc88	184	0x0027d760	s06_00267200	0	1	0	1	unique_masked_candidate	0x0027d760
aug6-retail-2484	24	0x002f28c0	FUN_002f28c0	28	0x002741a8	s06_00267200	0	11	0	15	ambiguous_candidate	0x002741a8,0x00280c70,0x002b57f0,0x002d7c20,0x002dec08,0x0031b1c0,0x0036a7a0,0x003b87e8,0x003b9cf0,0x003ba1e0,0x003ba200
aug6-retail-2485	24	0x002f5690	FUN_002f5690	104	0x002b4238	s06_00267200	1	1	1	1	unique_masked_candidate	0x002b4238
aug6-retail-2486	24	0x002f58a0	FUN_002f58a0	252	0x002b4448	s06_00267200	1	1	1	1	unique_masked_candidate	0x002b4448
aug6-retail-2487	24	0x002f5ca8	FUN_002f5ca8	28	0x002741a8	s06_00267200	0	11	0	15	ambiguous_candidate	0x002741a8,0x00280c70,0x002b57f0,0x002d7c20,0x002dec08,0x0031b1c0,0x0036a7a0,0x003b87e8,0x003b9cf0,0x003ba1e0,0x003ba200
aug6-retail-2488	24	0x002facc8	FUN_002facc8	28	0x002741a8	s06_00267200	0	11	0	15	ambiguous_candidate	0x002741a8,0x00280c70,0x002b57f0,0x002d7c20,0x002dec08,0x0031b1c0,0x0036a7a0,0x003b87e8,0x003b9cf0,0x003ba1e0,0x003ba200
aug6-retail-2489	24	0x002face8	FUN_002face8	28	0x002741a8	s06_00267200	0	11	0	15	ambiguous_candidate	0x002741a8,0x00280c70,0x002b57f0,0x002d7c20,0x002dec08,0x0031b1c0,0x0036a7a0,0x003b87e8,0x003b9cf0,0x003ba1e0,0x003ba200
aug6-retail-2490	24	0x002fad08	FUN_002fad08	28	0x002741a8	s06_00267200	0	11	0	15	ambiguous_candidate	0x002741a8,0x00280c70,0x002b57f0,0x002d7c20,0x002dec08,0x0031b1c0,0x0036a7a0,0x003b87e8,0x003b9cf0,0x003ba1e0,0x003ba200
aug6-retail-2491	24	0x002fad28	FUN_002fad28	28	0x002741a8	s06_00267200	0	11	0	15	ambiguous_candidate	0x002741a8,0x00280c70,0x002b57f0,0x002d7c20,0x002dec08,0x0031b1c0,0x0036a7a0,0x003b87e8,0x003b9cf0,0x003ba1e0,0x003ba200
aug6-retail-2492	24	0x002fd2a8	FUN_002fd2a8	88	0x002bb968	s06_00267200	1	1	1	1	unique_masked_candidate	0x002bb968
aug6-retail-2493	24	0x002fd500	FUN_002fd500	60	0x002bbbc0	s06_00267200	1	1	1	1	unique_masked_candidate	0x002bbbc0
aug6-retail-2494	24	0x003049a8	FUN_003049a8	100	0x002c3630	s06_00267200	1	1	1	1	unique_masked_candidate	0x002c3630
aug6-retail-2495	24	0x00306310	FUN_00306310	280	0x002c4b18	s06_00267200	1	1	1	1	unique_masked_candidate	0x002c4b18
aug6-retail-2496	24	0x0030a248	FUN_0030a248	56	0x002c8760	s06_00267200	1	1	1	1	unique_masked_candidate	0x002c8760
aug6-retail-2497	24	0x0030c3b8	FUN_0030c3b8	32	0x002ca1c8	s06_00267200	1	1	1	1	unique_masked_candidate	0x002ca1c8
aug6-retail-2498	24	0x0030c3d8	FUN_0030c3d8	56	0x002ca1e8	s06_00267200	0	1	0	1	unique_masked_candidate	0x002ca1e8
aug6-retail-2499	24	0x0030c410	FUN_0030c410	160	0x002ca220	s06_00267200	1	1	1	1	unique_masked_candidate	0x002ca220
aug6-retail-2500	24	0x0030c630	FUN_0030c630	320	0x002ca440	s06_00267200	1	1	1	1	unique_masked_candidate	0x002ca440
aug6-retail-2501	24	0x0030c770	FUN_0030c770	312	0x002ca580	s06_00267200	1	1	1	1	unique_masked_candidate	0x002ca580
aug6-retail-2502	24	0x0030c8a8	FUN_0030c8a8	752	0x002ca6b8	s06_00267200	0	1	0	1	unique_masked_candidate	0x002ca6b8
aug6-retail-2503	24	0x0030cb78	FUN_0030cb78	32	0x002ca988	s06_00267200	1	1	1	1	unique_masked_candidate	0x002ca988
aug6-retail-2504	24	0x0030cb98	FUN_0030cb98	40	0x002ca9a8	s06_00267200	0	1	0	1	unique_masked_candidate	0x002ca9a8
aug6-retail-2505	24	0x0030eb90	FUN_0030eb90	116	0x002cbee0	s06_00267200	1	1	1	1	unique_masked_candidate	0x002cbee0
aug6-retail-2506	24	0x0030f388	FUN_0030f388	100	0x002cc6d8	s06_00267200	0	1	0	1	unique_masked_candidate	0x002cc6d8
aug6-retail-2507	24	0x0030f540	FUN_0030f540	120	0x002cc890	s06_00267200	1	1	1	1	unique_masked_candidate	0x002cc890
aug6-retail-2508	24	0x0030f5b8	FUN_0030f5b8	152	0x002cc908	s06_00267200	0	1	0	1	unique_masked_candidate	0x002cc908
aug6-retail-2509	24	0x0030fe60	FUN_0030fe60	40	0x002cd1b0	s06_00267200	0	1	0	1	unique_masked_candidate	0x002cd1b0
aug6-retail-2510	24	0x00310368	FUN_00310368	32	0x002cd698	s06_00267200	1	1	1	1	unique_masked_candidate	0x002cd698
aug6-retail-2511	24	0x00310388	FUN_00310388	48	0x002cd6b8	s06_00267200	1	1	1	1	unique_masked_candidate	0x002cd6b8
aug6-retail-2512	24	0x003103b8	FUN_003103b8	48	0x002cd6e8	s06_00267200	1	1	1	1	unique_masked_candidate	0x002cd6e8
aug6-retail-2513	24	0x00310f98	FUN_00310f98	72	0x002ce318	s06_00267200	0	1	0	1	unique_masked_candidate	0x002ce318
aug6-retail-2514	24	0x00310fe0	FUN_00310fe0	1544	0x002ce360	s06_00267200	0	1	0	1	unique_masked_candidate	0x002ce360
aug6-retail-2515	24	0x003115e8	FUN_003115e8	3348	0x002ce968	s06_00267200	0	1	0	1	unique_masked_candidate	0x002ce968
aug6-retail-2516	24	0x00312fc0	FUN_00312fc0	2136	0x002d0340	s06_00267200	0	1	0	1	unique_masked_candidate	0x002d0340
aug6-retail-2517	24	0x003151e0	FUN_003151e0	2688	0x002d2538	s06_00267200	0	1	0	1	unique_masked_candidate	0x002d2538
aug6-retail-2518	24	0x003188d8	FUN_003188d8	60	0x002d5ad0	s06_00267200	1	1	1	1	unique_masked_candidate	0x002d5ad0
aug6-retail-2519	24	0x00318920	FUN_00318920	28	0x002d5b18	s06_00267200	1	1	1	1	unique_masked_candidate	0x002d5b18
aug6-retail-2520	24	0x00318948	FUN_00318948	68	0x002d5b40	s06_00267200	1	1	1	1	unique_masked_candidate	0x002d5b40
aug6-retail-2521	24	0x00318a40	FUN_00318a40	92	0x002d5c38	s06_00267200	0	1	0	1	unique_masked_candidate	0x002d5c38
aug6-retail-2522	24	0x00318aa0	FUN_00318aa0	104	0x002d5c98	s06_00267200	0	1	0	1	unique_masked_candidate	0x002d5c98
aug6-retail-2523	24	0x00318b08	FUN_00318b08	68	0x002d5d00	s06_00267200	0	1	0	1	unique_masked_candidate	0x002d5d00
aug6-retail-2524	24	0x00318c70	FUN_00318c70	56	0x002d5e68	s06_00267200	1	1	1	1	unique_masked_candidate	0x002d5e68
aug6-retail-2525	24	0x00318ca8	FUN_00318ca8	288	0x002d5ea0	s06_00267200	1	6	6	6	ambiguous_candidate	0x002d5ea0,0x0033a0a8,0x00351250,0x0035e0d0,0x0036ecc8,0x00394c40
aug6-retail-2526	24	0x00318dc8	FUN_00318dc8	148	0x002d5fc0	s06_00267200	0	1	0	1	unique_masked_candidate	0x002d5fc0
aug6-retail-2527	24	0x00318e60	FUN_00318e60	124	0x002d6058	s06_00267200	0	1	0	1	unique_masked_candidate	0x002d6058
aug6-retail-2528	24	0x00319bb8	FUN_00319bb8	56	0x002d6d28	s06_00267200	1	1	1	1	unique_masked_candidate	0x002d6d28
aug6-retail-2529	24	0x00319e18	FUN_00319e18	36	0x002d6f88	s06_00267200	0	1	0	1	unique_masked_candidate	0x002d6f88
aug6-retail-2530	24	0x00319ee8	FUN_00319ee8	204	0x002d6fb8	s06_00267200	1	1	1	1	unique_masked_candidate	0x002d6fb8
aug6-retail-2531	24	0x0031a080	FUN_0031a080	36	0x002d7150	s06_00267200	1	1	1	1	unique_masked_candidate	0x002d7150
aug6-retail-2532	24	0x0031a0a8	FUN_0031a0a8	44	0x002d7178	s06_00267200	0	1	0	1	unique_masked_candidate	0x002d7178
aug6-retail-2533	24	0x0031a0d8	FUN_0031a0d8	36	0x002d71a8	s06_00267200	1	1	1	1	unique_masked_candidate	0x002d71a8
aug6-retail-2534	24	0x0031aab0	FUN_0031aab0	28	0x002741a8	s06_00267200	0	11	0	15	ambiguous_candidate	0x002741a8,0x00280c70,0x002b57f0,0x002d7c20,0x002dec08,0x0031b1c0,0x0036a7a0,0x003b87e8,0x003b9cf0,0x003ba1e0,0x003ba200
aug6-retail-2535	24	0x0031aad0	FUN_0031aad0	28	0x002741a8	s06_00267200	0	11	0	15	ambiguous_candidate	0x002741a8,0x00280c70,0x002b57f0,0x002d7c20,0x002dec08,0x0031b1c0,0x0036a7a0,0x003b87e8,0x003b9cf0,0x003ba1e0,0x003ba200
aug6-retail-2536	24	0x0031b5f0	FUN_0031b5f0	16	0x002d8658	s06_00267200	1	1	1	1	unique_masked_candidate	0x002d8658
aug6-retail-2537	24	0x0031b698	FUN_0031b698	68	0x002d8700	s06_00267200	0	1	0	1	unique_masked_candidate	0x002d8700
aug6-retail-2538	24	0x0031b830	FUN_0031b830	84	0x002d8898	s06_00267200	0	1	0	1	unique_masked_candidate	0x002d8898
aug6-retail-2539	24	0x0031b888	FUN_0031b888	92	0x002d88f0	s06_00267200	0	1	0	1	unique_masked_candidate	0x002d88f0
aug6-retail-2540	24	0x0031c210	FUN_0031c210	92	0x002d9230	s06_00267200	1	1	1	1	unique_masked_candidate	0x002d9230
aug6-retail-2541	24	0x0031c4c0	FUN_0031c4c0	48	0x002d94e0	s06_00267200	1	1	1	1	unique_masked_candidate	0x002d94e0
aug6-retail-2542	24	0x0031c4f0	FUN_0031c4f0	48	0x002d9510	s06_00267200	1	1	1	1	unique_masked_candidate	0x002d9510
aug6-retail-2543	24	0x0031cdc0	FUN_0031cdc0	88	0x002d9e18	s06_00267200	0	1	0	1	unique_masked_candidate	0x002d9e18
aug6-retail-2544	24	0x0031cea8	FUN_0031cea8	16	0x002d9f00	s06_00267200	1	1	1	1	unique_masked_candidate	0x002d9f00
aug6-retail-2545	24	0x0031e698	FUN_0031e698	48	0x002db830	s06_00267200	1	1	1	1	unique_masked_candidate	0x002db830
aug6-retail-2546	24	0x0031fe70	FUN_0031fe70	40	0x002dcfe8	s06_00267200	1	1	1	1	unique_masked_candidate	0x002dcfe8
aug6-retail-2547	24	0x00320338	FUN_00320338	44	0x002dd4b0	s06_00267200	0	1	0	1	unique_masked_candidate	0x002dd4b0
aug6-retail-2548	24	0x003215d0	FUN_003215d0	40	0x002de508	s06_00267200	0	1	0	1	unique_masked_candidate	0x002de508
aug6-retail-2549	24	0x00321748	FUN_00321748	28	0x002de680	s06_00267200	0	2	0	4	ambiguous_candidate	0x002de680,0x002de760
aug6-retail-2550	24	0x003217a0	FUN_003217a0	28	0x002de680	s06_00267200	0	2	0	4	ambiguous_candidate	0x002de680,0x002de760
aug6-retail-2551	24	0x00321840	FUN_00321840	28	0x002de680	s06_00267200	0	2	0	4	ambiguous_candidate	0x002de680,0x002de760
aug6-retail-2552	24	0x00322008	FUN_00322008	28	0x002741a8	s06_00267200	0	11	0	15	ambiguous_candidate	0x002741a8,0x00280c70,0x002b57f0,0x002d7c20,0x002dec08,0x0031b1c0,0x0036a7a0,0x003b87e8,0x003b9cf0,0x003ba1e0,0x003ba200
aug6-retail-2553	24	0x00323230	FUN_00323230	40	0x002dfb30	s06_00267200	1	1	1	1	unique_masked_candidate	0x002dfb30
aug6-retail-2554	24	0x00323260	FUN_00323260	32	0x002dfb60	s06_00267200	1	1	1	1	unique_masked_candidate	0x002dfb60
aug6-retail-2555	24	0x00326d48	FUN_00326d48	100	0x002e2aa8	s06_00267200	1	1	1	1	unique_masked_candidate	0x002e2aa8
aug6-retail-2556	24	0x00328508	FUN_00328508	152	0x002e4230	s06_00267200	1	1	1	1	unique_masked_candidate	0x002e4230
aug6-retail-2557	24	0x00333450	FUN_00333450	96	0x002efbb8	s06_00267200	0	1	0	1	unique_masked_candidate	0x002efbb8
aug6-retail-2558	24	0x003337d8	FUN_003337d8	60	0x002eff40	s06_00267200	0	1	0	1	unique_masked_candidate	0x002eff40
aug6-retail-2559	24	0x003390c8	FUN_003390c8	100	0x002f4530	s06_00267200	1	1	1	1	unique_masked_candidate	0x002f4530
aug6-retail-2560	24	0x0033a560	FUN_0033a560	60	0x002f5948	s06_00267200	1	1	1	1	unique_masked_candidate	0x002f5948
aug6-retail-2561	24	0x0033a5a0	FUN_0033a5a0	60	0x002f5988	s06_00267200	1	1	1	1	unique_masked_candidate	0x002f5988
aug6-retail-2562	24	0x0033bfb0	FUN_0033bfb0	36	0x002f7360	s06_00267200	1	1	1	1	unique_masked_candidate	0x002f7360
aug6-retail-2563	24	0x0033dce8	FUN_0033dce8	48	0x002f9198	s06_00267200	0	12	0	20	ambiguous_candidate	0x002f9198,0x002f93c8,0x002f9498,0x002f9590,0x002f96e8,0x002f97b8,0x002f9870,0x002f9928,0x002f99e0,0x002f9c90,0x002f9d48,0x002f9e88
aug6-retail-2564	24	0x0033e0e8	FUN_0033e0e8	48	0x002f9198	s06_00267200	0	12	0	20	ambiguous_candidate	0x002f9198,0x002f93c8,0x002f9498,0x002f9590,0x002f96e8,0x002f97b8,0x002f9870,0x002f9928,0x002f99e0,0x002f9c90,0x002f9d48,0x002f9e88
aug6-retail-2565	24	0x0033e1b8	FUN_0033e1b8	48	0x002f9198	s06_00267200	0	12	0	20	ambiguous_candidate	0x002f9198,0x002f93c8,0x002f9498,0x002f9590,0x002f96e8,0x002f97b8,0x002f9870,0x002f9928,0x002f99e0,0x002f9c90,0x002f9d48,0x002f9e88
aug6-retail-2566	24	0x0033e388	FUN_0033e388	48	0x002f9198	s06_00267200	0	12	0	20	ambiguous_candidate	0x002f9198,0x002f93c8,0x002f9498,0x002f9590,0x002f96e8,0x002f97b8,0x002f9870,0x002f9928,0x002f99e0,0x002f9c90,0x002f9d48,0x002f9e88
aug6-retail-2567	24	0x003436c8	FUN_003436c8	48	0x002f9198	s06_00267200	0	12	0	20	ambiguous_candidate	0x002f9198,0x002f93c8,0x002f9498,0x002f9590,0x002f96e8,0x002f97b8,0x002f9870,0x002f9928,0x002f99e0,0x002f9c90,0x002f9d48,0x002f9e88
aug6-retail-2568	24	0x00343780	FUN_00343780	48	0x002f9198	s06_00267200	0	12	0	20	ambiguous_candidate	0x002f9198,0x002f93c8,0x002f9498,0x002f9590,0x002f96e8,0x002f97b8,0x002f9870,0x002f9928,0x002f99e0,0x002f9c90,0x002f9d48,0x002f9e88
aug6-retail-2569	24	0x003438f0	FUN_003438f0	48	0x002f9198	s06_00267200	0	12	0	20	ambiguous_candidate	0x002f9198,0x002f93c8,0x002f9498,0x002f9590,0x002f96e8,0x002f97b8,0x002f9870,0x002f9928,0x002f99e0,0x002f9c90,0x002f9d48,0x002f9e88
aug6-retail-2570	24	0x003439a8	FUN_003439a8	48	0x002f9198	s06_00267200	0	12	0	20	ambiguous_candidate	0x002f9198,0x002f93c8,0x002f9498,0x002f9590,0x002f96e8,0x002f97b8,0x002f9870,0x002f9928,0x002f99e0,0x002f9c90,0x002f9d48,0x002f9e88
aug6-retail-2571	24	0x00343a60	FUN_00343a60	48	0x002f9198	s06_00267200	0	12	0	20	ambiguous_candidate	0x002f9198,0x002f93c8,0x002f9498,0x002f9590,0x002f96e8,0x002f97b8,0x002f9870,0x002f9928,0x002f99e0,0x002f9c90,0x002f9d48,0x002f9e88
aug6-retail-2572	24	0x00343b18	FUN_00343b18	48	0x002f9198	s06_00267200	0	12	0	20	ambiguous_candidate	0x002f9198,0x002f93c8,0x002f9498,0x002f9590,0x002f96e8,0x002f97b8,0x002f9870,0x002f9928,0x002f99e0,0x002f9c90,0x002f9d48,0x002f9e88
aug6-retail-2573	24	0x00343bd0	FUN_00343bd0	48	0x002f9198	s06_00267200	0	12	0	20	ambiguous_candidate	0x002f9198,0x002f93c8,0x002f9498,0x002f9590,0x002f96e8,0x002f97b8,0x002f9870,0x002f9928,0x002f99e0,0x002f9c90,0x002f9d48,0x002f9e88
aug6-retail-2574	24	0x00343ca0	FUN_00343ca0	48	0x002f9198	s06_00267200	0	12	0	20	ambiguous_candidate	0x002f9198,0x002f93c8,0x002f9498,0x002f9590,0x002f96e8,0x002f97b8,0x002f9870,0x002f9928,0x002f99e0,0x002f9c90,0x002f9d48,0x002f9e88
aug6-retail-2575	24	0x00343d58	FUN_00343d58	48	0x002f9198	s06_00267200	0	12	0	20	ambiguous_candidate	0x002f9198,0x002f93c8,0x002f9498,0x002f9590,0x002f96e8,0x002f97b8,0x002f9870,0x002f9928,0x002f99e0,0x002f9c90,0x002f9d48,0x002f9e88
aug6-retail-2576	24	0x00343e58	FUN_00343e58	48	0x002f9198	s06_00267200	0	12	0	20	ambiguous_candidate	0x002f9198,0x002f93c8,0x002f9498,0x002f9590,0x002f96e8,0x002f97b8,0x002f9870,0x002f9928,0x002f99e0,0x002f9c90,0x002f9d48,0x002f9e88
aug6-retail-2577	24	0x00343f50	FUN_00343f50	48	0x002f9198	s06_00267200	0	12	0	20	ambiguous_candidate	0x002f9198,0x002f93c8,0x002f9498,0x002f9590,0x002f96e8,0x002f97b8,0x002f9870,0x002f9928,0x002f99e0,0x002f9c90,0x002f9d48,0x002f9e88
aug6-retail-2578	24	0x00346008	FUN_00346008	48	0x002f9198	s06_00267200	0	12	0	20	ambiguous_candidate	0x002f9198,0x002f93c8,0x002f9498,0x002f9590,0x002f96e8,0x002f97b8,0x002f9870,0x002f9928,0x002f99e0,0x002f9c90,0x002f9d48,0x002f9e88
aug6-retail-2579	24	0x003461e0	FUN_003461e0	48	0x002f9198	s06_00267200	0	12	0	20	ambiguous_candidate	0x002f9198,0x002f93c8,0x002f9498,0x002f9590,0x002f96e8,0x002f97b8,0x002f9870,0x002f9928,0x002f99e0,0x002f9c90,0x002f9d48,0x002f9e88
aug6-retail-2580	24	0x00346338	FUN_00346338	48	0x002f9198	s06_00267200	0	12	0	20	ambiguous_candidate	0x002f9198,0x002f93c8,0x002f9498,0x002f9590,0x002f96e8,0x002f97b8,0x002f9870,0x002f9928,0x002f99e0,0x002f9c90,0x002f9d48,0x002f9e88
aug6-retail-2581	24	0x003463e8	FUN_003463e8	48	0x002f9198	s06_00267200	0	12	0	20	ambiguous_candidate	0x002f9198,0x002f93c8,0x002f9498,0x002f9590,0x002f96e8,0x002f97b8,0x002f9870,0x002f9928,0x002f99e0,0x002f9c90,0x002f9d48,0x002f9e88
aug6-retail-2582	24	0x003465d0	FUN_003465d0	48	0x002f9198	s06_00267200	0	12	0	20	ambiguous_candidate	0x002f9198,0x002f93c8,0x002f9498,0x002f9590,0x002f96e8,0x002f97b8,0x002f9870,0x002f9928,0x002f99e0,0x002f9c90,0x002f9d48,0x002f9e88
aug6-retail-2583	24	0x00346900	FUN_00346900	56	0x002fa118	s06_00267200	0	1	0	1	unique_masked_candidate	0x002fa118
aug6-retail-2584	24	0x00346938	FUN_00346938	36	0x002fa150	s06_00267200	0	1	0	1	unique_masked_candidate	0x002fa150
aug6-retail-2585	24	0x00346960	FUN_00346960	40	0x002fa178	s06_00267200	0	1	0	1	unique_masked_candidate	0x002fa178
aug6-retail-2586	24	0x003485a8	FUN_003485a8	32	0x002fbbc0	s06_00267200	0	1	0	1	unique_masked_candidate	0x002fbbc0
aug6-retail-2587	24	0x0034c598	FUN_0034c598	56	0x002fee80	s06_00267200	0	1	0	1	unique_masked_candidate	0x002fee80
aug6-retail-2588	24	0x0034f2d8	FUN_0034f2d8	64	0x00301c38	s06_00267200	1	1	1	1	unique_masked_candidate	0x00301c38
aug6-retail-2589	24	0x0035ea88	FUN_0035ea88	36	0x0030efb8	s06_00267200	1	1	1	1	unique_masked_candidate	0x0030efb8
aug6-retail-2590	24	0x0035faa8	FUN_0035faa8	40	0x0030fd18	s06_00267200	0	1	0	1	unique_masked_candidate	0x0030fd18
aug6-retail-2591	24	0x00361418	FUN_00361418	364	0x00311400	s06_00267200	0	1	0	1	unique_masked_candidate	0x00311400
aug6-retail-2592	24	0x00363218	FUN_00363218	40	0x003131f0	s06_00267200	1	3	3	3	ambiguous_candidate	0x003131f0,0x00313d9c,0x00314664
aug6-retail-2593	24	0x00363d9c	FUN_00363d9c	40	0x00313d74	s06_00267200	1	3	3	3	ambiguous_candidate	0x00313d74,0x0031463c,0x00316308
aug6-retail-2594	24	0x00363dc4	FUN_00363dc4	40	0x003131f0	s06_00267200	1	3	3	3	ambiguous_candidate	0x003131f0,0x00313d9c,0x00314664
aug6-retail-2595	24	0x00364664	FUN_00364664	40	0x00313d74	s06_00267200	1	3	3	3	ambiguous_candidate	0x00313d74,0x0031463c,0x00316308
aug6-retail-2596	24	0x0036468c	FUN_0036468c	40	0x003131f0	s06_00267200	1	3	3	3	ambiguous_candidate	0x003131f0,0x00313d9c,0x00314664
aug6-retail-2597	24	0x003650b0	FUN_003650b0	40	0x00315088	s06_00267200	1	1	1	1	unique_masked_candidate	0x00315088
aug6-retail-2598	24	0x003650d8	FUN_003650d8	288	0x003150b0	s06_00267200	0	1	0	1	unique_masked_candidate	0x003150b0
aug6-retail-2599	24	0x003651f8	FUN_003651f8	56	0x003151d0	s06_00267200	1	1	1	1	unique_masked_candidate	0x003151d0
aug6-retail-2600	24	0x00366330	FUN_00366330	40	0x00313d74	s06_00267200	1	3	3	3	ambiguous_candidate	0x00313d74,0x0031463c,0x00316308
aug6-retail-2601	24	0x0036be00	FUN_0036be00	28	0x002741a8	s06_00267200	0	11	0	15	ambiguous_candidate	0x002741a8,0x00280c70,0x002b57f0,0x002d7c20,0x002dec08,0x0031b1c0,0x0036a7a0,0x003b87e8,0x003b9cf0,0x003ba1e0,0x003ba200
aug6-retail-2602	24	0x00375848	FUN_00375848	44	0x00278c88	s06_00267200	0	2	0	3	ambiguous_candidate	0x00278c88,0x0028c350
aug6-retail-2603	24	0x00379208	FUN_00379208	48	0x00327580	s06_00267200	0	1	0	1	unique_masked_candidate	0x00327580
aug6-retail-2604	24	0x0037e480	FUN_0037e480	144	0x0034ef80	s06_00267200	1	4	4	2	ambiguous_candidate	0x0034ef80,0x00359c48,0x0035c8a0,0x003aaa78
aug6-retail-2605	24	0x00380b08	FUN_00380b08	144	0x0034ef80	s06_00267200	1	4	4	2	ambiguous_candidate	0x0034ef80,0x00359c48,0x0035c8a0,0x003aaa78
aug6-retail-2606	24	0x00392a80	FUN_00392a80	16	0x003a6830	s06_00267200	1	1	1	1	unique_masked_candidate	0x003a6830
aug6-retail-2607	24	0x00393b80	UpdateMoby_775	76	0x00333ee0	s06_00267200	0	1	0	1	unique_masked_candidate	0x00333ee0
aug6-retail-2608	24	0x00393d78	FUN_00393d78	16	0x003340d0	s06_00267200	1	1	1	1	unique_masked_candidate	0x003340d0
aug6-retail-2609	24	0x00396ed8	FUN_00396ed8	288	0x002d5ea0	s06_00267200	1	6	6	6	ambiguous_candidate	0x002d5ea0,0x0033a0a8,0x00351250,0x0035e0d0,0x0036ecc8,0x00394c40
aug6-retail-2610	24	0x003979e8	FUN_003979e8	144	0x0033b370	s06_00267200	1	2	2	2	ambiguous_candidate	0x0033b370,0x0036f8c0
aug6-retail-2611	24	0x003a68c8	FUN_003a68c8	44	0x003a84d0	s06_00267200	1	1	1	1	unique_masked_candidate	0x003a84d0
aug6-retail-2612	24	0x003a77c0	FUN_003a77c0	136	0x0035e048	s06_00267200	1	9	9	10	ambiguous_candidate	0x0035e048,0x003642d0,0x00366e80,0x0036cf18,0x00376a18,0x00377e68,0x00394bb8,0x0039c930,0x003a93e8
aug6-retail-2613	24	0x003ae4a8	UpdateMoby_2384	28	0x0034e3c8	s06_00267200	0	1	0	1	unique_masked_candidate	0x0034e3c8
aug6-retail-2614	24	0x003af918	FUN_003af918	136	0x0035e048	s06_00267200	1	9	9	10	ambiguous_candidate	0x0035e048,0x003642d0,0x00366e80,0x0036cf18,0x00376a18,0x00377e68,0x00394bb8,0x0039c930,0x003a93e8
aug6-retail-2615	24	0x003af9a0	FUN_003af9a0	288	0x002d5ea0	s06_00267200	1	6	6	6	ambiguous_candidate	0x002d5ea0,0x0033a0a8,0x00351250,0x0035e0d0,0x0036ecc8,0x00394c40
aug6-retail-2616	24	0x003b1850	FUN_003b1850	40	0x00355cd0	s06_00267200	1	1	1	1	unique_masked_candidate	0x00355cd0
aug6-retail-2617	24	0x003b9d30	FUN_003b9d30	136	0x0035e048	s06_00267200	1	9	9	10	ambiguous_candidate	0x0035e048,0x003642d0,0x00366e80,0x0036cf18,0x00376a18,0x00377e68,0x00394bb8,0x0039c930,0x003a93e8
aug6-retail-2618	24	0x003b9db8	FUN_003b9db8	288	0x002d5ea0	s06_00267200	1	6	6	6	ambiguous_candidate	0x002d5ea0,0x0033a0a8,0x00351250,0x0035e0d0,0x0036ecc8,0x00394c40
aug6-retail-2619	24	0x003c0bd8	FUN_003c0bd8	136	0x0035e048	s06_00267200	1	9	9	10	ambiguous_candidate	0x0035e048,0x003642d0,0x00366e80,0x0036cf18,0x00376a18,0x00377e68,0x00394bb8,0x0039c930,0x003a93e8
aug6-retail-2620	24	0x003c4180	FUN_003c4180	136	0x0035e048	s06_00267200	1	9	9	10	ambiguous_candidate	0x0035e048,0x003642d0,0x00366e80,0x0036cf18,0x00376a18,0x00377e68,0x00394bb8,0x0039c930,0x003a93e8
aug6-retail-2621	24	0x003c7de0	UpdateMoby_3077	28	0x002741a8	s06_00267200	0	11	0	15	ambiguous_candidate	0x002741a8,0x00280c70,0x002b57f0,0x002d7c20,0x002dec08,0x0031b1c0,0x0036a7a0,0x003b87e8,0x003b9cf0,0x003ba1e0,0x003ba200
aug6-retail-2622	24	0x003ca460	FUN_003ca460	136	0x0035e048	s06_00267200	1	9	9	10	ambiguous_candidate	0x0035e048,0x003642d0,0x00366e80,0x0036cf18,0x00376a18,0x00377e68,0x00394bb8,0x0039c930,0x003a93e8
aug6-retail-2623	24	0x003cc4b0	FUN_003cc4b0	288	0x002d5ea0	s06_00267200	1	6	6	6	ambiguous_candidate	0x002d5ea0,0x0033a0a8,0x00351250,0x0035e0d0,0x0036ecc8,0x00394c40
aug6-retail-2624	24	0x003ccfc0	FUN_003ccfc0	144	0x0033b370	s06_00267200	1	2	2	2	ambiguous_candidate	0x0033b370,0x0036f8c0
aug6-retail-2625	24	0x003cd698	FUN_003cd698	104	0x00337b10	s06_00267200	1	2	2	2	ambiguous_candidate	0x00337b10,0x003700c8
aug6-retail-2626	24	0x003d2cd0	FUN_003d2cd0	136	0x0035e048	s06_00267200	1	9	9	10	ambiguous_candidate	0x0035e048,0x003642d0,0x00366e80,0x0036cf18,0x00376a18,0x00377e68,0x00394bb8,0x0039c930,0x003a93e8
aug6-retail-2627	24	0x003d4078	FUN_003d4078	136	0x0035e048	s06_00267200	1	9	9	10	ambiguous_candidate	0x0035e048,0x003642d0,0x00366e80,0x0036cf18,0x00376a18,0x00377e68,0x00394bb8,0x0039c930,0x003a93e8
aug6-retail-2628	24	0x003f2a20	FUN_003f2a20	136	0x0035e048	s06_00267200	1	9	9	10	ambiguous_candidate	0x0035e048,0x003642d0,0x00366e80,0x0036cf18,0x00376a18,0x00377e68,0x00394bb8,0x0039c930,0x003a93e8
aug6-retail-2629	24	0x003f2aa8	FUN_003f2aa8	288	0x002d5ea0	s06_00267200	1	6	6	6	ambiguous_candidate	0x002d5ea0,0x0033a0a8,0x00351250,0x0035e0d0,0x0036ecc8,0x00394c40
aug6-retail-2630	24	0x003f89b0	FUN_003f89b0	136	0x0035e048	s06_00267200	1	9	9	10	ambiguous_candidate	0x0035e048,0x003642d0,0x00366e80,0x0036cf18,0x00376a18,0x00377e68,0x00394bb8,0x0039c930,0x003a93e8
aug6-retail-2631	24	0x003fb048	FUN_003fb048	104	0x00337b10	s06_00267200	1	2	2	2	ambiguous_candidate	0x00337b10,0x003700c8
aug6-retail-2632	24	0x003fb0b0	FUN_003fb0b0	112	0x00337b78	s06_00267200	1	1	1	1	unique_masked_candidate	0x00337b78
aug6-retail-2633	24	0x004005f0	FUN_004005f0	44	0x003b1148	s06_00267200	0	1	0	1	unique_masked_candidate	0x003b1148
aug6-retail-2634	24	0x00403d00	FUN_00403d00	16	0x003b4350	s06_00267200	1	1	1	1	unique_masked_candidate	0x003b4350
aug6-retail-2635	24	0x004086b0	UpdateCamera_6	28	0x002741a8	s06_00267200	0	11	0	15	ambiguous_candidate	0x002741a8,0x00280c70,0x002b57f0,0x002d7c20,0x002dec08,0x0031b1c0,0x0036a7a0,0x003b87e8,0x003b9cf0,0x003ba1e0,0x003ba200
aug6-retail-2636	24	0x0040a060	FUN_0040a060	28	0x002741a8	s06_00267200	0	11	0	15	ambiguous_candidate	0x002741a8,0x00280c70,0x002b57f0,0x002d7c20,0x002dec08,0x0031b1c0,0x0036a7a0,0x003b87e8,0x003b9cf0,0x003ba1e0,0x003ba200
aug6-retail-2637	24	0x0040a570	FUN_0040a570	28	0x002741a8	s06_00267200	0	11	0	15	ambiguous_candidate	0x002741a8,0x00280c70,0x002b57f0,0x002d7c20,0x002dec08,0x0031b1c0,0x0036a7a0,0x003b87e8,0x003b9cf0,0x003ba1e0,0x003ba200
aug6-retail-2638	24	0x0040a648	FUN_0040a648	36	0x003ba2d8	s06_00267200	1	1	1	1	unique_masked_candidate	0x003ba2d8
aug6-retail-2639	24	0x0040a678	FUN_0040a678	32	0x003ba308	s06_00267200	1	1	1	1	unique_masked_candidate	0x003ba308
aug6-retail-2640	24	0x0040a698	FUN_0040a698	40	0x003ba328	s06_00267200	1	1	1	1	unique_masked_candidate	0x003ba328
aug6-retail-2641	24	0x0040a798	FUN_0040a798	36	0x003ba428	s06_00267200	1	1	1	1	unique_masked_candidate	0x003ba428
aug6-retail-2642	24	0x0040aca8	FUN_0040aca8	20	0x003ba938	s06_00267200	1	1	1	1	unique_masked_candidate	0x003ba938
aug6-retail-2643	24	0x0040acc0	FUN_0040acc0	20	0x003ba950	s06_00267200	1	1	1	1	unique_masked_candidate	0x003ba950
aug6-retail-2644	24	0x0040acd8	FUN_0040acd8	60	0x003ba968	s06_00267200	1	1	1	1	unique_masked_candidate	0x003ba968
aug6-retail-2645	24	0x0040ad18	FUN_0040ad18	60	0x003ba9a8	s06_00267200	1	1	1	1	unique_masked_candidate	0x003ba9a8
aug6-retail-2646	24	0x0040b130	FUN_0040b130	44	0x003bad90	s06_00267200	1	1	1	1	unique_masked_candidate	0x003bad90
aug6-retail-2647	24	0x0040b160	FUN_0040b160	24	0x003badc0	s06_00267200	1	1	1	1	unique_masked_candidate	0x003badc0
aug6-retail-2648	24	0x0040b250	FUN_0040b250	44	0x003baeb0	s06_00267200	0	1	0	1	unique_masked_candidate	0x003baeb0
aug6-retail-2649	24	0x0040b3a8	FUN_0040b3a8	296	0x003bb008	s06_00267200	1	1	1	1	unique_masked_candidate	0x003bb008
aug6-retail-2650	24	0x0040b4d8	FUN_0040b4d8	24	0x003bb138	s06_00267200	1	1	1	1	unique_masked_candidate	0x003bb138
aug6-retail-2651	24	0x0040b560	FUN_0040b560	80	0x003bb1c0	s06_00267200	1	1	1	1	unique_masked_candidate	0x003bb1c0
aug6-retail-2652	24	0x0040b6e0	FUN_0040b6e0	28	0x003bb340	s06_00267200	1	1	1	1	unique_masked_candidate	0x003bb340
aug6-retail-2653	24	0x0040df88	FUN_0040df88	28	0x003bf778	s06_00267200	0	1	0	2	ambiguous_candidate	0x003bf778
aug6-retail-2654	24	0x0040f1e8	FUN_0040f1e8	16	0x003be2c8	s06_00267200	1	1	1	1	unique_masked_candidate	0x003be2c8
aug6-retail-2655	24	0x0040f1f8	FUN_0040f1f8	24	0x003be2d8	s06_00267200	1	1	1	1	unique_masked_candidate	0x003be2d8
aug6-retail-2656	24	0x0040f830	FUN_0040f830	20	0x003be768	s06_00267200	1	2	2	2	ambiguous_candidate	0x003be768,0x003c2c78
aug6-retail-2657	24	0x00412e38	FUN_00412e38	28	0x003bf778	s06_00267200	0	1	0	2	ambiguous_candidate	0x003bf778
aug6-retail-2658	24	0x00416260	FUN_00416260	28	0x003c27a0	s06_00267200	0	1	0	1	unique_masked_candidate	0x003c27a0
aug6-retail-2659	24	0x00416280	FUN_00416280	28	0x003c27c0	s06_00267200	0	1	0	1	unique_masked_candidate	0x003c27c0
aug6-retail-2660	24	0x004166a8	FUN_004166a8	28	0x002de680	s06_00267200	0	2	0	4	ambiguous_candidate	0x002de680,0x002de760
aug6-retail-2661	24	0x00417858	FUN_00417858	20	0x003be768	s06_00267200	1	2	2	2	ambiguous_candidate	0x003be768,0x003c2c78
aug6-retail-2662	24	0x0041c880	FUN_0041c880	108	0x003c6fe0	s06_00267200	1	1	1	1	unique_masked_candidate	0x003c6fe0
aug6-retail-2663	24	0x0041c908	FUN_0041c908	36	0x003c7060	s06_00267200	1	1	1	1	unique_masked_candidate	0x003c7060
aug6-retail-2664	24	0x0041dcb0	FUN_0041dcb0	52	0x003c7f88	s06_00267200	1	1	1	1	unique_masked_candidate	0x003c7f88
aug6-retail-2665	24	0x0041ddb8	FUN_0041ddb8	20	0x003c8090	s06_00267200	1	1	1	1	unique_masked_candidate	0x003c8090
aug6-retail-2666	24	0x0041ddf0	FUN_0041ddf0	52	0x003c80c8	s06_00267200	1	1	1	1	unique_masked_candidate	0x003c80c8
aug6-retail-2667	24	0x0041de28	FUN_0041de28	24	0x003c8100	s06_00267200	1	1	1	1	unique_masked_candidate	0x003c8100
aug6-retail-2668	24	0x0041de48	FUN_0041de48	60	0x003c8120	s06_00267200	1	1	1	1	unique_masked_candidate	0x003c8120
aug6-retail-2669	24	0x0041e130	FUN_0041e130	80	0x003c8408	s06_00267200	1	1	1	1	unique_masked_candidate	0x003c8408
aug6-retail-2670	24	0x0041e278	FUN_0041e278	16	0x003c8550	s06_00267200	1	1	1	1	unique_masked_candidate	0x003c8550
aug6-retail-2671	24	0x0041e288	FUN_0041e288	52	0x003c8560	s06_00267200	1	1	1	1	unique_masked_candidate	0x003c8560
aug6-retail-2672	24	0x0041e2c0	FUN_0041e2c0	16	0x003c8598	s06_00267200	1	1	1	1	unique_masked_candidate	0x003c8598
aug6-retail-2673	24	0x0041e2d0	FUN_0041e2d0	40	0x003c85a8	s06_00267200	1	1	1	1	unique_masked_candidate	0x003c85a8
aug6-retail-2674	24	0x0041e2f8	FUN_0041e2f8	52	0x003c85d0	s06_00267200	1	1	1	1	unique_masked_candidate	0x003c85d0
aug6-retail-2675	24	0x0041f800	FUN_0041f800	20	0x003c98e8	s06_00267200	1	1	1	1	unique_masked_candidate	0x003c98e8
aug6-retail-2676	24	0x00423be0	FUN_00423be0	28	0x003cd948	s06_00267200	1	1	1	1	unique_masked_candidate	0x003cd948
aug6-retail-2677	24	0x004240c0	FUN_004240c0	32	0x003cde28	s06_00267200	0	2	0	2	ambiguous_candidate	0x003cde28,0x003cfdc8
aug6-retail-2678	24	0x00424188	FUN_00424188	208	0x003cdef0	s06_00267200	1	1	1	1	unique_masked_candidate	0x003cdef0
aug6-retail-2679	24	0x00424258	FUN_00424258	180	0x003cdfc0	s06_00267200	1	1	1	1	unique_masked_candidate	0x003cdfc0
aug6-retail-2680	24	0x00424310	FUN_00424310	16	0x003ce078	s06_00267200	1	1	1	1	unique_masked_candidate	0x003ce078
aug6-retail-2681	24	0x00424320	FUN_00424320	36	0x003ce088	s06_00267200	0	1	0	1	unique_masked_candidate	0x003ce088
aug6-retail-2682	24	0x00424db8	FUN_00424db8	24	0x003ceb30	s06_00267200	1	1	1	1	unique_masked_candidate	0x003ceb30
aug6-retail-2683	24	0x00424dd8	FUN_00424dd8	48	0x003ceb50	s06_00267200	1	1	1	1	unique_masked_candidate	0x003ceb50
aug6-retail-2684	24	0x00424e08	FUN_00424e08	68	0x003ceb80	s06_00267200	1	1	1	1	unique_masked_candidate	0x003ceb80
aug6-retail-2685	24	0x00424e50	FUN_00424e50	72	0x003cebc8	s06_00267200	1	1	1	1	unique_masked_candidate	0x003cebc8
aug6-retail-2686	24	0x00424e98	FUN_00424e98	36	0x003cec10	s06_00267200	1	1	1	1	unique_masked_candidate	0x003cec10
aug6-retail-2687	24	0x00424ec0	FUN_00424ec0	16	0x003cec38	s06_00267200	1	1	1	1	unique_masked_candidate	0x003cec38
aug6-retail-2688	24	0x00424f78	FUN_00424f78	68	0x003cecf0	s06_00267200	1	1	1	1	unique_masked_candidate	0x003cecf0
aug6-retail-2689	24	0x004250a0	FUN_004250a0	36	0x003cee18	s06_00267200	1	1	1	1	unique_masked_candidate	0x003cee18
aug6-retail-2690	24	0x00425b38	FUN_00425b38	340	0x003cf8b0	s06_00267200	1	1	1	1	unique_masked_candidate	0x003cf8b0
aug6-retail-2691	24	0x00426050	FUN_00426050	32	0x003cde28	s06_00267200	0	2	0	2	ambiguous_candidate	0x003cde28,0x003cfdc8
aug6-retail-2692	24	0x00426070	FUN_00426070	28	0x003cfde8	s06_00267200	0	3	0	3	ambiguous_candidate	0x003cfde8,0x003cfe08,0x003cfed8
aug6-retail-2693	24	0x00426090	FUN_00426090	28	0x003cfde8	s06_00267200	0	3	0	3	ambiguous_candidate	0x003cfde8,0x003cfe08,0x003cfed8
aug6-retail-2694	24	0x00426160	FUN_00426160	28	0x003cfde8	s06_00267200	0	3	0	3	ambiguous_candidate	0x003cfde8,0x003cfe08,0x003cfed8
aug6-retail-2695	24	0x00426610	FUN_00426610	88	0x003d0388	s06_00267200	1	1	1	1	unique_masked_candidate	0x003d0388
aug6-retail-2696	24	0x00426670	FUN_00426670	16	0x003d03e8	s06_00267200	1	1	1	1	unique_masked_candidate	0x003d03e8
aug6-retail-2697	24	0x00426680	FUN_00426680	20	0x003d03f8	s06_00267200	1	1	1	1	unique_masked_candidate	0x003d03f8
aug6-retail-2698	24	0x004267c8	FUN_004267c8	32	0x003d0540	s06_00267200	1	1	1	1	unique_masked_candidate	0x003d0540
aug6-retail-2699	25	0x002b7af0	FUN_002b7af0	56	0x00280f48	s06_00280880	1	1	1	1	unique_masked_candidate	0x00280f48
aug6-retail-2700	25	0x002c0ef8	FUN_002c0ef8	56	0x002a3e68	s06_00280880	0	1	0	1	unique_masked_candidate	0x002a3e68
aug6-retail-2701	25	0x002c10d8	FUN_002c10d8	56	0x002a4048	s06_00280880	0	1	0	1	unique_masked_candidate	0x002a4048
aug6-retail-2702	25	0x002c1110	FUN_002c1110	36	0x002a4080	s06_00280880	0	1	0	1	unique_masked_candidate	0x002a4080
aug6-retail-2703	25	0x002c11d0	FUN_002c11d0	20	0x002a4138	s06_00280880	1	1	1	1	unique_masked_candidate	0x002a4138
aug6-retail-2704	25	0x002c1cc0	FUN_002c1cc0	88	0x002a4ba8	s06_00280880	1	1	1	1	unique_masked_candidate	0x002a4ba8
aug6-retail-2705	25	0x002c2dc0	FUN_002c2dc0	44	0x00292610	s06_00280880	0	2	0	3	ambiguous_candidate	0x00292610,0x002a5d40
aug6-retail-2706	25	0x002c6448	FUN_002c6448	32	0x002a9000	s06_00280880	1	1	1	1	unique_masked_candidate	0x002a9000
aug6-retail-2707	25	0x002e6978	FUN_002e6978	28	0x002cab70	s06_00280880	0	1	0	1	unique_masked_candidate	0x002cab70
aug6-retail-2708	25	0x002e9920	FUN_002e9920	28	0x0028e3e0	s06_00280880	0	1	0	2	ambiguous_candidate	0x0028e3e0
aug6-retail-2709	25	0x002ea260	FUN_002ea260	92	0x00280fc0	s06_00280880	0	1	0	1	unique_masked_candidate	0x00280fc0
aug6-retail-2710	25	0x002eaa60	FUN_002eaa60	24	0x002817a8	s06_00280880	1	1	1	1	unique_masked_candidate	0x002817a8
aug6-retail-2711	25	0x002f0168	FUN_002f0168	5060	0x00286c20	s06_00280880	0	1	0	1	unique_masked_candidate	0x00286c20
aug6-retail-2712	25	0x002f1530	FUN_002f1530	160	0x00287fe8	s06_00280880	1	1	1	1	unique_masked_candidate	0x00287fe8
aug6-retail-2713	25	0x002f89b0	FUN_002f89b0	136	0x0028d828	s06_00280880	0	1	0	1	unique_masked_candidate	0x0028d828
aug6-retail-2714	25	0x002f8a38	FUN_002f8a38	28	0x0028d8b0	s06_00280880	0	13	0	15	ambiguous_candidate	0x0028d8b0,0x0029a660,0x002cf1e0,0x002f1670,0x002f9158,0x00337410,0x00389770,0x003d2060,0x003d2ea0,0x003e4b30,0x003e9ad0,0x003e9fc0,0x003e9fe0
aug6-retail-2715	25	0x002f9568	FUN_002f9568	28	0x0028e3e0	s06_00280880	0	1	0	2	ambiguous_candidate	0x0028e3e0
aug6-retail-2716	25	0x002fc400	FUN_002fc400	80	0x00290ea8	s06_00280880	1	1	1	1	unique_masked_candidate	0x00290ea8
aug6-retail-2717	25	0x002fd630	FUN_002fd630	56	0x002922f8	s06_00280880	1	1	1	1	unique_masked_candidate	0x002922f8
aug6-retail-2718	25	0x002fd950	FUN_002fd950	44	0x00292610	s06_00280880	0	2	0	3	ambiguous_candidate	0x00292610,0x002a5d40
aug6-retail-2719	25	0x002fdc48	FUN_002fdc48	376	0x00292908	s06_00280880	1	1	1	1	unique_masked_candidate	0x00292908
aug6-retail-2720	25	0x002fe4a4	FUN_002fe4a4	128	0x00293164	s06_00280880	0	1	0	1	unique_masked_candidate	0x00293164
aug6-retail-2721	25	0x002fff20	FUN_002fff20	36	0x00295048	s06_00280880	0	1	0	1	unique_masked_candidate	0x00295048
aug6-retail-2722	25	0x00300870	FUN_00300870	48	0x002959a8	s06_00280880	1	1	1	1	unique_masked_candidate	0x002959a8
aug6-retail-2723	25	0x003008a0	FUN_003008a0	48	0x002959d8	s06_00280880	1	1	1	1	unique_masked_candidate	0x002959d8
aug6-retail-2724	25	0x003008d0	FUN_003008d0	48	0x00295a08	s06_00280880	1	1	1	1	unique_masked_candidate	0x00295a08
aug6-retail-2725	25	0x00300940	FUN_00300940	16	0x00295a78	s06_00280880	1	1	1	1	unique_masked_candidate	0x00295a78
aug6-retail-2726	25	0x00300950	FUN_00300950	16	0x00295a88	s06_00280880	1	2	2	1	ambiguous_candidate	0x00295a88,0x002e7858
aug6-retail-2727	25	0x00300960	FUN_00300960	40	0x00295a98	s06_00280880	1	1	1	1	unique_masked_candidate	0x00295a98
aug6-retail-2728	25	0x00300988	FUN_00300988	40	0x00295ac0	s06_00280880	1	1	1	1	unique_masked_candidate	0x00295ac0
aug6-retail-2729	25	0x003009b0	FUN_003009b0	40	0x00295ae8	s06_00280880	1	1	1	1	unique_masked_candidate	0x00295ae8
aug6-retail-2730	25	0x003009d8	FUN_003009d8	160	0x00295b10	s06_00280880	1	1	1	1	unique_masked_candidate	0x00295b10
aug6-retail-2731	25	0x00300a78	FUN_00300a78	40	0x00295bb0	s06_00280880	1	1	1	1	unique_masked_candidate	0x00295bb0
aug6-retail-2732	25	0x00300aa0	FUN_00300aa0	48	0x00295bd8	s06_00280880	1	1	1	1	unique_masked_candidate	0x00295bd8
aug6-retail-2733	25	0x00300ad0	FUN_00300ad0	56	0x00295c08	s06_00280880	1	1	1	1	unique_masked_candidate	0x00295c08
aug6-retail-2734	25	0x00300b08	FUN_00300b08	40	0x00295c40	s06_00280880	1	1	1	1	unique_masked_candidate	0x00295c40
aug6-retail-2735	25	0x00300b38	FUN_00300b38	32	0x00295c70	s06_00280880	1	1	1	1	unique_masked_candidate	0x00295c70
aug6-retail-2736	25	0x00300b58	FUN_00300b58	24	0x00295c90	s06_00280880	1	1	1	1	unique_masked_candidate	0x00295c90
aug6-retail-2737	25	0x00300bb8	FUN_00300bb8	16	0x00295ce0	s06_00280880	1	1	1	1	unique_masked_candidate	0x00295ce0
aug6-retail-2738	25	0x00300bd8	FUN_00300bd8	16	0x00295cf8	s06_00280880	1	1	1	1	unique_masked_candidate	0x00295cf8
aug6-retail-2739	25	0x00300be8	FUN_00300be8	24	0x00295d08	s06_00280880	1	1	1	1	unique_masked_candidate	0x00295d08
aug6-retail-2740	25	0x00300c00	FUN_00300c00	24	0x00295d20	s06_00280880	1	1	1	1	unique_masked_candidate	0x00295d20
aug6-retail-2741	25	0x00300c18	FUN_00300c18	24	0x00295d38	s06_00280880	1	1	1	1	unique_masked_candidate	0x00295d38
aug6-retail-2742	25	0x00300c30	FUN_00300c30	24	0x00295d50	s06_00280880	1	1	1	1	unique_masked_candidate	0x00295d50
aug6-retail-2743	25	0x00300c48	FUN_00300c48	40	0x00295d68	s06_00280880	1	1	1	1	unique_masked_candidate	0x00295d68
aug6-retail-2744	25	0x00300c70	FUN_00300c70	24	0x00295d90	s06_00280880	1	1	1	1	unique_masked_candidate	0x00295d90
aug6-retail-2745	25	0x00300c88	FUN_00300c88	24	0x00295da8	s06_00280880	1	1	1	1	unique_masked_candidate	0x00295da8
aug6-retail-2746	25	0x00300ca0	FUN_00300ca0	24	0x00295dc0	s06_00280880	1	1	1	1	unique_masked_candidate	0x00295dc0
aug6-retail-2747	25	0x00300cb8	FUN_00300cb8	24	0x00295df0	s06_00280880	1	1	1	1	unique_masked_candidate	0x00295df0
aug6-retail-2748	25	0x00300cd0	FUN_00300cd0	32	0x00295e08	s06_00280880	1	1	1	1	unique_masked_candidate	0x00295e08
aug6-retail-2749	25	0x00300cf0	FUN_00300cf0	40	0x00295e28	s06_00280880	1	1	1	1	unique_masked_candidate	0x00295e28
aug6-retail-2750	25	0x00300d18	FUN_00300d18	24	0x00295e50	s06_00280880	1	1	1	1	unique_masked_candidate	0x00295e50
aug6-retail-2751	25	0x00300d30	FUN_00300d30	48	0x00295e68	s06_00280880	1	1	1	1	unique_masked_candidate	0x00295e68
aug6-retail-2752	25	0x00300d60	FUN_00300d60	40	0x00295e98	s06_00280880	1	1	1	1	unique_masked_candidate	0x00295e98
aug6-retail-2753	25	0x00300d88	FUN_00300d88	32	0x00295ec0	s06_00280880	1	1	1	1	unique_masked_candidate	0x00295ec0
aug6-retail-2754	25	0x00300da8	FUN_00300da8	56	0x00295ee0	s06_00280880	1	1	1	1	unique_masked_candidate	0x00295ee0
aug6-retail-2755	25	0x00300de0	FUN_00300de0	48	0x00295f18	s06_00280880	1	1	1	1	unique_masked_candidate	0x00295f18
aug6-retail-2756	25	0x00300e10	FUN_00300e10	40	0x00295f48	s06_00280880	1	1	1	1	unique_masked_candidate	0x00295f48
aug6-retail-2757	25	0x00300e38	FUN_00300e38	72	0x00295f70	s06_00280880	1	1	1	1	unique_masked_candidate	0x00295f70
aug6-retail-2758	25	0x00300ec8	FUN_00300ec8	80	0x00295fb8	s06_00280880	1	1	1	1	unique_masked_candidate	0x00295fb8
aug6-retail-2759	25	0x00300f18	FUN_00300f18	72	0x00296008	s06_00280880	1	1	1	1	unique_masked_candidate	0x00296008
aug6-retail-2760	25	0x00300f60	FUN_00300f60	112	0x00296050	s06_00280880	1	1	1	1	unique_masked_candidate	0x00296050
aug6-retail-2761	25	0x00300fd0	FUN_00300fd0	104	0x002960c0	s06_00280880	1	1	1	1	unique_masked_candidate	0x002960c0
aug6-retail-2762	25	0x00301038	FUN_00301038	112	0x00296128	s06_00280880	1	1	1	1	unique_masked_candidate	0x00296128
aug6-retail-2763	25	0x003010a8	FUN_003010a8	40	0x00296198	s06_00280880	1	1	1	1	unique_masked_candidate	0x00296198
aug6-retail-2764	25	0x003010d0	FUN_003010d0	48	0x002961c0	s06_00280880	1	1	1	1	unique_masked_candidate	0x002961c0
aug6-retail-2765	25	0x00301100	FUN_00301100	24	0x002961f0	s06_00280880	1	1	1	1	unique_masked_candidate	0x002961f0
aug6-retail-2766	25	0x00301118	FUN_00301118	40	0x00296208	s06_00280880	1	1	1	1	unique_masked_candidate	0x00296208
aug6-retail-2767	25	0x00301140	FUN_00301140	24	0x00296230	s06_00280880	1	1	1	1	unique_masked_candidate	0x00296230
aug6-retail-2768	25	0x00301158	FUN_00301158	72	0x00296248	s06_00280880	1	1	1	1	unique_masked_candidate	0x00296248
aug6-retail-2769	25	0x003011a8	FUN_003011a8	48	0x00296298	s06_00280880	1	1	1	1	unique_masked_candidate	0x00296298
aug6-retail-2770	25	0x003011d8	FUN_003011d8	24	0x002962c8	s06_00280880	1	1	1	1	unique_masked_candidate	0x002962c8
aug6-retail-2771	25	0x003011f0	FUN_003011f0	24	0x002962e0	s06_00280880	1	1	1	1	unique_masked_candidate	0x002962e0
aug6-retail-2772	25	0x003013b8	FUN_003013b8	40	0x002964a8	s06_00280880	1	1	1	1	unique_masked_candidate	0x002964a8
aug6-retail-2773	25	0x003013e0	FUN_003013e0	48	0x002964d0	s06_00280880	1	1	1	1	unique_masked_candidate	0x002964d0
aug6-retail-2774	25	0x00301410	FUN_00301410	56	0x00296500	s06_00280880	1	1	1	1	unique_masked_candidate	0x00296500
aug6-retail-2775	25	0x00301448	FUN_00301448	32	0x00296538	s06_00280880	1	1	1	1	unique_masked_candidate	0x00296538
aug6-retail-2776	25	0x00301468	FUN_00301468	32	0x00296558	s06_00280880	1	1	1	1	unique_masked_candidate	0x00296558
aug6-retail-2777	25	0x00301488	FUN_00301488	552	0x00296578	s06_00280880	0	1	0	1	unique_masked_candidate	0x00296578
aug6-retail-2778	25	0x003016b0	FUN_003016b0	32	0x002967a0	s06_00280880	1	1	1	1	unique_masked_candidate	0x002967a0
aug6-retail-2779	25	0x003016d0	FUN_003016d0	32	0x002967c0	s06_00280880	1	1	1	1	unique_masked_candidate	0x002967c0
aug6-retail-2780	25	0x003016f0	FUN_003016f0	80	0x002967e0	s06_00280880	1	1	1	1	unique_masked_candidate	0x002967e0
aug6-retail-2781	25	0x00301740	FUN_00301740	80	0x00296830	s06_00280880	1	1	1	1	unique_masked_candidate	0x00296830
aug6-retail-2782	25	0x00301790	FUN_00301790	80	0x00296880	s06_00280880	1	1	1	1	unique_masked_candidate	0x00296880
aug6-retail-2783	25	0x003017e0	FUN_003017e0	72	0x002968d0	s06_00280880	1	1	1	1	unique_masked_candidate	0x002968d0
aug6-retail-2784	25	0x00301828	FUN_00301828	64	0x00296918	s06_00280880	1	1	1	1	unique_masked_candidate	0x00296918
aug6-retail-2785	25	0x00301868	FUN_00301868	136	0x00296958	s06_00280880	1	1	1	1	unique_masked_candidate	0x00296958
aug6-retail-2786	25	0x003018f0	FUN_003018f0	192	0x002969e0	s06_00280880	0	1	0	1	unique_masked_candidate	0x002969e0
aug6-retail-2787	25	0x003019b0	FUN_003019b0	120	0x00296aa0	s06_00280880	1	1	1	1	unique_masked_candidate	0x00296aa0
aug6-retail-2788	25	0x00301a28	FUN_00301a28	136	0x00296b18	s06_00280880	1	1	1	1	unique_masked_candidate	0x00296b18
aug6-retail-2789	25	0x00301ab0	FUN_00301ab0	152	0x00296ba0	s06_00280880	1	1	1	1	unique_masked_candidate	0x00296ba0
aug6-retail-2790	25	0x00301b48	FUN_00301b48	88	0x00296c38	s06_00280880	1	1	1	1	unique_masked_candidate	0x00296c38
aug6-retail-2791	25	0x00301ba0	FUN_00301ba0	80	0x00296c90	s06_00280880	1	1	1	1	unique_masked_candidate	0x00296c90
aug6-retail-2792	25	0x00301bf0	FUN_00301bf0	72	0x00296ce0	s06_00280880	1	1	1	1	unique_masked_candidate	0x00296ce0
aug6-retail-2793	25	0x00301c38	FUN_00301c38	72	0x00296d28	s06_00280880	1	1	1	1	unique_masked_candidate	0x00296d28
aug6-retail-2794	25	0x00301cd8	FUN_00301cd8	56	0x00296de8	s06_00280880	1	1	1	1	unique_masked_candidate	0x00296de8
aug6-retail-2795	25	0x00301d10	FUN_00301d10	16	0x00296e20	s06_00280880	1	1	1	1	unique_masked_candidate	0x00296e20
aug6-retail-2796	25	0x00301d20	FUN_00301d20	24	0x00296e30	s06_00280880	1	1	1	1	unique_masked_candidate	0x00296e30
aug6-retail-2797	25	0x00301d38	FUN_00301d38	16	0x00296e48	s06_00280880	1	1	1	1	unique_masked_candidate	0x00296e48
aug6-retail-2798	25	0x00301d48	FUN_00301d48	16	0x00296e58	s06_00280880	1	1	1	1	unique_masked_candidate	0x00296e58
aug6-retail-2799	25	0x00301d58	FUN_00301d58	56	0x00296e68	s06_00280880	1	1	1	1	unique_masked_candidate	0x00296e68
aug6-retail-2800	25	0x00301d90	FUN_00301d90	72	0x00296ea0	s06_00280880	1	1	1	1	unique_masked_candidate	0x00296ea0
aug6-retail-2801	25	0x00301dd8	FUN_00301dd8	56	0x00296ee8	s06_00280880	1	1	1	1	unique_masked_candidate	0x00296ee8
aug6-retail-2802	25	0x00301f08	FUN_00301f08	60	0x00297018	s06_00280880	0	1	0	1	unique_masked_candidate	0x00297018
aug6-retail-2803	25	0x00301f48	FUN_00301f48	248	0x00297058	s06_00280880	0	1	0	1	unique_masked_candidate	0x00297058
aug6-retail-2804	25	0x00302040	FUN_00302040	184	0x00297150	s06_00280880	0	1	0	1	unique_masked_candidate	0x00297150
aug6-retail-2805	25	0x00306c78	FUN_00306c78	28	0x0028d8b0	s06_00280880	0	13	0	15	ambiguous_candidate	0x0028d8b0,0x0029a660,0x002cf1e0,0x002f1670,0x002f9158,0x00337410,0x00389770,0x003d2060,0x003d2ea0,0x003e4b30,0x003e9ad0,0x003e9fc0,0x003e9fe0
aug6-retail-2806	25	0x00309a60	FUN_00309a60	104	0x002cdc28	s06_00280880	1	1	1	1	unique_masked_candidate	0x002cdc28
aug6-retail-2807	25	0x00309c70	FUN_00309c70	252	0x002cde38	s06_00280880	1	1	1	1	unique_masked_candidate	0x002cde38
aug6-retail-2808	25	0x0030a078	FUN_0030a078	28	0x0028d8b0	s06_00280880	0	13	0	15	ambiguous_candidate	0x0028d8b0,0x0029a660,0x002cf1e0,0x002f1670,0x002f9158,0x00337410,0x00389770,0x003d2060,0x003d2ea0,0x003e4b30,0x003e9ad0,0x003e9fc0,0x003e9fe0
aug6-retail-2809	25	0x0030f098	FUN_0030f098	28	0x0028d8b0	s06_00280880	0	13	0	15	ambiguous_candidate	0x0028d8b0,0x0029a660,0x002cf1e0,0x002f1670,0x002f9158,0x00337410,0x00389770,0x003d2060,0x003d2ea0,0x003e4b30,0x003e9ad0,0x003e9fc0,0x003e9fe0
aug6-retail-2810	25	0x0030f0b8	FUN_0030f0b8	28	0x0028d8b0	s06_00280880	0	13	0	15	ambiguous_candidate	0x0028d8b0,0x0029a660,0x002cf1e0,0x002f1670,0x002f9158,0x00337410,0x00389770,0x003d2060,0x003d2ea0,0x003e4b30,0x003e9ad0,0x003e9fc0,0x003e9fe0
aug6-retail-2811	25	0x0030f0d8	FUN_0030f0d8	28	0x0028d8b0	s06_00280880	0	13	0	15	ambiguous_candidate	0x0028d8b0,0x0029a660,0x002cf1e0,0x002f1670,0x002f9158,0x00337410,0x00389770,0x003d2060,0x003d2ea0,0x003e4b30,0x003e9ad0,0x003e9fc0,0x003e9fe0
aug6-retail-2812	25	0x0030f0f8	FUN_0030f0f8	28	0x0028d8b0	s06_00280880	0	13	0	15	ambiguous_candidate	0x0028d8b0,0x0029a660,0x002cf1e0,0x002f1670,0x002f9158,0x00337410,0x00389770,0x003d2060,0x003d2ea0,0x003e4b30,0x003e9ad0,0x003e9fc0,0x003e9fe0
aug6-retail-2813	25	0x00311678	FUN_00311678	88	0x002d5358	s06_00280880	1	1	1	1	unique_masked_candidate	0x002d5358
aug6-retail-2814	25	0x003118d0	FUN_003118d0	60	0x002d55b0	s06_00280880	1	1	1	1	unique_masked_candidate	0x002d55b0
aug6-retail-2815	25	0x00318d78	FUN_00318d78	100	0x002dd020	s06_00280880	1	1	1	1	unique_masked_candidate	0x002dd020
aug6-retail-2816	25	0x0031a6e0	FUN_0031a6e0	280	0x002de508	s06_00280880	1	1	1	1	unique_masked_candidate	0x002de508
aug6-retail-2817	25	0x0031e618	FUN_0031e618	56	0x002e2150	s06_00280880	1	1	1	1	unique_masked_candidate	0x002e2150
aug6-retail-2818	25	0x003207e8	FUN_003207e8	32	0x002e3c18	s06_00280880	1	1	1	1	unique_masked_candidate	0x002e3c18
aug6-retail-2819	25	0x00320808	FUN_00320808	56	0x002e3c38	s06_00280880	0	1	0	1	unique_masked_candidate	0x002e3c38
aug6-retail-2820	25	0x00320840	FUN_00320840	160	0x002e3c70	s06_00280880	1	1	1	1	unique_masked_candidate	0x002e3c70
aug6-retail-2821	25	0x00320a60	FUN_00320a60	320	0x002e3e90	s06_00280880	1	1	1	1	unique_masked_candidate	0x002e3e90
aug6-retail-2822	25	0x00320ba0	FUN_00320ba0	312	0x002e3fd0	s06_00280880	1	1	1	1	unique_masked_candidate	0x002e3fd0
aug6-retail-2823	25	0x00320cd8	FUN_00320cd8	752	0x002e4108	s06_00280880	0	1	0	1	unique_masked_candidate	0x002e4108
aug6-retail-2824	25	0x00320fa8	FUN_00320fa8	32	0x002e43d8	s06_00280880	1	1	1	1	unique_masked_candidate	0x002e43d8
aug6-retail-2825	25	0x00320fc8	FUN_00320fc8	40	0x002e43f8	s06_00280880	0	1	0	1	unique_masked_candidate	0x002e43f8
aug6-retail-2826	25	0x00322fc0	FUN_00322fc0	116	0x002e5930	s06_00280880	1	1	1	1	unique_masked_candidate	0x002e5930
aug6-retail-2827	25	0x003237b8	FUN_003237b8	100	0x002e6128	s06_00280880	0	1	0	1	unique_masked_candidate	0x002e6128
aug6-retail-2828	25	0x00323970	FUN_00323970	120	0x002e62e0	s06_00280880	1	1	1	1	unique_masked_candidate	0x002e62e0
aug6-retail-2829	25	0x003239e8	FUN_003239e8	152	0x002e6358	s06_00280880	0	1	0	1	unique_masked_candidate	0x002e6358
aug6-retail-2830	25	0x00324290	FUN_00324290	40	0x002e6c00	s06_00280880	0	1	0	1	unique_masked_candidate	0x002e6c00
aug6-retail-2831	25	0x00324798	FUN_00324798	32	0x002e70e8	s06_00280880	1	1	1	1	unique_masked_candidate	0x002e70e8
aug6-retail-2832	25	0x003247b8	FUN_003247b8	48	0x002e7108	s06_00280880	1	1	1	1	unique_masked_candidate	0x002e7108
aug6-retail-2833	25	0x003247e8	FUN_003247e8	48	0x002e7138	s06_00280880	1	1	1	1	unique_masked_candidate	0x002e7138
aug6-retail-2834	25	0x003253c8	FUN_003253c8	72	0x002e7d68	s06_00280880	0	1	0	1	unique_masked_candidate	0x002e7d68
aug6-retail-2835	25	0x00325410	FUN_00325410	1544	0x002e7db0	s06_00280880	0	1	0	1	unique_masked_candidate	0x002e7db0
aug6-retail-2836	25	0x00325a18	FUN_00325a18	3348	0x002e83b8	s06_00280880	0	1	0	1	unique_masked_candidate	0x002e83b8
aug6-retail-2837	25	0x003273f0	FUN_003273f0	2136	0x002e9d90	s06_00280880	0	1	0	1	unique_masked_candidate	0x002e9d90
aug6-retail-2838	25	0x00329610	FUN_00329610	2688	0x002ebf88	s06_00280880	0	1	0	1	unique_masked_candidate	0x002ebf88
aug6-retail-2839	25	0x0032cd08	FUN_0032cd08	60	0x002ef520	s06_00280880	1	1	1	1	unique_masked_candidate	0x002ef520
aug6-retail-2840	25	0x0032cd50	FUN_0032cd50	28	0x002ef568	s06_00280880	1	1	1	1	unique_masked_candidate	0x002ef568
aug6-retail-2841	25	0x0032cd78	FUN_0032cd78	68	0x002ef590	s06_00280880	1	1	1	1	unique_masked_candidate	0x002ef590
aug6-retail-2842	25	0x0032ce70	FUN_0032ce70	92	0x002ef688	s06_00280880	0	1	0	1	unique_masked_candidate	0x002ef688
aug6-retail-2843	25	0x0032ced0	FUN_0032ced0	104	0x002ef6e8	s06_00280880	0	1	0	1	unique_masked_candidate	0x002ef6e8
aug6-retail-2844	25	0x0032cf38	FUN_0032cf38	68	0x002ef750	s06_00280880	0	1	0	1	unique_masked_candidate	0x002ef750
aug6-retail-2845	25	0x0032d0a0	FUN_0032d0a0	56	0x002ef8b8	s06_00280880	1	1	1	1	unique_masked_candidate	0x002ef8b8
aug6-retail-2846	25	0x0032d0d8	FUN_0032d0d8	288	0x002ef8f0	s06_00280880	1	6	6	6	ambiguous_candidate	0x002ef8f0,0x00355568,0x00370220,0x0037d0a0,0x0038dc98,0x003b6c58
aug6-retail-2847	25	0x0032d1f8	FUN_0032d1f8	148	0x002efa10	s06_00280880	0	1	0	1	unique_masked_candidate	0x002efa10
aug6-retail-2848	25	0x0032d290	FUN_0032d290	124	0x002efaa8	s06_00280880	0	1	0	1	unique_masked_candidate	0x002efaa8
aug6-retail-2849	25	0x0032dfe8	FUN_0032dfe8	56	0x002f0778	s06_00280880	1	1	1	1	unique_masked_candidate	0x002f0778
aug6-retail-2850	25	0x0032e248	FUN_0032e248	36	0x002f09d8	s06_00280880	0	1	0	1	unique_masked_candidate	0x002f09d8
aug6-retail-2851	25	0x0032e318	FUN_0032e318	204	0x002f0a08	s06_00280880	1	1	1	1	unique_masked_candidate	0x002f0a08
aug6-retail-2852	25	0x0032e4b0	FUN_0032e4b0	36	0x002f0ba0	s06_00280880	1	1	1	1	unique_masked_candidate	0x002f0ba0
aug6-retail-2853	25	0x0032e4d8	FUN_0032e4d8	44	0x002f0bc8	s06_00280880	0	1	0	1	unique_masked_candidate	0x002f0bc8
aug6-retail-2854	25	0x0032e508	FUN_0032e508	36	0x002f0bf8	s06_00280880	1	1	1	1	unique_masked_candidate	0x002f0bf8
aug6-retail-2855	25	0x0032eee0	FUN_0032eee0	28	0x0028d8b0	s06_00280880	0	13	0	15	ambiguous_candidate	0x0028d8b0,0x0029a660,0x002cf1e0,0x002f1670,0x002f9158,0x00337410,0x00389770,0x003d2060,0x003d2ea0,0x003e4b30,0x003e9ad0,0x003e9fc0,0x003e9fe0
aug6-retail-2856	25	0x0032ef00	FUN_0032ef00	28	0x0028d8b0	s06_00280880	0	13	0	15	ambiguous_candidate	0x0028d8b0,0x0029a660,0x002cf1e0,0x002f1670,0x002f9158,0x00337410,0x00389770,0x003d2060,0x003d2ea0,0x003e4b30,0x003e9ad0,0x003e9fc0,0x003e9fe0
aug6-retail-2857	25	0x0032fa20	FUN_0032fa20	16	0x002f20a8	s06_00280880	1	1	1	1	unique_masked_candidate	0x002f20a8
aug6-retail-2858	25	0x0032fac8	FUN_0032fac8	68	0x002f2150	s06_00280880	0	1	0	1	unique_masked_candidate	0x002f2150
aug6-retail-2859	25	0x0032fc60	FUN_0032fc60	84	0x002f22e8	s06_00280880	0	1	0	1	unique_masked_candidate	0x002f22e8
aug6-retail-2860	25	0x0032fcb8	FUN_0032fcb8	92	0x002f2340	s06_00280880	0	1	0	1	unique_masked_candidate	0x002f2340
aug6-retail-2861	25	0x00330640	FUN_00330640	92	0x002f2c80	s06_00280880	1	1	1	1	unique_masked_candidate	0x002f2c80
aug6-retail-2862	25	0x003308f0	FUN_003308f0	48	0x002f2f30	s06_00280880	1	1	1	1	unique_masked_candidate	0x002f2f30
aug6-retail-2863	25	0x00330920	FUN_00330920	48	0x002f2f60	s06_00280880	1	1	1	1	unique_masked_candidate	0x002f2f60
aug6-retail-2864	25	0x003311f0	FUN_003311f0	88	0x002f3868	s06_00280880	0	1	0	1	unique_masked_candidate	0x002f3868
aug6-retail-2865	25	0x003312d8	FUN_003312d8	16	0x002f3950	s06_00280880	1	1	1	1	unique_masked_candidate	0x002f3950
aug6-retail-2866	25	0x00332ac8	FUN_00332ac8	48	0x002f5280	s06_00280880	1	1	1	1	unique_masked_candidate	0x002f5280
aug6-retail-2867	25	0x003342a0	FUN_003342a0	40	0x002f6a38	s06_00280880	1	1	1	1	unique_masked_candidate	0x002f6a38
aug6-retail-2868	25	0x00334768	FUN_00334768	44	0x002f6f00	s06_00280880	0	1	0	1	unique_masked_candidate	0x002f6f00
aug6-retail-2869	25	0x00336500	FUN_00336500	40	0x002f8a58	s06_00280880	0	1	0	1	unique_masked_candidate	0x002f8a58
aug6-retail-2870	25	0x00336678	FUN_00336678	28	0x002f8bd0	s06_00280880	0	2	0	4	ambiguous_candidate	0x002f8bd0,0x002f8cb0
aug6-retail-2871	25	0x003366d0	FUN_003366d0	28	0x002f8bd0	s06_00280880	0	2	0	4	ambiguous_candidate	0x002f8bd0,0x002f8cb0
aug6-retail-2872	25	0x00336770	FUN_00336770	28	0x002f8bd0	s06_00280880	0	2	0	4	ambiguous_candidate	0x002f8bd0,0x002f8cb0
aug6-retail-2873	25	0x00336f38	FUN_00336f38	28	0x0028d8b0	s06_00280880	0	13	0	15	ambiguous_candidate	0x0028d8b0,0x0029a660,0x002cf1e0,0x002f1670,0x002f9158,0x00337410,0x00389770,0x003d2060,0x003d2ea0,0x003e4b30,0x003e9ad0,0x003e9fc0,0x003e9fe0
aug6-retail-2874	25	0x00338160	FUN_00338160	40	0x002fa080	s06_00280880	1	1	1	1	unique_masked_candidate	0x002fa080
aug6-retail-2875	25	0x00338190	FUN_00338190	32	0x002fa0b0	s06_00280880	1	1	1	1	unique_masked_candidate	0x002fa0b0
aug6-retail-2876	25	0x0033bc78	FUN_0033bc78	100	0x002fcff8	s06_00280880	1	1	1	1	unique_masked_candidate	0x002fcff8
aug6-retail-2877	25	0x0033d438	FUN_0033d438	152	0x002fe780	s06_00280880	1	1	1	1	unique_masked_candidate	0x002fe780
aug6-retail-2878	25	0x00348380	FUN_00348380	96	0x0030a108	s06_00280880	0	1	0	1	unique_masked_candidate	0x0030a108
aug6-retail-2879	25	0x00348708	FUN_00348708	60	0x0030a490	s06_00280880	0	1	0	1	unique_masked_candidate	0x0030a490
aug6-retail-2880	25	0x0034dff8	FUN_0034dff8	100	0x0030ea80	s06_00280880	1	1	1	1	unique_masked_candidate	0x0030ea80
aug6-retail-2881	25	0x0034f490	FUN_0034f490	60	0x0030fe98	s06_00280880	1	1	1	1	unique_masked_candidate	0x0030fe98
aug6-retail-2882	25	0x0034f4d0	FUN_0034f4d0	60	0x0030fed8	s06_00280880	1	1	1	1	unique_masked_candidate	0x0030fed8
aug6-retail-2883	25	0x00350ee0	FUN_00350ee0	36	0x003118b0	s06_00280880	1	1	1	1	unique_masked_candidate	0x003118b0
aug6-retail-2884	25	0x00352c18	FUN_00352c18	48	0x003136e8	s06_00280880	0	12	0	20	ambiguous_candidate	0x003136e8,0x00313918,0x003139e8,0x00313ae0,0x00313c38,0x00313d08,0x00313dc0,0x00313e78,0x00313f30,0x003141e0,0x00314298,0x003143d8
aug6-retail-2885	25	0x00353018	FUN_00353018	48	0x003136e8	s06_00280880	0	12	0	20	ambiguous_candidate	0x003136e8,0x00313918,0x003139e8,0x00313ae0,0x00313c38,0x00313d08,0x00313dc0,0x00313e78,0x00313f30,0x003141e0,0x00314298,0x003143d8
aug6-retail-2886	25	0x003530e8	FUN_003530e8	48	0x003136e8	s06_00280880	0	12	0	20	ambiguous_candidate	0x003136e8,0x00313918,0x003139e8,0x00313ae0,0x00313c38,0x00313d08,0x00313dc0,0x00313e78,0x00313f30,0x003141e0,0x00314298,0x003143d8
aug6-retail-2887	25	0x003532b8	FUN_003532b8	48	0x003136e8	s06_00280880	0	12	0	20	ambiguous_candidate	0x003136e8,0x00313918,0x003139e8,0x00313ae0,0x00313c38,0x00313d08,0x00313dc0,0x00313e78,0x00313f30,0x003141e0,0x00314298,0x003143d8
aug6-retail-2888	25	0x003585f8	FUN_003585f8	48	0x003136e8	s06_00280880	0	12	0	20	ambiguous_candidate	0x003136e8,0x00313918,0x003139e8,0x00313ae0,0x00313c38,0x00313d08,0x00313dc0,0x00313e78,0x00313f30,0x003141e0,0x00314298,0x003143d8
aug6-retail-2889	25	0x003586b0	FUN_003586b0	48	0x003136e8	s06_00280880	0	12	0	20	ambiguous_candidate	0x003136e8,0x00313918,0x003139e8,0x00313ae0,0x00313c38,0x00313d08,0x00313dc0,0x00313e78,0x00313f30,0x003141e0,0x00314298,0x003143d8
aug6-retail-2890	25	0x00358820	FUN_00358820	48	0x003136e8	s06_00280880	0	12	0	20	ambiguous_candidate	0x003136e8,0x00313918,0x003139e8,0x00313ae0,0x00313c38,0x00313d08,0x00313dc0,0x00313e78,0x00313f30,0x003141e0,0x00314298,0x003143d8
aug6-retail-2891	25	0x003588d8	FUN_003588d8	48	0x003136e8	s06_00280880	0	12	0	20	ambiguous_candidate	0x003136e8,0x00313918,0x003139e8,0x00313ae0,0x00313c38,0x00313d08,0x00313dc0,0x00313e78,0x00313f30,0x003141e0,0x00314298,0x003143d8
aug6-retail-2892	25	0x00358990	FUN_00358990	48	0x003136e8	s06_00280880	0	12	0	20	ambiguous_candidate	0x003136e8,0x00313918,0x003139e8,0x00313ae0,0x00313c38,0x00313d08,0x00313dc0,0x00313e78,0x00313f30,0x003141e0,0x00314298,0x003143d8
aug6-retail-2893	25	0x00358a48	FUN_00358a48	48	0x003136e8	s06_00280880	0	12	0	20	ambiguous_candidate	0x003136e8,0x00313918,0x003139e8,0x00313ae0,0x00313c38,0x00313d08,0x00313dc0,0x00313e78,0x00313f30,0x003141e0,0x00314298,0x003143d8
aug6-retail-2894	25	0x00358b00	FUN_00358b00	48	0x003136e8	s06_00280880	0	12	0	20	ambiguous_candidate	0x003136e8,0x00313918,0x003139e8,0x00313ae0,0x00313c38,0x00313d08,0x00313dc0,0x00313e78,0x00313f30,0x003141e0,0x00314298,0x003143d8
aug6-retail-2895	25	0x00358bd0	FUN_00358bd0	48	0x003136e8	s06_00280880	0	12	0	20	ambiguous_candidate	0x003136e8,0x00313918,0x003139e8,0x00313ae0,0x00313c38,0x00313d08,0x00313dc0,0x00313e78,0x00313f30,0x003141e0,0x00314298,0x003143d8
aug6-retail-2896	25	0x00358c88	FUN_00358c88	48	0x003136e8	s06_00280880	0	12	0	20	ambiguous_candidate	0x003136e8,0x00313918,0x003139e8,0x00313ae0,0x00313c38,0x00313d08,0x00313dc0,0x00313e78,0x00313f30,0x003141e0,0x00314298,0x003143d8
aug6-retail-2897	25	0x00358d88	FUN_00358d88	48	0x003136e8	s06_00280880	0	12	0	20	ambiguous_candidate	0x003136e8,0x00313918,0x003139e8,0x00313ae0,0x00313c38,0x00313d08,0x00313dc0,0x00313e78,0x00313f30,0x003141e0,0x00314298,0x003143d8
aug6-retail-2898	25	0x00358e80	FUN_00358e80	48	0x003136e8	s06_00280880	0	12	0	20	ambiguous_candidate	0x003136e8,0x00313918,0x003139e8,0x00313ae0,0x00313c38,0x00313d08,0x00313dc0,0x00313e78,0x00313f30,0x003141e0,0x00314298,0x003143d8
aug6-retail-2899	25	0x0035af38	FUN_0035af38	48	0x003136e8	s06_00280880	0	12	0	20	ambiguous_candidate	0x003136e8,0x00313918,0x003139e8,0x00313ae0,0x00313c38,0x00313d08,0x00313dc0,0x00313e78,0x00313f30,0x003141e0,0x00314298,0x003143d8
aug6-retail-2900	25	0x0035b110	FUN_0035b110	48	0x003136e8	s06_00280880	0	12	0	20	ambiguous_candidate	0x003136e8,0x00313918,0x003139e8,0x00313ae0,0x00313c38,0x00313d08,0x00313dc0,0x00313e78,0x00313f30,0x003141e0,0x00314298,0x003143d8
aug6-retail-2901	25	0x0035b268	FUN_0035b268	48	0x003136e8	s06_00280880	0	12	0	20	ambiguous_candidate	0x003136e8,0x00313918,0x003139e8,0x00313ae0,0x00313c38,0x00313d08,0x00313dc0,0x00313e78,0x00313f30,0x003141e0,0x00314298,0x003143d8
aug6-retail-2902	25	0x0035b318	FUN_0035b318	48	0x003136e8	s06_00280880	0	12	0	20	ambiguous_candidate	0x003136e8,0x00313918,0x003139e8,0x00313ae0,0x00313c38,0x00313d08,0x00313dc0,0x00313e78,0x00313f30,0x003141e0,0x00314298,0x003143d8
aug6-retail-2903	25	0x0035b500	FUN_0035b500	48	0x003136e8	s06_00280880	0	12	0	20	ambiguous_candidate	0x003136e8,0x00313918,0x003139e8,0x00313ae0,0x00313c38,0x00313d08,0x00313dc0,0x00313e78,0x00313f30,0x003141e0,0x00314298,0x003143d8
aug6-retail-2904	25	0x0035b830	FUN_0035b830	56	0x00314668	s06_00280880	0	1	0	1	unique_masked_candidate	0x00314668
aug6-retail-2905	25	0x0035b868	FUN_0035b868	36	0x003146a0	s06_00280880	0	1	0	1	unique_masked_candidate	0x003146a0
aug6-retail-2906	25	0x0035b890	FUN_0035b890	40	0x003146c8	s06_00280880	0	1	0	1	unique_masked_candidate	0x003146c8
aug6-retail-2907	25	0x0035d4d8	FUN_0035d4d8	32	0x00316110	s06_00280880	0	1	0	1	unique_masked_candidate	0x00316110
aug6-retail-2908	25	0x003614c8	FUN_003614c8	56	0x003193d0	s06_00280880	0	1	0	1	unique_masked_candidate	0x003193d0
aug6-retail-2909	25	0x00364208	FUN_00364208	64	0x0031c188	s06_00280880	1	1	1	1	unique_masked_candidate	0x0031c188
aug6-retail-2910	25	0x00373cb8	FUN_00373cb8	36	0x003297a8	s06_00280880	1	1	1	1	unique_masked_candidate	0x003297a8
aug6-retail-2911	25	0x00374f08	FUN_00374f08	40	0x0032a150	s06_00280880	0	1	0	1	unique_masked_candidate	0x0032a150
aug6-retail-2912	25	0x00375a38	FUN_00375a38	40	0x0032aa48	s06_00280880	0	1	0	1	unique_masked_candidate	0x0032aa48
aug6-retail-2913	25	0x00375a60	FUN_00375a60	68	0x0032aa70	s06_00280880	0	1	0	1	unique_masked_candidate	0x0032aa70
aug6-retail-2914	25	0x00376c58	FUN_00376c58	40	0x0032bad8	s06_00280880	0	1	0	1	unique_masked_candidate	0x0032bad8
aug6-retail-2915	25	0x00376d60	FUN_00376d60	40	0x0032bbe0	s06_00280880	0	1	0	1	unique_masked_candidate	0x0032bbe0
aug6-retail-2916	25	0x00377688	FUN_00377688	104	0x00352fd0	s06_00280880	1	4	4	3	ambiguous_candidate	0x00352fd0,0x0038f098,0x003d2080,0x003d2ec0
aug6-retail-2917	25	0x003790c8	FUN_003790c8	364	0x0032d548	s06_00280880	0	1	0	1	unique_masked_candidate	0x0032d548
aug6-retail-2918	25	0x0037b028	FUN_0037b028	40	0x0032f498	s06_00280880	1	3	3	3	ambiguous_candidate	0x0032f498,0x00330044,0x0033090c
aug6-retail-2919	25	0x0037bbac	FUN_0037bbac	40	0x0033001c	s06_00280880	1	3	3	3	ambiguous_candidate	0x0033001c,0x003308e4,0x003325b0
aug6-retail-2920	25	0x0037bbd4	FUN_0037bbd4	40	0x0032f498	s06_00280880	1	3	3	3	ambiguous_candidate	0x0032f498,0x00330044,0x0033090c
aug6-retail-2921	25	0x0037c474	FUN_0037c474	40	0x0033001c	s06_00280880	1	3	3	3	ambiguous_candidate	0x0033001c,0x003308e4,0x003325b0
aug6-retail-2922	25	0x0037c49c	FUN_0037c49c	40	0x0032f498	s06_00280880	1	3	3	3	ambiguous_candidate	0x0032f498,0x00330044,0x0033090c
aug6-retail-2923	25	0x0037cec0	FUN_0037cec0	40	0x00331330	s06_00280880	1	1	1	1	unique_masked_candidate	0x00331330
aug6-retail-2924	25	0x0037cee8	FUN_0037cee8	288	0x00331358	s06_00280880	0	1	0	1	unique_masked_candidate	0x00331358
aug6-retail-2925	25	0x0037d008	FUN_0037d008	56	0x00331478	s06_00280880	1	1	1	1	unique_masked_candidate	0x00331478
aug6-retail-2926	25	0x0037e140	FUN_0037e140	40	0x0033001c	s06_00280880	1	3	3	3	ambiguous_candidate	0x0033001c,0x003308e4,0x003325b0
aug6-retail-2927	25	0x00383c10	FUN_00383c10	28	0x0028d8b0	s06_00280880	0	13	0	15	ambiguous_candidate	0x0028d8b0,0x0029a660,0x002cf1e0,0x002f1670,0x002f9158,0x00337410,0x00389770,0x003d2060,0x003d2ea0,0x003e4b30,0x003e9ad0,0x003e9fc0,0x003e9fe0
aug6-retail-2928	25	0x0038d658	FUN_0038d658	44	0x00292610	s06_00280880	0	2	0	3	ambiguous_candidate	0x00292610,0x002a5d40
aug6-retail-2929	25	0x00391018	FUN_00391018	48	0x00342b10	s06_00280880	0	1	0	1	unique_masked_candidate	0x00342b10
aug6-retail-2930	25	0x00392858	FUN_00392858	136	0x0037d018	s06_00280880	1	10	10	11	ambiguous_candidate	0x0037d018,0x003832a0,0x00385e50,0x0038bee8,0x00395cc0,0x00397110,0x003b6bd0,0x003b9f98,0x003c43a8,0x003d0e60
aug6-retail-2931	25	0x003975e8	FUN_003975e8	144	0x0036df50	s06_00280880	1	4	4	2	ambiguous_candidate	0x0036df50,0x00378c18,0x0037b870,0x003d40a0
aug6-retail-2932	25	0x00399c70	FUN_00399c70	144	0x0036df50	s06_00280880	1	4	4	2	ambiguous_candidate	0x0036df50,0x00378c18,0x0037b870,0x003d40a0
aug6-retail-2933	25	0x003abbe8	FUN_003abbe8	16	0x003ce2a8	s06_00280880	1	1	1	1	unique_masked_candidate	0x003ce2a8
aug6-retail-2934	25	0x003acce8	UpdateMoby_775	76	0x0034f470	s06_00280880	0	1	0	1	unique_masked_candidate	0x0034f470
aug6-retail-2935	25	0x003acee0	FUN_003acee0	16	0x0034f660	s06_00280880	1	1	1	1	unique_masked_candidate	0x0034f660
aug6-retail-2936	25	0x003b0040	FUN_003b0040	288	0x002ef8f0	s06_00280880	1	6	6	6	ambiguous_candidate	0x002ef8f0,0x00355568,0x00370220,0x0037d0a0,0x0038dc98,0x003b6c58
aug6-retail-2937	25	0x003b0b50	FUN_003b0b50	144	0x00356830	s06_00280880	1	2	2	2	ambiguous_candidate	0x00356830,0x0038e890
aug6-retail-2938	25	0x003bfa30	FUN_003bfa30	44	0x003cff48	s06_00280880	1	1	1	1	unique_masked_candidate	0x003cff48
aug6-retail-2939	25	0x003c0928	FUN_003c0928	136	0x0037d018	s06_00280880	1	10	10	11	ambiguous_candidate	0x0037d018,0x003832a0,0x00385e50,0x0038bee8,0x00395cc0,0x00397110,0x003b6bd0,0x003b9f98,0x003c43a8,0x003d0e60
aug6-retail-2940	25	0x003c7c20	UpdateMoby_2384	28	0x00369f18	s06_00280880	0	1	0	1	unique_masked_candidate	0x00369f18
aug6-retail-2941	25	0x003c88c8	FUN_003c88c8	28	0x0036ad20	s06_00280880	1	1	1	1	unique_masked_candidate	0x0036ad20
aug6-retail-2942	25	0x003cd818	FUN_003cd818	136	0x0037d018	s06_00280880	1	10	10	11	ambiguous_candidate	0x0037d018,0x003832a0,0x00385e50,0x0038bee8,0x00395cc0,0x00397110,0x003b6bd0,0x003b9f98,0x003c43a8,0x003d0e60
aug6-retail-2943	25	0x003cd8a0	FUN_003cd8a0	288	0x002ef8f0	s06_00280880	1	6	6	6	ambiguous_candidate	0x002ef8f0,0x00355568,0x00370220,0x0037d0a0,0x0038dc98,0x003b6c58
aug6-retail-2944	25	0x003cf750	FUN_003cf750	40	0x00374ca0	s06_00280880	1	1	1	1	unique_masked_candidate	0x00374ca0
aug6-retail-2945	25	0x003d7c30	FUN_003d7c30	136	0x0037d018	s06_00280880	1	10	10	11	ambiguous_candidate	0x0037d018,0x003832a0,0x00385e50,0x0038bee8,0x00395cc0,0x00397110,0x003b6bd0,0x003b9f98,0x003c43a8,0x003d0e60
aug6-retail-2946	25	0x003d7cb8	FUN_003d7cb8	288	0x002ef8f0	s06_00280880	1	6	6	6	ambiguous_candidate	0x002ef8f0,0x00355568,0x00370220,0x0037d0a0,0x0038dc98,0x003b6c58
aug6-retail-2947	25	0x003dead8	FUN_003dead8	136	0x0037d018	s06_00280880	1	10	10	11	ambiguous_candidate	0x0037d018,0x003832a0,0x00385e50,0x0038bee8,0x00395cc0,0x00397110,0x003b6bd0,0x003b9f98,0x003c43a8,0x003d0e60
aug6-retail-2948	25	0x003e2080	FUN_003e2080	136	0x0037d018	s06_00280880	1	10	10	11	ambiguous_candidate	0x0037d018,0x003832a0,0x00385e50,0x0038bee8,0x00395cc0,0x00397110,0x003b6bd0,0x003b9f98,0x003c43a8,0x003d0e60
aug6-retail-2949	25	0x003e5ce0	UpdateMoby_3077	28	0x0028d8b0	s06_00280880	0	13	0	15	ambiguous_candidate	0x0028d8b0,0x0029a660,0x002cf1e0,0x002f1670,0x002f9158,0x00337410,0x00389770,0x003d2060,0x003d2ea0,0x003e4b30,0x003e9ad0,0x003e9fc0,0x003e9fe0
aug6-retail-2950	25	0x003e8360	FUN_003e8360	136	0x0037d018	s06_00280880	1	10	10	11	ambiguous_candidate	0x0037d018,0x003832a0,0x00385e50,0x0038bee8,0x00395cc0,0x00397110,0x003b6bd0,0x003b9f98,0x003c43a8,0x003d0e60
aug6-retail-2951	25	0x003ea3b0	FUN_003ea3b0	288	0x002ef8f0	s06_00280880	1	6	6	6	ambiguous_candidate	0x002ef8f0,0x00355568,0x00370220,0x0037d0a0,0x0038dc98,0x003b6c58
aug6-retail-2952	25	0x003eaec0	FUN_003eaec0	144	0x00356830	s06_00280880	1	2	2	2	ambiguous_candidate	0x00356830,0x0038e890
aug6-retail-2953	25	0x003eb598	FUN_003eb598	104	0x00352fd0	s06_00280880	1	4	4	3	ambiguous_candidate	0x00352fd0,0x0038f098,0x003d2080,0x003d2ec0
aug6-retail-2954	25	0x003f0ec8	FUN_003f0ec8	136	0x0037d018	s06_00280880	1	10	10	11	ambiguous_candidate	0x0037d018,0x003832a0,0x00385e50,0x0038bee8,0x00395cc0,0x00397110,0x003b6bd0,0x003b9f98,0x003c43a8,0x003d0e60
aug6-retail-2955	25	0x003f2270	FUN_003f2270	136	0x0037d018	s06_00280880	1	10	10	11	ambiguous_candidate	0x0037d018,0x003832a0,0x00385e50,0x0038bee8,0x00395cc0,0x00397110,0x003b6bd0,0x003b9f98,0x003c43a8,0x003d0e60
aug6-retail-2956	25	0x004147e8	FUN_004147e8	116	0x003b52e0	s06_00280880	0	1	0	1	unique_masked_candidate	0x003b52e0
aug6-retail-2957	25	0x00416148	FUN_00416148	136	0x0037d018	s06_00280880	1	10	10	11	ambiguous_candidate	0x0037d018,0x003832a0,0x00385e50,0x0038bee8,0x00395cc0,0x00397110,0x003b6bd0,0x003b9f98,0x003c43a8,0x003d0e60
aug6-retail-2958	25	0x004161d0	FUN_004161d0	288	0x002ef8f0	s06_00280880	1	6	6	6	ambiguous_candidate	0x002ef8f0,0x00355568,0x00370220,0x0037d0a0,0x0038dc98,0x003b6c58
aug6-retail-2959	25	0x00421e00	FUN_00421e00	136	0x0037d018	s06_00280880	1	10	10	11	ambiguous_candidate	0x0037d018,0x003832a0,0x00385e50,0x0038bee8,0x00395cc0,0x00397110,0x003b6bd0,0x003b9f98,0x003c43a8,0x003d0e60
aug6-retail-2960	25	0x00423300	FUN_00423300	68	0x003b5430	s06_00280880	1	1	1	1	unique_masked_candidate	0x003b5430
aug6-retail-2961	25	0x004245a8	FUN_004245a8	104	0x00352fd0	s06_00280880	1	4	4	3	ambiguous_candidate	0x00352fd0,0x0038f098,0x003d2080,0x003d2ec0
aug6-retail-2962	25	0x00424610	FUN_00424610	112	0x00353038	s06_00280880	1	1	1	1	unique_masked_candidate	0x00353038
aug6-retail-2963	25	0x00429b50	FUN_00429b50	44	0x003dd490	s06_00280880	0	1	0	1	unique_masked_candidate	0x003dd490
aug6-retail-2964	25	0x0042d260	FUN_0042d260	16	0x003e0698	s06_00280880	1	1	1	1	unique_masked_candidate	0x003e0698
aug6-retail-2965	25	0x00431c10	UpdateCamera_6	28	0x0028d8b0	s06_00280880	0	13	0	15	ambiguous_candidate	0x0028d8b0,0x0029a660,0x002cf1e0,0x002f1670,0x002f9158,0x00337410,0x00389770,0x003d2060,0x003d2ea0,0x003e4b30,0x003e9ad0,0x003e9fc0,0x003e9fe0
aug6-retail-2966	25	0x004377f8	FUN_004377f8	28	0x0028d8b0	s06_00280880	0	13	0	15	ambiguous_candidate	0x0028d8b0,0x0029a660,0x002cf1e0,0x002f1670,0x002f9158,0x00337410,0x00389770,0x003d2060,0x003d2ea0,0x003e4b30,0x003e9ad0,0x003e9fc0,0x003e9fe0
aug6-retail-2967	25	0x00437d08	FUN_00437d08	28	0x0028d8b0	s06_00280880	0	13	0	15	ambiguous_candidate	0x0028d8b0,0x0029a660,0x002cf1e0,0x002f1670,0x002f9158,0x00337410,0x00389770,0x003d2060,0x003d2ea0,0x003e4b30,0x003e9ad0,0x003e9fc0,0x003e9fe0
aug6-retail-2968	25	0x00437de0	FUN_00437de0	36	0x003ea0b8	s06_00280880	1	1	1	1	unique_masked_candidate	0x003ea0b8
aug6-retail-2969	25	0x00437e10	FUN_00437e10	32	0x003ea0e8	s06_00280880	1	1	1	1	unique_masked_candidate	0x003ea0e8
aug6-retail-2970	25	0x00437e30	FUN_00437e30	40	0x003ea108	s06_00280880	1	1	1	1	unique_masked_candidate	0x003ea108
aug6-retail-2971	25	0x00437f30	FUN_00437f30	36	0x003ea208	s06_00280880	1	1	1	1	unique_masked_candidate	0x003ea208
aug6-retail-2972	25	0x00438440	FUN_00438440	20	0x003ea718	s06_00280880	1	1	1	1	unique_masked_candidate	0x003ea718
aug6-retail-2973	25	0x00438458	FUN_00438458	20	0x003ea730	s06_00280880	1	1	1	1	unique_masked_candidate	0x003ea730
aug6-retail-2974	25	0x00438470	FUN_00438470	60	0x003ea748	s06_00280880	1	1	1	1	unique_masked_candidate	0x003ea748
aug6-retail-2975	25	0x004384b0	FUN_004384b0	60	0x003ea788	s06_00280880	1	1	1	1	unique_masked_candidate	0x003ea788
aug6-retail-2976	25	0x004388c8	FUN_004388c8	44	0x003eab70	s06_00280880	1	1	1	1	unique_masked_candidate	0x003eab70
aug6-retail-2977	25	0x004388f8	FUN_004388f8	24	0x003eaba0	s06_00280880	1	1	1	1	unique_masked_candidate	0x003eaba0
aug6-retail-2978	25	0x004389e8	FUN_004389e8	44	0x003eac90	s06_00280880	0	1	0	1	unique_masked_candidate	0x003eac90
aug6-retail-2979	25	0x00438b40	FUN_00438b40	296	0x003eade8	s06_00280880	1	1	1	1	unique_masked_candidate	0x003eade8
aug6-retail-2980	25	0x00438c70	FUN_00438c70	24	0x003eaf18	s06_00280880	1	1	1	1	unique_masked_candidate	0x003eaf18
aug6-retail-2981	25	0x00438cf8	FUN_00438cf8	80	0x003eafa0	s06_00280880	1	1	1	1	unique_masked_candidate	0x003eafa0
aug6-retail-2982	25	0x00438e78	FUN_00438e78	28	0x003eb120	s06_00280880	1	1	1	1	unique_masked_candidate	0x003eb120
aug6-retail-2983	25	0x0043b720	FUN_0043b720	28	0x003ef558	s06_00280880	0	1	0	2	ambiguous_candidate	0x003ef558
aug6-retail-2984	25	0x0043c980	FUN_0043c980	16	0x003ee0a8	s06_00280880	1	1	1	1	unique_masked_candidate	0x003ee0a8
aug6-retail-2985	25	0x0043c990	FUN_0043c990	24	0x003ee0b8	s06_00280880	1	1	1	1	unique_masked_candidate	0x003ee0b8
aug6-retail-2986	25	0x0043cfc8	FUN_0043cfc8	20	0x003ee548	s06_00280880	1	2	2	2	ambiguous_candidate	0x003ee548,0x003f2a58
aug6-retail-2987	25	0x004405d0	FUN_004405d0	28	0x003ef558	s06_00280880	0	1	0	2	ambiguous_candidate	0x003ef558
aug6-retail-2988	25	0x004439f8	FUN_004439f8	28	0x003f2580	s06_00280880	0	1	0	1	unique_masked_candidate	0x003f2580
aug6-retail-2989	25	0x00443a18	FUN_00443a18	28	0x003f25a0	s06_00280880	0	1	0	1	unique_masked_candidate	0x003f25a0
aug6-retail-2990	25	0x00443e40	FUN_00443e40	28	0x002f8bd0	s06_00280880	0	2	0	4	ambiguous_candidate	0x002f8bd0,0x002f8cb0
aug6-retail-2991	25	0x00444ff0	FUN_00444ff0	20	0x003ee548	s06_00280880	1	2	2	2	ambiguous_candidate	0x003ee548,0x003f2a58
aug6-retail-2992	25	0x0044a018	FUN_0044a018	108	0x003f6dc0	s06_00280880	1	1	1	1	unique_masked_candidate	0x003f6dc0
aug6-retail-2993	25	0x0044a0a0	FUN_0044a0a0	36	0x003f6e40	s06_00280880	1	1	1	1	unique_masked_candidate	0x003f6e40
aug6-retail-2994	25	0x0044b448	FUN_0044b448	52	0x003f7d68	s06_00280880	1	1	1	1	unique_masked_candidate	0x003f7d68
aug6-retail-2995	25	0x0044b550	FUN_0044b550	20	0x003f7e70	s06_00280880	1	1	1	1	unique_masked_candidate	0x003f7e70
aug6-retail-2996	25	0x0044b588	FUN_0044b588	52	0x003f7ea8	s06_00280880	1	1	1	1	unique_masked_candidate	0x003f7ea8
aug6-retail-2997	25	0x0044b5c0	FUN_0044b5c0	24	0x003f7ee0	s06_00280880	1	1	1	1	unique_masked_candidate	0x003f7ee0
aug6-retail-2998	25	0x0044b5e0	FUN_0044b5e0	60	0x003f7f00	s06_00280880	1	1	1	1	unique_masked_candidate	0x003f7f00
aug6-retail-2999	25	0x0044b8c8	FUN_0044b8c8	80	0x003f81e8	s06_00280880	1	1	1	1	unique_masked_candidate	0x003f81e8
aug6-retail-3000	25	0x0044ba10	FUN_0044ba10	16	0x003f8330	s06_00280880	1	1	1	1	unique_masked_candidate	0x003f8330
aug6-retail-3001	25	0x0044ba20	FUN_0044ba20	52	0x003f8340	s06_00280880	1	1	1	1	unique_masked_candidate	0x003f8340
aug6-retail-3002	25	0x0044ba58	FUN_0044ba58	16	0x003f8378	s06_00280880	1	1	1	1	unique_masked_candidate	0x003f8378
aug6-retail-3003	25	0x0044ba68	FUN_0044ba68	40	0x003f8388	s06_00280880	1	1	1	1	unique_masked_candidate	0x003f8388
aug6-retail-3004	25	0x0044ba90	FUN_0044ba90	52	0x003f83b0	s06_00280880	1	1	1	1	unique_masked_candidate	0x003f83b0
aug6-retail-3005	25	0x0044cf98	FUN_0044cf98	20	0x003f96c8	s06_00280880	1	1	1	1	unique_masked_candidate	0x003f96c8
aug6-retail-3006	25	0x00451378	FUN_00451378	28	0x003fd728	s06_00280880	1	1	1	1	unique_masked_candidate	0x003fd728
aug6-retail-3007	25	0x00451858	FUN_00451858	32	0x003fdc08	s06_00280880	0	2	0	2	ambiguous_candidate	0x003fdc08,0x003ffba8
aug6-retail-3008	25	0x00451920	FUN_00451920	208	0x003fdcd0	s06_00280880	1	1	1	1	unique_masked_candidate	0x003fdcd0
aug6-retail-3009	25	0x004519f0	FUN_004519f0	180	0x003fdda0	s06_00280880	1	1	1	1	unique_masked_candidate	0x003fdda0
aug6-retail-3010	25	0x00451aa8	FUN_00451aa8	16	0x003fde58	s06_00280880	1	1	1	1	unique_masked_candidate	0x003fde58
aug6-retail-3011	25	0x00451ab8	FUN_00451ab8	36	0x003fde68	s06_00280880	0	1	0	1	unique_masked_candidate	0x003fde68
aug6-retail-3012	25	0x00452550	FUN_00452550	24	0x003fe910	s06_00280880	1	1	1	1	unique_masked_candidate	0x003fe910
aug6-retail-3013	25	0x00452570	FUN_00452570	48	0x003fe930	s06_00280880	1	1	1	1	unique_masked_candidate	0x003fe930
aug6-retail-3014	25	0x004525a0	FUN_004525a0	68	0x003fe960	s06_00280880	1	1	1	1	unique_masked_candidate	0x003fe960
aug6-retail-3015	25	0x004525e8	FUN_004525e8	72	0x003fe9a8	s06_00280880	1	1	1	1	unique_masked_candidate	0x003fe9a8
aug6-retail-3016	25	0x00452630	FUN_00452630	36	0x003fe9f0	s06_00280880	1	1	1	1	unique_masked_candidate	0x003fe9f0
aug6-retail-3017	25	0x00452658	FUN_00452658	16	0x003fea18	s06_00280880	1	1	1	1	unique_masked_candidate	0x003fea18
aug6-retail-3018	25	0x00452710	FUN_00452710	68	0x003fead0	s06_00280880	1	1	1	1	unique_masked_candidate	0x003fead0
aug6-retail-3019	25	0x00452838	FUN_00452838	36	0x003febf8	s06_00280880	1	1	1	1	unique_masked_candidate	0x003febf8
aug6-retail-3020	25	0x004532d0	FUN_004532d0	340	0x003ff690	s06_00280880	1	1	1	1	unique_masked_candidate	0x003ff690
aug6-retail-3021	25	0x004537e8	FUN_004537e8	32	0x003fdc08	s06_00280880	0	2	0	2	ambiguous_candidate	0x003fdc08,0x003ffba8
aug6-retail-3022	25	0x00453808	FUN_00453808	28	0x003ffbc8	s06_00280880	0	3	0	3	ambiguous_candidate	0x003ffbc8,0x003ffbe8,0x003ffcb8
aug6-retail-3023	25	0x00453828	FUN_00453828	28	0x003ffbc8	s06_00280880	0	3	0	3	ambiguous_candidate	0x003ffbc8,0x003ffbe8,0x003ffcb8
aug6-retail-3024	25	0x004538f8	FUN_004538f8	28	0x003ffbc8	s06_00280880	0	3	0	3	ambiguous_candidate	0x003ffbc8,0x003ffbe8,0x003ffcb8
aug6-retail-3025	25	0x00453da8	FUN_00453da8	88	0x00400168	s06_00280880	1	1	1	1	unique_masked_candidate	0x00400168
aug6-retail-3026	25	0x00453e08	FUN_00453e08	16	0x004001c8	s06_00280880	1	1	1	1	unique_masked_candidate	0x004001c8
aug6-retail-3027	25	0x00453e18	FUN_00453e18	20	0x004001d8	s06_00280880	1	1	1	1	unique_masked_candidate	0x004001d8
aug6-retail-3028	25	0x00453f60	FUN_00453f60	32	0x00400320	s06_00280880	1	1	1	1	unique_masked_candidate	0x00400320
aug6-retail-3029	26	0x002a4ef0	FUN_002a4ef0	56	0x00268bc8	s06_00268500	1	1	1	1	unique_masked_candidate	0x00268bc8
aug6-retail-3030	26	0x002ae2f8	FUN_002ae2f8	56	0x0028b7b8	s06_00268500	0	1	0	1	unique_masked_candidate	0x0028b7b8
aug6-retail-3031	26	0x002ae4d8	FUN_002ae4d8	56	0x0028b998	s06_00268500	0	1	0	1	unique_masked_candidate	0x0028b998
aug6-retail-3032	26	0x002ae510	FUN_002ae510	36	0x0028b9d0	s06_00268500	0	1	0	1	unique_masked_candidate	0x0028b9d0
aug6-retail-3033	26	0x002ae5d0	FUN_002ae5d0	20	0x0028ba88	s06_00268500	1	1	1	1	unique_masked_candidate	0x0028ba88
aug6-retail-3034	26	0x002af0c0	FUN_002af0c0	88	0x0028c4f8	s06_00268500	1	1	1	1	unique_masked_candidate	0x0028c4f8
aug6-retail-3035	26	0x002b01c0	FUN_002b01c0	44	0x00279f88	s06_00268500	0	2	0	3	ambiguous_candidate	0x00279f88,0x0028d690
aug6-retail-3036	26	0x002b39c8	FUN_002b39c8	32	0x00290950	s06_00268500	1	1	1	1	unique_masked_candidate	0x00290950
aug6-retail-3037	26	0x002d3ef8	FUN_002d3ef8	28	0x002b24c0	s06_00268500	0	1	0	1	unique_masked_candidate	0x002b24c0
aug6-retail-3038	26	0x002d6ea0	FUN_002d6ea0	28	0x00275fd8	s06_00268500	0	1	0	2	ambiguous_candidate	0x00275fd8
aug6-retail-3039	26	0x002d77e0	FUN_002d77e0	92	0x00268c40	s06_00268500	0	1	0	1	unique_masked_candidate	0x00268c40
aug6-retail-3040	26	0x002d7fe0	FUN_002d7fe0	24	0x00269428	s06_00268500	1	1	1	1	unique_masked_candidate	0x00269428
aug6-retail-3041	26	0x002dd6e8	FUN_002dd6e8	5060	0x0026e8a0	s06_00268500	0	1	0	1	unique_masked_candidate	0x0026e8a0
aug6-retail-3042	26	0x002deab0	FUN_002deab0	160	0x0026fc68	s06_00268500	1	1	1	1	unique_masked_candidate	0x0026fc68
aug6-retail-3043	26	0x002e5ea8	FUN_002e5ea8	136	0x00275420	s06_00268500	0	1	0	1	unique_masked_candidate	0x00275420
aug6-retail-3044	26	0x002e5f30	FUN_002e5f30	28	0x002754a8	s06_00268500	0	11	0	15	ambiguous_candidate	0x002754a8,0x00281fb0,0x002b6b30,0x002d93d0,0x002e1b80,0x00322db0,0x00376e70,0x003ca2c0,0x003cbf40,0x003cc6e0,0x003cc700
aug6-retail-3045	26	0x002e6a60	FUN_002e6a60	28	0x00275fd8	s06_00268500	0	1	0	2	ambiguous_candidate	0x00275fd8
aug6-retail-3046	26	0x002e96c8	FUN_002e96c8	80	0x00278820	s06_00268500	1	1	1	1	unique_masked_candidate	0x00278820
aug6-retail-3047	26	0x002ea8f8	FUN_002ea8f8	56	0x00279c70	s06_00268500	1	1	1	1	unique_masked_candidate	0x00279c70
aug6-retail-3048	26	0x002eac18	FUN_002eac18	44	0x00279f88	s06_00268500	0	2	0	3	ambiguous_candidate	0x00279f88,0x0028d690
aug6-retail-3049	26	0x002eaf10	FUN_002eaf10	376	0x0027a280	s06_00268500	1	1	1	1	unique_masked_candidate	0x0027a280
aug6-retail-3050	26	0x002eb76c	FUN_002eb76c	128	0x0027aadc	s06_00268500	0	1	0	1	unique_masked_candidate	0x0027aadc
aug6-retail-3051	26	0x002ed648	FUN_002ed648	36	0x0027c9c0	s06_00268500	0	1	0	1	unique_masked_candidate	0x0027c9c0
aug6-retail-3052	26	0x002edf98	FUN_002edf98	48	0x0027d320	s06_00268500	1	1	1	1	unique_masked_candidate	0x0027d320
aug6-retail-3053	26	0x002edfc8	FUN_002edfc8	48	0x0027d350	s06_00268500	1	1	1	1	unique_masked_candidate	0x0027d350
aug6-retail-3054	26	0x002edff8	FUN_002edff8	48	0x0027d380	s06_00268500	1	1	1	1	unique_masked_candidate	0x0027d380
aug6-retail-3055	26	0x002ee068	FUN_002ee068	16	0x0027d3f0	s06_00268500	1	1	1	1	unique_masked_candidate	0x0027d3f0
aug6-retail-3056	26	0x002ee078	FUN_002ee078	16	0x0027d400	s06_00268500	1	2	2	1	ambiguous_candidate	0x0027d400,0x002cf330
aug6-retail-3057	26	0x002ee088	FUN_002ee088	40	0x0027d410	s06_00268500	1	1	1	1	unique_masked_candidate	0x0027d410
aug6-retail-3058	26	0x002ee0b0	FUN_002ee0b0	40	0x0027d438	s06_00268500	1	1	1	1	unique_masked_candidate	0x0027d438
aug6-retail-3059	26	0x002ee0d8	FUN_002ee0d8	40	0x0027d460	s06_00268500	1	1	1	1	unique_masked_candidate	0x0027d460
aug6-retail-3060	26	0x002ee100	FUN_002ee100	160	0x0027d488	s06_00268500	1	1	1	1	unique_masked_candidate	0x0027d488
aug6-retail-3061	26	0x002ee1a0	FUN_002ee1a0	40	0x0027d528	s06_00268500	1	1	1	1	unique_masked_candidate	0x0027d528
aug6-retail-3062	26	0x002ee1c8	FUN_002ee1c8	48	0x0027d550	s06_00268500	1	1	1	1	unique_masked_candidate	0x0027d550
aug6-retail-3063	26	0x002ee1f8	FUN_002ee1f8	56	0x0027d580	s06_00268500	1	1	1	1	unique_masked_candidate	0x0027d580
aug6-retail-3064	26	0x002ee230	FUN_002ee230	40	0x0027d5b8	s06_00268500	1	1	1	1	unique_masked_candidate	0x0027d5b8
aug6-retail-3065	26	0x002ee260	FUN_002ee260	32	0x0027d5e8	s06_00268500	1	1	1	1	unique_masked_candidate	0x0027d5e8
aug6-retail-3066	26	0x002ee280	FUN_002ee280	24	0x0027d608	s06_00268500	1	1	1	1	unique_masked_candidate	0x0027d608
aug6-retail-3067	26	0x002ee2e0	FUN_002ee2e0	16	0x0027d658	s06_00268500	1	1	1	1	unique_masked_candidate	0x0027d658
aug6-retail-3068	26	0x002ee300	FUN_002ee300	16	0x0027d670	s06_00268500	1	1	1	1	unique_masked_candidate	0x0027d670
aug6-retail-3069	26	0x002ee328	FUN_002ee328	24	0x0027d680	s06_00268500	1	1	1	1	unique_masked_candidate	0x0027d680
aug6-retail-3070	26	0x002ee340	FUN_002ee340	24	0x0027d698	s06_00268500	1	1	1	1	unique_masked_candidate	0x0027d698
aug6-retail-3071	26	0x002ee358	FUN_002ee358	24	0x0027d6b0	s06_00268500	1	1	1	1	unique_masked_candidate	0x0027d6b0
aug6-retail-3072	26	0x002ee370	FUN_002ee370	40	0x0027d6c8	s06_00268500	1	1	1	1	unique_masked_candidate	0x0027d6c8
aug6-retail-3073	26	0x002ee398	FUN_002ee398	24	0x0027d6f0	s06_00268500	1	1	1	1	unique_masked_candidate	0x0027d6f0
aug6-retail-3074	26	0x002ee3b0	FUN_002ee3b0	24	0x0027d708	s06_00268500	1	1	1	1	unique_masked_candidate	0x0027d708
aug6-retail-3075	26	0x002ee3c8	FUN_002ee3c8	24	0x0027d720	s06_00268500	1	1	1	1	unique_masked_candidate	0x0027d720
aug6-retail-3076	26	0x002ee3e0	FUN_002ee3e0	24	0x0027d750	s06_00268500	1	1	1	1	unique_masked_candidate	0x0027d750
aug6-retail-3077	26	0x002ee3f8	FUN_002ee3f8	32	0x0027d768	s06_00268500	1	1	1	1	unique_masked_candidate	0x0027d768
aug6-retail-3078	26	0x002ee418	FUN_002ee418	40	0x0027d788	s06_00268500	1	1	1	1	unique_masked_candidate	0x0027d788
aug6-retail-3079	26	0x002ee440	FUN_002ee440	24	0x0027d7b0	s06_00268500	1	1	1	1	unique_masked_candidate	0x0027d7b0
aug6-retail-3080	26	0x002ee458	FUN_002ee458	48	0x0027d7c8	s06_00268500	1	1	1	1	unique_masked_candidate	0x0027d7c8
aug6-retail-3081	26	0x002ee488	FUN_002ee488	40	0x0027d7f8	s06_00268500	1	1	1	1	unique_masked_candidate	0x0027d7f8
aug6-retail-3082	26	0x002ee4b0	FUN_002ee4b0	32	0x0027d820	s06_00268500	1	1	1	1	unique_masked_candidate	0x0027d820
aug6-retail-3083	26	0x002ee4d0	FUN_002ee4d0	56	0x0027d840	s06_00268500	1	1	1	1	unique_masked_candidate	0x0027d840
aug6-retail-3084	26	0x002ee508	FUN_002ee508	48	0x0027d878	s06_00268500	1	1	1	1	unique_masked_candidate	0x0027d878
aug6-retail-3085	26	0x002ee538	FUN_002ee538	40	0x0027d8a8	s06_00268500	1	1	1	1	unique_masked_candidate	0x0027d8a8
aug6-retail-3086	26	0x002ee560	FUN_002ee560	72	0x0027d8d0	s06_00268500	1	1	1	1	unique_masked_candidate	0x0027d8d0
aug6-retail-3087	26	0x002ee5f0	FUN_002ee5f0	80	0x0027d918	s06_00268500	1	1	1	1	unique_masked_candidate	0x0027d918
aug6-retail-3088	26	0x002ee640	FUN_002ee640	72	0x0027d968	s06_00268500	1	1	1	1	unique_masked_candidate	0x0027d968
aug6-retail-3089	26	0x002ee688	FUN_002ee688	112	0x0027d9b0	s06_00268500	1	1	1	1	unique_masked_candidate	0x0027d9b0
aug6-retail-3090	26	0x002ee6f8	FUN_002ee6f8	104	0x0027da20	s06_00268500	1	1	1	1	unique_masked_candidate	0x0027da20
aug6-retail-3091	26	0x002ee760	FUN_002ee760	112	0x0027da88	s06_00268500	1	1	1	1	unique_masked_candidate	0x0027da88
aug6-retail-3092	26	0x002ee7d0	FUN_002ee7d0	40	0x0027daf8	s06_00268500	1	1	1	1	unique_masked_candidate	0x0027daf8
aug6-retail-3093	26	0x002ee7f8	FUN_002ee7f8	48	0x0027db20	s06_00268500	1	1	1	1	unique_masked_candidate	0x0027db20
aug6-retail-3094	26	0x002ee828	FUN_002ee828	24	0x0027db50	s06_00268500	1	1	1	1	unique_masked_candidate	0x0027db50
aug6-retail-3095	26	0x002ee840	FUN_002ee840	40	0x0027db68	s06_00268500	1	1	1	1	unique_masked_candidate	0x0027db68
aug6-retail-3096	26	0x002ee868	FUN_002ee868	24	0x0027db90	s06_00268500	1	1	1	1	unique_masked_candidate	0x0027db90
aug6-retail-3097	26	0x002ee880	FUN_002ee880	72	0x0027dba8	s06_00268500	1	1	1	1	unique_masked_candidate	0x0027dba8
aug6-retail-3098	26	0x002ee8d0	FUN_002ee8d0	48	0x0027dbf8	s06_00268500	1	1	1	1	unique_masked_candidate	0x0027dbf8
aug6-retail-3099	26	0x002ee900	FUN_002ee900	24	0x0027dc28	s06_00268500	1	1	1	1	unique_masked_candidate	0x0027dc28
aug6-retail-3100	26	0x002ee918	FUN_002ee918	24	0x0027dc40	s06_00268500	1	1	1	1	unique_masked_candidate	0x0027dc40
aug6-retail-3101	26	0x002eeae0	FUN_002eeae0	40	0x0027de08	s06_00268500	1	1	1	1	unique_masked_candidate	0x0027de08
aug6-retail-3102	26	0x002eeb08	FUN_002eeb08	48	0x0027de30	s06_00268500	1	1	1	1	unique_masked_candidate	0x0027de30
aug6-retail-3103	26	0x002eeb38	FUN_002eeb38	56	0x0027de60	s06_00268500	1	1	1	1	unique_masked_candidate	0x0027de60
aug6-retail-3104	26	0x002eeb70	FUN_002eeb70	32	0x0027de98	s06_00268500	1	1	1	1	unique_masked_candidate	0x0027de98
aug6-retail-3105	26	0x002eeb90	FUN_002eeb90	32	0x0027deb8	s06_00268500	1	1	1	1	unique_masked_candidate	0x0027deb8
aug6-retail-3106	26	0x002eebb0	FUN_002eebb0	552	0x0027ded8	s06_00268500	0	1	0	1	unique_masked_candidate	0x0027ded8
aug6-retail-3107	26	0x002eedd8	FUN_002eedd8	32	0x0027e100	s06_00268500	1	1	1	1	unique_masked_candidate	0x0027e100
aug6-retail-3108	26	0x002eedf8	FUN_002eedf8	32	0x0027e120	s06_00268500	1	1	1	1	unique_masked_candidate	0x0027e120
aug6-retail-3109	26	0x002eee18	FUN_002eee18	80	0x0027e140	s06_00268500	1	1	1	1	unique_masked_candidate	0x0027e140
aug6-retail-3110	26	0x002eeeb8	FUN_002eeeb8	64	0x0027e190	s06_00268500	1	1	1	1	unique_masked_candidate	0x0027e190
aug6-retail-3111	26	0x002eeef8	FUN_002eeef8	80	0x0027e1d0	s06_00268500	1	1	1	1	unique_masked_candidate	0x0027e1d0
aug6-retail-3112	26	0x002eef48	FUN_002eef48	72	0x0027e220	s06_00268500	1	1	1	1	unique_masked_candidate	0x0027e220
aug6-retail-3113	26	0x002eef90	FUN_002eef90	64	0x0027e268	s06_00268500	1	1	1	1	unique_masked_candidate	0x0027e268
aug6-retail-3114	26	0x002eefd0	FUN_002eefd0	136	0x0027e2a8	s06_00268500	1	1	1	1	unique_masked_candidate	0x0027e2a8
aug6-retail-3115	26	0x002ef058	FUN_002ef058	192	0x0027e330	s06_00268500	0	1	0	1	unique_masked_candidate	0x0027e330
aug6-retail-3116	26	0x002ef118	FUN_002ef118	120	0x0027e3f0	s06_00268500	1	1	1	1	unique_masked_candidate	0x0027e3f0
aug6-retail-3117	26	0x002ef190	FUN_002ef190	136	0x0027e468	s06_00268500	1	1	1	1	unique_masked_candidate	0x0027e468
aug6-retail-3118	26	0x002ef218	FUN_002ef218	152	0x0027e4f0	s06_00268500	1	1	1	1	unique_masked_candidate	0x0027e4f0
aug6-retail-3119	26	0x002ef2b0	FUN_002ef2b0	88	0x0027e588	s06_00268500	1	1	1	1	unique_masked_candidate	0x0027e588
aug6-retail-3120	26	0x002ef308	FUN_002ef308	80	0x0027e5e0	s06_00268500	1	1	1	1	unique_masked_candidate	0x0027e5e0
aug6-retail-3121	26	0x002ef358	FUN_002ef358	72	0x0027e630	s06_00268500	1	1	1	1	unique_masked_candidate	0x0027e630
aug6-retail-3122	26	0x002ef3a0	FUN_002ef3a0	72	0x0027e678	s06_00268500	1	1	1	1	unique_masked_candidate	0x0027e678
aug6-retail-3123	26	0x002ef440	FUN_002ef440	56	0x0027e738	s06_00268500	1	1	1	1	unique_masked_candidate	0x0027e738
aug6-retail-3124	26	0x002ef478	FUN_002ef478	16	0x0027e770	s06_00268500	1	1	1	1	unique_masked_candidate	0x0027e770
aug6-retail-3125	26	0x002ef488	FUN_002ef488	24	0x0027e780	s06_00268500	1	1	1	1	unique_masked_candidate	0x0027e780
aug6-retail-3126	26	0x002ef4a0	FUN_002ef4a0	16	0x0027e798	s06_00268500	1	1	1	1	unique_masked_candidate	0x0027e798
aug6-retail-3127	26	0x002ef4b0	FUN_002ef4b0	16	0x0027e7a8	s06_00268500	1	1	1	1	unique_masked_candidate	0x0027e7a8
aug6-retail-3128	26	0x002ef4c0	FUN_002ef4c0	56	0x0027e7b8	s06_00268500	1	1	1	1	unique_masked_candidate	0x0027e7b8
aug6-retail-3129	26	0x002ef4f8	FUN_002ef4f8	72	0x0027e7f0	s06_00268500	1	1	1	1	unique_masked_candidate	0x0027e7f0
aug6-retail-3130	26	0x002ef540	FUN_002ef540	56	0x0027e838	s06_00268500	1	1	1	1	unique_masked_candidate	0x0027e838
aug6-retail-3131	26	0x002ef670	FUN_002ef670	60	0x0027e968	s06_00268500	0	1	0	1	unique_masked_candidate	0x0027e968
aug6-retail-3132	26	0x002ef6b0	FUN_002ef6b0	248	0x0027e9a8	s06_00268500	0	1	0	1	unique_masked_candidate	0x0027e9a8
aug6-retail-3133	26	0x002ef7a8	FUN_002ef7a8	184	0x0027eaa0	s06_00268500	0	1	0	1	unique_masked_candidate	0x0027eaa0
aug6-retail-3134	26	0x002f43e0	FUN_002f43e0	28	0x002754a8	s06_00268500	0	11	0	15	ambiguous_candidate	0x002754a8,0x00281fb0,0x002b6b30,0x002d93d0,0x002e1b80,0x00322db0,0x00376e70,0x003ca2c0,0x003cbf40,0x003cc6e0,0x003cc700
aug6-retail-3135	26	0x002f71b0	FUN_002f71b0	104	0x002b5578	s06_00268500	1	1	1	1	unique_masked_candidate	0x002b5578
aug6-retail-3136	26	0x002f73c0	FUN_002f73c0	252	0x002b5788	s06_00268500	1	1	1	1	unique_masked_candidate	0x002b5788
aug6-retail-3137	26	0x002f77c8	FUN_002f77c8	28	0x002754a8	s06_00268500	0	11	0	15	ambiguous_candidate	0x002754a8,0x00281fb0,0x002b6b30,0x002d93d0,0x002e1b80,0x00322db0,0x00376e70,0x003ca2c0,0x003cbf40,0x003cc6e0,0x003cc700
aug6-retail-3138	26	0x002fc7e8	FUN_002fc7e8	28	0x002754a8	s06_00268500	0	11	0	15	ambiguous_candidate	0x002754a8,0x00281fb0,0x002b6b30,0x002d93d0,0x002e1b80,0x00322db0,0x00376e70,0x003ca2c0,0x003cbf40,0x003cc6e0,0x003cc700
aug6-retail-3139	26	0x002fc808	FUN_002fc808	28	0x002754a8	s06_00268500	0	11	0	15	ambiguous_candidate	0x002754a8,0x00281fb0,0x002b6b30,0x002d93d0,0x002e1b80,0x00322db0,0x00376e70,0x003ca2c0,0x003cbf40,0x003cc6e0,0x003cc700
aug6-retail-3140	26	0x002fc828	FUN_002fc828	28	0x002754a8	s06_00268500	0	11	0	15	ambiguous_candidate	0x002754a8,0x00281fb0,0x002b6b30,0x002d93d0,0x002e1b80,0x00322db0,0x00376e70,0x003ca2c0,0x003cbf40,0x003cc6e0,0x003cc700
aug6-retail-3141	26	0x002fc848	FUN_002fc848	28	0x002754a8	s06_00268500	0	11	0	15	ambiguous_candidate	0x002754a8,0x00281fb0,0x002b6b30,0x002d93d0,0x002e1b80,0x00322db0,0x00376e70,0x003ca2c0,0x003cbf40,0x003cc6e0,0x003cc700
aug6-retail-3142	26	0x002ff0d8	FUN_002ff0d8	88	0x002bce08	s06_00268500	1	1	1	1	unique_masked_candidate	0x002bce08
aug6-retail-3143	26	0x002ff330	FUN_002ff330	60	0x002bd060	s06_00268500	1	1	1	1	unique_masked_candidate	0x002bd060
aug6-retail-3144	26	0x003067d8	FUN_003067d8	100	0x002c4ad0	s06_00268500	1	1	1	1	unique_masked_candidate	0x002c4ad0
aug6-retail-3145	26	0x00308140	FUN_00308140	280	0x002c5fb8	s06_00268500	1	1	1	1	unique_masked_candidate	0x002c5fb8
aug6-retail-3146	26	0x0030c078	FUN_0030c078	56	0x002c9c00	s06_00268500	1	1	1	1	unique_masked_candidate	0x002c9c00
aug6-retail-3147	26	0x0030e1e8	FUN_0030e1e8	32	0x002cb668	s06_00268500	1	1	1	1	unique_masked_candidate	0x002cb668
aug6-retail-3148	26	0x0030e208	FUN_0030e208	56	0x002cb688	s06_00268500	0	1	0	1	unique_masked_candidate	0x002cb688
aug6-retail-3149	26	0x0030e240	FUN_0030e240	160	0x002cb6c0	s06_00268500	1	1	1	1	unique_masked_candidate	0x002cb6c0
aug6-retail-3150	26	0x0030e460	FUN_0030e460	320	0x002cb8e0	s06_00268500	1	1	1	1	unique_masked_candidate	0x002cb8e0
aug6-retail-3151	26	0x0030e5a0	FUN_0030e5a0	312	0x002cba20	s06_00268500	1	1	1	1	unique_masked_candidate	0x002cba20
aug6-retail-3152	26	0x0030e6d8	FUN_0030e6d8	752	0x002cbb58	s06_00268500	0	1	0	1	unique_masked_candidate	0x002cbb58
aug6-retail-3153	26	0x0030e9a8	FUN_0030e9a8	32	0x002cbe28	s06_00268500	1	1	1	1	unique_masked_candidate	0x002cbe28
aug6-retail-3154	26	0x0030e9c8	FUN_0030e9c8	40	0x002cbe48	s06_00268500	0	1	0	1	unique_masked_candidate	0x002cbe48
aug6-retail-3155	26	0x003109c0	FUN_003109c0	116	0x002cd380	s06_00268500	1	1	1	1	unique_masked_candidate	0x002cd380
aug6-retail-3156	26	0x00311208	FUN_00311208	100	0x002cdbc8	s06_00268500	0	1	0	1	unique_masked_candidate	0x002cdbc8
aug6-retail-3157	26	0x003113c0	FUN_003113c0	120	0x002cdd80	s06_00268500	1	1	1	1	unique_masked_candidate	0x002cdd80
aug6-retail-3158	26	0x00311438	FUN_00311438	152	0x002cddf8	s06_00268500	0	1	0	1	unique_masked_candidate	0x002cddf8
aug6-retail-3159	26	0x00311ce0	FUN_00311ce0	40	0x002ce6a0	s06_00268500	0	1	0	1	unique_masked_candidate	0x002ce6a0
aug6-retail-3160	26	0x00312220	FUN_00312220	32	0x002cebc0	s06_00268500	1	1	1	1	unique_masked_candidate	0x002cebc0
aug6-retail-3161	26	0x00312240	FUN_00312240	48	0x002cebe0	s06_00268500	1	1	1	1	unique_masked_candidate	0x002cebe0
aug6-retail-3162	26	0x00312270	FUN_00312270	48	0x002cec10	s06_00268500	1	1	1	1	unique_masked_candidate	0x002cec10
aug6-retail-3163	26	0x00312e50	FUN_00312e50	72	0x002cf840	s06_00268500	0	1	0	1	unique_masked_candidate	0x002cf840
aug6-retail-3164	26	0x00312e98	FUN_00312e98	1544	0x002cf888	s06_00268500	0	1	0	1	unique_masked_candidate	0x002cf888
aug6-retail-3165	26	0x003134a0	FUN_003134a0	3348	0x002cfe90	s06_00268500	0	1	0	1	unique_masked_candidate	0x002cfe90
aug6-retail-3166	26	0x00314e78	FUN_00314e78	2136	0x002d1868	s06_00268500	0	1	0	1	unique_masked_candidate	0x002d1868
aug6-retail-3167	26	0x00317098	FUN_00317098	2688	0x002d3a60	s06_00268500	0	1	0	1	unique_masked_candidate	0x002d3a60
aug6-retail-3168	26	0x0031a790	FUN_0031a790	60	0x002d6ff8	s06_00268500	1	1	1	1	unique_masked_candidate	0x002d6ff8
aug6-retail-3169	26	0x0031a7d8	FUN_0031a7d8	28	0x002d7040	s06_00268500	1	1	1	1	unique_masked_candidate	0x002d7040
aug6-retail-3170	26	0x0031a800	FUN_0031a800	68	0x002d7068	s06_00268500	1	1	1	1	unique_masked_candidate	0x002d7068
aug6-retail-3171	26	0x0031a8f8	FUN_0031a8f8	92	0x002d7160	s06_00268500	0	1	0	1	unique_masked_candidate	0x002d7160
aug6-retail-3172	26	0x0031a958	FUN_0031a958	104	0x002d71c0	s06_00268500	0	1	0	1	unique_masked_candidate	0x002d71c0
aug6-retail-3173	26	0x0031a9c0	FUN_0031a9c0	68	0x002d7228	s06_00268500	0	1	0	1	unique_masked_candidate	0x002d7228
aug6-retail-3174	26	0x0031ab28	FUN_0031ab28	56	0x002d7390	s06_00268500	1	1	1	1	unique_masked_candidate	0x002d7390
aug6-retail-3175	26	0x0031ab60	FUN_0031ab60	288	0x002d73c8	s06_00268500	1	6	6	6	ambiguous_candidate	0x002d73c8,0x003447a8,0x0035bd30,0x00369e00,0x0037b398,0x003a1f80
aug6-retail-3176	26	0x0031ac80	FUN_0031ac80	148	0x002d74e8	s06_00268500	0	1	0	1	unique_masked_candidate	0x002d74e8
aug6-retail-3177	26	0x0031ad18	FUN_0031ad18	124	0x002d7580	s06_00268500	0	1	0	1	unique_masked_candidate	0x002d7580
aug6-retail-3178	26	0x0031baf8	FUN_0031baf8	56	0x002d8358	s06_00268500	1	1	1	1	unique_masked_candidate	0x002d8358
aug6-retail-3179	26	0x0031bd58	FUN_0031bd58	36	0x002d85b8	s06_00268500	0	1	0	1	unique_masked_candidate	0x002d85b8
aug6-retail-3180	26	0x0031be28	FUN_0031be28	204	0x002d85e8	s06_00268500	1	1	1	1	unique_masked_candidate	0x002d85e8
aug6-retail-3181	26	0x0031bfc0	FUN_0031bfc0	36	0x002d8780	s06_00268500	1	1	1	1	unique_masked_candidate	0x002d8780
aug6-retail-3182	26	0x0031bfe8	FUN_0031bfe8	44	0x002d87a8	s06_00268500	0	1	0	1	unique_masked_candidate	0x002d87a8
aug6-retail-3183	26	0x0031c018	FUN_0031c018	36	0x002d87d8	s06_00268500	1	1	1	1	unique_masked_candidate	0x002d87d8
aug6-retail-3184	26	0x0031cab0	FUN_0031cab0	28	0x002754a8	s06_00268500	0	11	0	15	ambiguous_candidate	0x002754a8,0x00281fb0,0x002b6b30,0x002d93d0,0x002e1b80,0x00322db0,0x00376e70,0x003ca2c0,0x003cbf40,0x003cc6e0,0x003cc700
aug6-retail-3185	26	0x0031cad0	FUN_0031cad0	28	0x002754a8	s06_00268500	0	11	0	15	ambiguous_candidate	0x002754a8,0x00281fb0,0x002b6b30,0x002d93d0,0x002e1b80,0x00322db0,0x00376e70,0x003ca2c0,0x003cbf40,0x003cc6e0,0x003cc700
aug6-retail-3186	26	0x0031d798	FUN_0031d798	16	0x002d9fd8	s06_00268500	1	1	1	1	unique_masked_candidate	0x002d9fd8
aug6-retail-3187	26	0x0031d840	FUN_0031d840	68	0x002da080	s06_00268500	0	1	0	1	unique_masked_candidate	0x002da080
aug6-retail-3188	26	0x0031d9d8	FUN_0031d9d8	84	0x002da218	s06_00268500	0	1	0	1	unique_masked_candidate	0x002da218
aug6-retail-3189	26	0x0031da30	FUN_0031da30	92	0x002da270	s06_00268500	0	1	0	1	unique_masked_candidate	0x002da270
aug6-retail-3190	26	0x0031e630	FUN_0031e630	92	0x002dae28	s06_00268500	1	1	1	1	unique_masked_candidate	0x002dae28
aug6-retail-3191	26	0x0031e8e0	FUN_0031e8e0	48	0x002db0d8	s06_00268500	1	1	1	1	unique_masked_candidate	0x002db0d8
aug6-retail-3192	26	0x0031e910	FUN_0031e910	48	0x002db108	s06_00268500	1	1	1	1	unique_masked_candidate	0x002db108
aug6-retail-3193	26	0x0031f300	FUN_0031f300	88	0x002dbb58	s06_00268500	0	1	0	1	unique_masked_candidate	0x002dbb58
aug6-retail-3194	26	0x0031f3e8	FUN_0031f3e8	16	0x002dbc40	s06_00268500	1	1	1	1	unique_masked_candidate	0x002dbc40
aug6-retail-3195	26	0x00320ee8	FUN_00320ee8	48	0x002dd8b0	s06_00268500	1	1	1	1	unique_masked_candidate	0x002dd8b0
aug6-retail-3196	26	0x00322a38	FUN_00322a38	128	0x002df2a0	s06_00268500	0	1	0	1	unique_masked_candidate	0x002df2a0
aug6-retail-3197	26	0x00322bd0	FUN_00322bd0	40	0x002df438	s06_00268500	1	1	1	1	unique_masked_candidate	0x002df438
aug6-retail-3198	26	0x00323098	FUN_00323098	44	0x002df900	s06_00268500	0	1	0	1	unique_masked_candidate	0x002df900
aug6-retail-3199	26	0x003247c8	FUN_003247c8	44	0x002e0d40	s06_00268500	0	1	0	1	unique_masked_candidate	0x002e0d40
aug6-retail-3200	26	0x003247f8	FUN_003247f8	40	0x002e0d70	s06_00268500	0	1	0	1	unique_masked_candidate	0x002e0d70
aug6-retail-3201	26	0x00324970	FUN_00324970	28	0x002e0ee8	s06_00268500	0	2	0	4	ambiguous_candidate	0x002e0ee8,0x002e0fc8
aug6-retail-3202	26	0x003249c8	FUN_003249c8	28	0x002e0ee8	s06_00268500	0	2	0	4	ambiguous_candidate	0x002e0ee8,0x002e0fc8
aug6-retail-3203	26	0x00324a68	FUN_00324a68	28	0x002e0ee8	s06_00268500	0	2	0	4	ambiguous_candidate	0x002e0ee8,0x002e0fc8
aug6-retail-3204	26	0x00324ea8	FUN_00324ea8	56	0x002e1408	s06_00268500	0	1	0	1	unique_masked_candidate	0x002e1408
aug6-retail-3205	26	0x00324ee0	FUN_00324ee0	44	0x002e1440	s06_00268500	0	1	0	1	unique_masked_candidate	0x002e1440
aug6-retail-3206	26	0x00325938	FUN_00325938	28	0x002754a8	s06_00268500	0	11	0	15	ambiguous_candidate	0x002754a8,0x00281fb0,0x002b6b30,0x002d93d0,0x002e1b80,0x00322db0,0x00376e70,0x003ca2c0,0x003cbf40,0x003cc6e0,0x003cc700
aug6-retail-3207	26	0x003286e8	FUN_003286e8	28	0x002e4ad8	s06_00268500	0	1	0	1	unique_masked_candidate	0x002e4ad8
aug6-retail-3208	26	0x00328a00	FUN_00328a00	40	0x002e4df0	s06_00268500	1	1	1	1	unique_masked_candidate	0x002e4df0
aug6-retail-3209	26	0x00328a28	FUN_00328a28	36	0x002e4e18	s06_00268500	1	1	1	1	unique_masked_candidate	0x002e4e18
aug6-retail-3210	26	0x00328a50	FUN_00328a50	32	0x002e4e40	s06_00268500	1	1	1	1	unique_masked_candidate	0x002e4e40
aug6-retail-3211	26	0x0032a920	FUN_0032a920	32	0x002e5ef8	s06_00268500	0	1	0	1	unique_masked_candidate	0x002e5ef8
aug6-retail-3212	26	0x0032b8b0	FUN_0032b8b0	100	0x002e6e98	s06_00268500	0	1	0	1	unique_masked_candidate	0x002e6e98
aug6-retail-3213	26	0x0032ee28	FUN_0032ee28	100	0x002ea2c8	s06_00268500	1	1	1	1	unique_masked_candidate	0x002ea2c8
aug6-retail-3214	26	0x003305e8	FUN_003305e8	152	0x002eba50	s06_00268500	1	1	1	1	unique_masked_candidate	0x002eba50
aug6-retail-3215	26	0x0033b530	FUN_0033b530	96	0x002f73d8	s06_00268500	0	1	0	1	unique_masked_candidate	0x002f73d8
aug6-retail-3216	26	0x0033b8b8	FUN_0033b8b8	60	0x002f7760	s06_00268500	0	1	0	1	unique_masked_candidate	0x002f7760
aug6-retail-3217	26	0x003411a8	FUN_003411a8	100	0x002fbd50	s06_00268500	1	1	1	1	unique_masked_candidate	0x002fbd50
aug6-retail-3218	26	0x003428e8	FUN_003428e8	60	0x002fd410	s06_00268500	1	1	1	1	unique_masked_candidate	0x002fd410
aug6-retail-3219	26	0x00342928	FUN_00342928	60	0x002fd450	s06_00268500	1	1	1	1	unique_masked_candidate	0x002fd450
aug6-retail-3220	26	0x00344338	FUN_00344338	36	0x002fee28	s06_00268500	1	1	1	1	unique_masked_candidate	0x002fee28
aug6-retail-3221	26	0x00346070	FUN_00346070	48	0x00300c60	s06_00268500	0	12	0	20	ambiguous_candidate	0x00300c60,0x00300e90,0x00300f60,0x00301058,0x003011b0,0x00301280,0x00301338,0x003013f0,0x003014a8,0x00301758,0x00301810,0x00301950
aug6-retail-3222	26	0x00346470	FUN_00346470	48	0x00300c60	s06_00268500	0	12	0	20	ambiguous_candidate	0x00300c60,0x00300e90,0x00300f60,0x00301058,0x003011b0,0x00301280,0x00301338,0x003013f0,0x003014a8,0x00301758,0x00301810,0x00301950
aug6-retail-3223	26	0x00346540	FUN_00346540	48	0x00300c60	s06_00268500	0	12	0	20	ambiguous_candidate	0x00300c60,0x00300e90,0x00300f60,0x00301058,0x003011b0,0x00301280,0x00301338,0x003013f0,0x003014a8,0x00301758,0x00301810,0x00301950
aug6-retail-3224	26	0x00346710	FUN_00346710	48	0x00300c60	s06_00268500	0	12	0	20	ambiguous_candidate	0x00300c60,0x00300e90,0x00300f60,0x00301058,0x003011b0,0x00301280,0x00301338,0x003013f0,0x003014a8,0x00301758,0x00301810,0x00301950
aug6-retail-3225	26	0x0034ba50	FUN_0034ba50	48	0x00300c60	s06_00268500	0	12	0	20	ambiguous_candidate	0x00300c60,0x00300e90,0x00300f60,0x00301058,0x003011b0,0x00301280,0x00301338,0x003013f0,0x003014a8,0x00301758,0x00301810,0x00301950
aug6-retail-3226	26	0x0034bb08	FUN_0034bb08	48	0x00300c60	s06_00268500	0	12	0	20	ambiguous_candidate	0x00300c60,0x00300e90,0x00300f60,0x00301058,0x003011b0,0x00301280,0x00301338,0x003013f0,0x003014a8,0x00301758,0x00301810,0x00301950
aug6-retail-3227	26	0x0034bc78	FUN_0034bc78	48	0x00300c60	s06_00268500	0	12	0	20	ambiguous_candidate	0x00300c60,0x00300e90,0x00300f60,0x00301058,0x003011b0,0x00301280,0x00301338,0x003013f0,0x003014a8,0x00301758,0x00301810,0x00301950
aug6-retail-3228	26	0x0034bd30	FUN_0034bd30	48	0x00300c60	s06_00268500	0	12	0	20	ambiguous_candidate	0x00300c60,0x00300e90,0x00300f60,0x00301058,0x003011b0,0x00301280,0x00301338,0x003013f0,0x003014a8,0x00301758,0x00301810,0x00301950
aug6-retail-3229	26	0x0034bde8	FUN_0034bde8	48	0x00300c60	s06_00268500	0	12	0	20	ambiguous_candidate	0x00300c60,0x00300e90,0x00300f60,0x00301058,0x003011b0,0x00301280,0x00301338,0x003013f0,0x003014a8,0x00301758,0x00301810,0x00301950
aug6-retail-3230	26	0x0034bea0	FUN_0034bea0	48	0x00300c60	s06_00268500	0	12	0	20	ambiguous_candidate	0x00300c60,0x00300e90,0x00300f60,0x00301058,0x003011b0,0x00301280,0x00301338,0x003013f0,0x003014a8,0x00301758,0x00301810,0x00301950
aug6-retail-3231	26	0x0034bf58	FUN_0034bf58	48	0x00300c60	s06_00268500	0	12	0	20	ambiguous_candidate	0x00300c60,0x00300e90,0x00300f60,0x00301058,0x003011b0,0x00301280,0x00301338,0x003013f0,0x003014a8,0x00301758,0x00301810,0x00301950
aug6-retail-3232	26	0x0034c028	FUN_0034c028	48	0x00300c60	s06_00268500	0	12	0	20	ambiguous_candidate	0x00300c60,0x00300e90,0x00300f60,0x00301058,0x003011b0,0x00301280,0x00301338,0x003013f0,0x003014a8,0x00301758,0x00301810,0x00301950
aug6-retail-3233	26	0x0034c0e0	FUN_0034c0e0	48	0x00300c60	s06_00268500	0	12	0	20	ambiguous_candidate	0x00300c60,0x00300e90,0x00300f60,0x00301058,0x003011b0,0x00301280,0x00301338,0x003013f0,0x003014a8,0x00301758,0x00301810,0x00301950
aug6-retail-3234	26	0x0034c1e0	FUN_0034c1e0	48	0x00300c60	s06_00268500	0	12	0	20	ambiguous_candidate	0x00300c60,0x00300e90,0x00300f60,0x00301058,0x003011b0,0x00301280,0x00301338,0x003013f0,0x003014a8,0x00301758,0x00301810,0x00301950
aug6-retail-3235	26	0x0034c2d8	FUN_0034c2d8	48	0x00300c60	s06_00268500	0	12	0	20	ambiguous_candidate	0x00300c60,0x00300e90,0x00300f60,0x00301058,0x003011b0,0x00301280,0x00301338,0x003013f0,0x003014a8,0x00301758,0x00301810,0x00301950
aug6-retail-3236	26	0x0034e390	FUN_0034e390	48	0x00300c60	s06_00268500	0	12	0	20	ambiguous_candidate	0x00300c60,0x00300e90,0x00300f60,0x00301058,0x003011b0,0x00301280,0x00301338,0x003013f0,0x003014a8,0x00301758,0x00301810,0x00301950
aug6-retail-3237	26	0x0034e568	FUN_0034e568	48	0x00300c60	s06_00268500	0	12	0	20	ambiguous_candidate	0x00300c60,0x00300e90,0x00300f60,0x00301058,0x003011b0,0x00301280,0x00301338,0x003013f0,0x003014a8,0x00301758,0x00301810,0x00301950
aug6-retail-3238	26	0x0034e6c0	FUN_0034e6c0	48	0x00300c60	s06_00268500	0	12	0	20	ambiguous_candidate	0x00300c60,0x00300e90,0x00300f60,0x00301058,0x003011b0,0x00301280,0x00301338,0x003013f0,0x003014a8,0x00301758,0x00301810,0x00301950
aug6-retail-3239	26	0x0034e770	FUN_0034e770	48	0x00300c60	s06_00268500	0	12	0	20	ambiguous_candidate	0x00300c60,0x00300e90,0x00300f60,0x00301058,0x003011b0,0x00301280,0x00301338,0x003013f0,0x003014a8,0x00301758,0x00301810,0x00301950
aug6-retail-3240	26	0x0034e958	FUN_0034e958	48	0x00300c60	s06_00268500	0	12	0	20	ambiguous_candidate	0x00300c60,0x00300e90,0x00300f60,0x00301058,0x003011b0,0x00301280,0x00301338,0x003013f0,0x003014a8,0x00301758,0x00301810,0x00301950
aug6-retail-3241	26	0x0034ec88	FUN_0034ec88	56	0x00301be0	s06_00268500	0	1	0	1	unique_masked_candidate	0x00301be0
aug6-retail-3242	26	0x0034ecc0	FUN_0034ecc0	36	0x00301c18	s06_00268500	0	1	0	1	unique_masked_candidate	0x00301c18
aug6-retail-3243	26	0x0034ece8	FUN_0034ece8	40	0x00301c40	s06_00268500	0	1	0	1	unique_masked_candidate	0x00301c40
aug6-retail-3244	26	0x00350930	FUN_00350930	32	0x00303688	s06_00268500	0	1	0	1	unique_masked_candidate	0x00303688
aug6-retail-3245	26	0x00354920	FUN_00354920	56	0x00306948	s06_00268500	0	1	0	1	unique_masked_candidate	0x00306948
aug6-retail-3246	26	0x00357660	FUN_00357660	64	0x00309700	s06_00268500	1	1	1	1	unique_masked_candidate	0x00309700
aug6-retail-3247	26	0x00366eb0	FUN_00366eb0	36	0x00316b08	s06_00268500	1	1	1	1	unique_masked_candidate	0x00316b08
aug6-retail-3248	26	0x00367ed0	FUN_00367ed0	40	0x00317868	s06_00268500	0	1	0	1	unique_masked_candidate	0x00317868
aug6-retail-3249	26	0x00369840	FUN_00369840	364	0x00318f50	s06_00268500	0	1	0	1	unique_masked_candidate	0x00318f50
aug6-retail-3250	26	0x0036b640	FUN_0036b640	40	0x0031ad40	s06_00268500	1	3	3	3	ambiguous_candidate	0x0031ad40,0x0031b8ec,0x0031c1b4
aug6-retail-3251	26	0x0036c1c4	FUN_0036c1c4	40	0x0031b8c4	s06_00268500	1	3	3	3	ambiguous_candidate	0x0031b8c4,0x0031c18c,0x0031de58
aug6-retail-3252	26	0x0036c1ec	FUN_0036c1ec	40	0x0031ad40	s06_00268500	1	3	3	3	ambiguous_candidate	0x0031ad40,0x0031b8ec,0x0031c1b4
aug6-retail-3253	26	0x0036ca8c	FUN_0036ca8c	40	0x0031b8c4	s06_00268500	1	3	3	3	ambiguous_candidate	0x0031b8c4,0x0031c18c,0x0031de58
aug6-retail-3254	26	0x0036cab4	FUN_0036cab4	40	0x0031ad40	s06_00268500	1	3	3	3	ambiguous_candidate	0x0031ad40,0x0031b8ec,0x0031c1b4
aug6-retail-3255	26	0x0036d4d8	FUN_0036d4d8	40	0x0031cbd8	s06_00268500	1	1	1	1	unique_masked_candidate	0x0031cbd8
aug6-retail-3256	26	0x0036d500	FUN_0036d500	288	0x0031cc00	s06_00268500	0	1	0	1	unique_masked_candidate	0x0031cc00
aug6-retail-3257	26	0x0036d620	FUN_0036d620	56	0x0031cd20	s06_00268500	1	1	1	1	unique_masked_candidate	0x0031cd20
aug6-retail-3258	26	0x0036e758	FUN_0036e758	40	0x0031b8c4	s06_00268500	1	3	3	3	ambiguous_candidate	0x0031b8c4,0x0031c18c,0x0031de58
aug6-retail-3259	26	0x00374320	FUN_00374320	28	0x002754a8	s06_00268500	0	11	0	15	ambiguous_candidate	0x002754a8,0x00281fb0,0x002b6b30,0x002d93d0,0x002e1b80,0x00322db0,0x00376e70,0x003ca2c0,0x003cbf40,0x003cc6e0,0x003cc700
aug6-retail-3260	26	0x0037dd68	FUN_0037dd68	44	0x00279f88	s06_00268500	0	2	0	3	ambiguous_candidate	0x00279f88,0x0028d690
aug6-retail-3261	26	0x00381728	FUN_00381728	48	0x0032e418	s06_00268500	0	1	0	1	unique_masked_candidate	0x0032e418
aug6-retail-3262	26	0x00386790	FUN_00386790	144	0x00359a60	s06_00268500	1	5	5	3	ambiguous_candidate	0x00359a60,0x00364d20,0x003685d0,0x003b8598,0x003bd2e8
aug6-retail-3263	26	0x00388e18	FUN_00388e18	144	0x00359a60	s06_00268500	1	5	5	3	ambiguous_candidate	0x00359a60,0x00364d20,0x003685d0,0x003b8598,0x003bd2e8
aug6-retail-3264	26	0x0039bcd0	FUN_0039bcd0	16	0x0033d040	s06_00268500	1	1	1	1	unique_masked_candidate	0x0033d040
aug6-retail-3265	26	0x0039cdd0	UpdateMoby_775	76	0x0033e2b8	s06_00268500	0	1	0	1	unique_masked_candidate	0x0033e2b8
aug6-retail-3266	26	0x0039d330	FUN_0039d330	16	0x0033e7c8	s06_00268500	1	1	1	1	unique_masked_candidate	0x0033e7c8
aug6-retail-3267	26	0x003a1388	FUN_003a1388	288	0x002d73c8	s06_00268500	1	6	6	6	ambiguous_candidate	0x002d73c8,0x003447a8,0x0035bd30,0x00369e00,0x0037b398,0x003a1f80
aug6-retail-3268	26	0x003a1e98	FUN_003a1e98	144	0x00345a70	s06_00268500	1	2	2	2	ambiguous_candidate	0x00345a70,0x0037bf90
aug6-retail-3269	26	0x003b0d78	FUN_003b0d78	44	0x003b4648	s06_00268500	1	1	1	1	unique_masked_candidate	0x003b4648
aug6-retail-3270	26	0x003b1c70	FUN_003b1c70	136	0x00369d78	s06_00268500	1	9	9	10	ambiguous_candidate	0x00369d78,0x00370008,0x00372bb8,0x003795e8,0x00383550,0x003849a0,0x003a1ef8,0x003a9c70,0x003b5560
aug6-retail-3271	26	0x003b8958	UpdateMoby_2384	28	0x00358ea8	s06_00268500	0	1	0	1	unique_masked_candidate	0x00358ea8
aug6-retail-3272	26	0x003b9dc8	FUN_003b9dc8	136	0x00369d78	s06_00268500	1	9	9	10	ambiguous_candidate	0x00369d78,0x00370008,0x00372bb8,0x003795e8,0x00383550,0x003849a0,0x003a1ef8,0x003a9c70,0x003b5560
aug6-retail-3273	26	0x003b9e50	FUN_003b9e50	288	0x002d73c8	s06_00268500	1	6	6	6	ambiguous_candidate	0x002d73c8,0x003447a8,0x0035bd30,0x00369e00,0x0037b398,0x003a1f80
aug6-retail-3274	26	0x003bdb70	FUN_003bdb70	40	0x00360da8	s06_00268500	1	1	1	1	unique_masked_candidate	0x00360da8
aug6-retail-3275	26	0x003c6cb8	FUN_003c6cb8	136	0x00369d78	s06_00268500	1	9	9	10	ambiguous_candidate	0x00369d78,0x00370008,0x00372bb8,0x003795e8,0x00383550,0x003849a0,0x003a1ef8,0x003a9c70,0x003b5560
aug6-retail-3276	26	0x003c6d40	FUN_003c6d40	288	0x002d73c8	s06_00268500	1	6	6	6	ambiguous_candidate	0x002d73c8,0x003447a8,0x0035bd30,0x00369e00,0x0037b398,0x003a1f80
aug6-retail-3277	26	0x003cdb68	FUN_003cdb68	136	0x00369d78	s06_00268500	1	9	9	10	ambiguous_candidate	0x00369d78,0x00370008,0x00372bb8,0x003795e8,0x00383550,0x003849a0,0x003a1ef8,0x003a9c70,0x003b5560
aug6-retail-3278	26	0x003d14d8	FUN_003d14d8	136	0x00369d78	s06_00268500	1	9	9	10	ambiguous_candidate	0x00369d78,0x00370008,0x00372bb8,0x003795e8,0x00383550,0x003849a0,0x003a1ef8,0x003a9c70,0x003b5560
aug6-retail-3279	26	0x003d5b00	UpdateMoby_3077	28	0x002754a8	s06_00268500	0	11	0	15	ambiguous_candidate	0x002754a8,0x00281fb0,0x002b6b30,0x002d93d0,0x002e1b80,0x00322db0,0x00376e70,0x003ca2c0,0x003cbf40,0x003cc6e0,0x003cc700
aug6-retail-3280	26	0x003d8180	FUN_003d8180	136	0x00369d78	s06_00268500	1	9	9	10	ambiguous_candidate	0x00369d78,0x00370008,0x00372bb8,0x003795e8,0x00383550,0x003849a0,0x003a1ef8,0x003a9c70,0x003b5560
aug6-retail-3281	26	0x003da1d0	FUN_003da1d0	288	0x002d73c8	s06_00268500	1	6	6	6	ambiguous_candidate	0x002d73c8,0x003447a8,0x0035bd30,0x00369e00,0x0037b398,0x003a1f80
aug6-retail-3282	26	0x003dace0	FUN_003dace0	144	0x00345a70	s06_00268500	1	2	2	2	ambiguous_candidate	0x00345a70,0x0037bf90
aug6-retail-3283	26	0x003db3b8	FUN_003db3b8	104	0x00342210	s06_00268500	1	2	2	2	ambiguous_candidate	0x00342210,0x0037c798
aug6-retail-3284	26	0x003de888	FUN_003de888	144	0x00359a60	s06_00268500	1	5	5	3	ambiguous_candidate	0x00359a60,0x00364d20,0x003685d0,0x003b8598,0x003bd2e8
aug6-retail-3285	26	0x003e4cd0	FUN_003e4cd0	136	0x00369d78	s06_00268500	1	9	9	10	ambiguous_candidate	0x00369d78,0x00370008,0x00372bb8,0x003795e8,0x00383550,0x003849a0,0x003a1ef8,0x003a9c70,0x003b5560
aug6-retail-3286	26	0x003e6078	FUN_003e6078	136	0x00369d78	s06_00268500	1	9	9	10	ambiguous_candidate	0x00369d78,0x00370008,0x00372bb8,0x003795e8,0x00383550,0x003849a0,0x003a1ef8,0x003a9c70,0x003b5560
aug6-retail-3287	26	0x003e7788	FUN_003e7788	64	0x003860e8	s06_00268500	1	1	1	1	unique_masked_candidate	0x003860e8
aug6-retail-3288	26	0x004052f0	FUN_004052f0	136	0x00369d78	s06_00268500	1	9	9	10	ambiguous_candidate	0x00369d78,0x00370008,0x00372bb8,0x003795e8,0x00383550,0x003849a0,0x003a1ef8,0x003a9c70,0x003b5560
aug6-retail-3289	26	0x00405378	FUN_00405378	288	0x002d73c8	s06_00268500	1	6	6	6	ambiguous_candidate	0x002d73c8,0x003447a8,0x0035bd30,0x00369e00,0x0037b398,0x003a1f80
aug6-retail-3290	26	0x0040b3b8	FUN_0040b3b8	136	0x00369d78	s06_00268500	1	9	9	10	ambiguous_candidate	0x00369d78,0x00370008,0x00372bb8,0x003795e8,0x00383550,0x003849a0,0x003a1ef8,0x003a9c70,0x003b5560
aug6-retail-3291	26	0x0040dbf0	FUN_0040dbf0	104	0x00342210	s06_00268500	1	2	2	2	ambiguous_candidate	0x00342210,0x0037c798
aug6-retail-3292	26	0x0040dc58	FUN_0040dc58	112	0x00342278	s06_00268500	1	1	1	1	unique_masked_candidate	0x00342278
aug6-retail-3293	26	0x00413198	FUN_00413198	44	0x003c2bd8	s06_00268500	0	1	0	1	unique_masked_candidate	0x003c2bd8
aug6-retail-3294	26	0x004168a8	FUN_004168a8	16	0x003c5de0	s06_00268500	1	1	1	1	unique_masked_candidate	0x003c5de0
aug6-retail-3295	26	0x0041b2a0	UpdateCamera_6	28	0x002754a8	s06_00268500	0	11	0	15	ambiguous_candidate	0x002754a8,0x00281fb0,0x002b6b30,0x002d93d0,0x002e1b80,0x00322db0,0x00376e70,0x003ca2c0,0x003cbf40,0x003cc6e0,0x003cc700
aug6-retail-3296	26	0x0041cd60	InitCamera_24	32	0x003cbb48	s06_00268500	0	1	0	1	unique_masked_candidate	0x003cbb48
aug6-retail-3297	26	0x0041d470	FUN_0041d470	28	0x002754a8	s06_00268500	0	11	0	15	ambiguous_candidate	0x002754a8,0x00281fb0,0x002b6b30,0x002d93d0,0x002e1b80,0x00322db0,0x00376e70,0x003ca2c0,0x003cbf40,0x003cc6e0,0x003cc700
aug6-retail-3298	26	0x0041dc20	FUN_0041dc20	28	0x002754a8	s06_00268500	0	11	0	15	ambiguous_candidate	0x002754a8,0x00281fb0,0x002b6b30,0x002d93d0,0x002e1b80,0x00322db0,0x00376e70,0x003ca2c0,0x003cbf40,0x003cc6e0,0x003cc700
aug6-retail-3299	26	0x0041dcf8	FUN_0041dcf8	36	0x003cc7d8	s06_00268500	1	1	1	1	unique_masked_candidate	0x003cc7d8
aug6-retail-3300	26	0x0041dd28	FUN_0041dd28	32	0x003cc808	s06_00268500	1	1	1	1	unique_masked_candidate	0x003cc808
aug6-retail-3301	26	0x0041dd48	FUN_0041dd48	40	0x003cc828	s06_00268500	1	1	1	1	unique_masked_candidate	0x003cc828
aug6-retail-3302	26	0x0041de48	FUN_0041de48	36	0x003cc928	s06_00268500	1	1	1	1	unique_masked_candidate	0x003cc928
aug6-retail-3303	26	0x0041e358	FUN_0041e358	20	0x003cce38	s06_00268500	1	1	1	1	unique_masked_candidate	0x003cce38
aug6-retail-3304	26	0x0041e370	FUN_0041e370	20	0x003cce50	s06_00268500	1	1	1	1	unique_masked_candidate	0x003cce50
aug6-retail-3305	26	0x0041e388	FUN_0041e388	60	0x003cce68	s06_00268500	1	1	1	1	unique_masked_candidate	0x003cce68
aug6-retail-3306	26	0x0041e3c8	FUN_0041e3c8	60	0x003ccea8	s06_00268500	1	1	1	1	unique_masked_candidate	0x003ccea8
aug6-retail-3307	26	0x0041e7e0	FUN_0041e7e0	44	0x003cd290	s06_00268500	1	1	1	1	unique_masked_candidate	0x003cd290
aug6-retail-3308	26	0x0041e810	FUN_0041e810	24	0x003cd2c0	s06_00268500	1	1	1	1	unique_masked_candidate	0x003cd2c0
aug6-retail-3309	26	0x0041e900	FUN_0041e900	44	0x003cd3b0	s06_00268500	0	1	0	1	unique_masked_candidate	0x003cd3b0
aug6-retail-3310	26	0x0041ea58	FUN_0041ea58	296	0x003cd508	s06_00268500	1	1	1	1	unique_masked_candidate	0x003cd508
aug6-retail-3311	26	0x0041eb88	FUN_0041eb88	24	0x003cd638	s06_00268500	1	1	1	1	unique_masked_candidate	0x003cd638
aug6-retail-3312	26	0x0041ec10	FUN_0041ec10	80	0x003cd6c0	s06_00268500	1	1	1	1	unique_masked_candidate	0x003cd6c0
aug6-retail-3313	26	0x0041ed90	FUN_0041ed90	28	0x003cd840	s06_00268500	1	1	1	1	unique_masked_candidate	0x003cd840
aug6-retail-3314	26	0x00421638	FUN_00421638	28	0x003d1c78	s06_00268500	0	1	0	2	ambiguous_candidate	0x003d1c78
aug6-retail-3315	26	0x00422898	FUN_00422898	16	0x003d07c8	s06_00268500	1	1	1	1	unique_masked_candidate	0x003d07c8
aug6-retail-3316	26	0x004228a8	FUN_004228a8	24	0x003d07d8	s06_00268500	1	1	1	1	unique_masked_candidate	0x003d07d8
aug6-retail-3317	26	0x00422ee0	FUN_00422ee0	20	0x003d0c68	s06_00268500	1	2	2	2	ambiguous_candidate	0x003d0c68,0x003d5178
aug6-retail-3318	26	0x004264e8	FUN_004264e8	28	0x003d1c78	s06_00268500	0	1	0	2	ambiguous_candidate	0x003d1c78
aug6-retail-3319	26	0x00429910	FUN_00429910	28	0x003d4ca0	s06_00268500	0	1	0	1	unique_masked_candidate	0x003d4ca0
aug6-retail-3320	26	0x00429930	FUN_00429930	28	0x003d4cc0	s06_00268500	0	1	0	1	unique_masked_candidate	0x003d4cc0
aug6-retail-3321	26	0x00429d58	FUN_00429d58	28	0x002e0ee8	s06_00268500	0	2	0	4	ambiguous_candidate	0x002e0ee8,0x002e0fc8
aug6-retail-3322	26	0x0042af08	FUN_0042af08	20	0x003d0c68	s06_00268500	1	2	2	2	ambiguous_candidate	0x003d0c68,0x003d5178
aug6-retail-3323	26	0x0042ff30	FUN_0042ff30	108	0x003d94e0	s06_00268500	1	1	1	1	unique_masked_candidate	0x003d94e0
aug6-retail-3324	26	0x0042ffb8	FUN_0042ffb8	36	0x003d9560	s06_00268500	1	1	1	1	unique_masked_candidate	0x003d9560
aug6-retail-3325	26	0x00431360	FUN_00431360	52	0x003da488	s06_00268500	1	1	1	1	unique_masked_candidate	0x003da488
aug6-retail-3326	26	0x00431468	FUN_00431468	20	0x003da590	s06_00268500	1	1	1	1	unique_masked_candidate	0x003da590
aug6-retail-3327	26	0x004314a0	FUN_004314a0	52	0x003da5c8	s06_00268500	1	1	1	1	unique_masked_candidate	0x003da5c8
aug6-retail-3328	26	0x004314d8	FUN_004314d8	24	0x003da600	s06_00268500	1	1	1	1	unique_masked_candidate	0x003da600
aug6-retail-3329	26	0x004314f8	FUN_004314f8	60	0x003da620	s06_00268500	1	1	1	1	unique_masked_candidate	0x003da620
aug6-retail-3330	26	0x004317e0	FUN_004317e0	80	0x003da908	s06_00268500	1	1	1	1	unique_masked_candidate	0x003da908
aug6-retail-3331	26	0x00431928	FUN_00431928	16	0x003daa50	s06_00268500	1	1	1	1	unique_masked_candidate	0x003daa50
aug6-retail-3332	26	0x00431938	FUN_00431938	52	0x003daa60	s06_00268500	1	1	1	1	unique_masked_candidate	0x003daa60
aug6-retail-3333	26	0x00431970	FUN_00431970	16	0x003daa98	s06_00268500	1	1	1	1	unique_masked_candidate	0x003daa98
aug6-retail-3334	26	0x00431980	FUN_00431980	40	0x003daaa8	s06_00268500	1	1	1	1	unique_masked_candidate	0x003daaa8
aug6-retail-3335	26	0x004319a8	FUN_004319a8	52	0x003daad0	s06_00268500	1	1	1	1	unique_masked_candidate	0x003daad0
aug6-retail-3336	26	0x00432eb0	FUN_00432eb0	20	0x003dbde8	s06_00268500	1	1	1	1	unique_masked_candidate	0x003dbde8
aug6-retail-3337	26	0x00437290	FUN_00437290	28	0x003dfe48	s06_00268500	1	1	1	1	unique_masked_candidate	0x003dfe48
aug6-retail-3338	26	0x00437770	FUN_00437770	32	0x003e0328	s06_00268500	0	2	0	2	ambiguous_candidate	0x003e0328,0x003e22c8
aug6-retail-3339	26	0x00437838	FUN_00437838	208	0x003e03f0	s06_00268500	1	1	1	1	unique_masked_candidate	0x003e03f0
aug6-retail-3340	26	0x00437908	FUN_00437908	180	0x003e04c0	s06_00268500	1	1	1	1	unique_masked_candidate	0x003e04c0
aug6-retail-3341	26	0x004379c0	FUN_004379c0	16	0x003e0578	s06_00268500	1	1	1	1	unique_masked_candidate	0x003e0578
aug6-retail-3342	26	0x004379d0	FUN_004379d0	36	0x003e0588	s06_00268500	0	1	0	1	unique_masked_candidate	0x003e0588
aug6-retail-3343	26	0x00438468	FUN_00438468	24	0x003e1030	s06_00268500	1	1	1	1	unique_masked_candidate	0x003e1030
aug6-retail-3344	26	0x00438488	FUN_00438488	48	0x003e1050	s06_00268500	1	1	1	1	unique_masked_candidate	0x003e1050
aug6-retail-3345	26	0x004384b8	FUN_004384b8	68	0x003e1080	s06_00268500	1	1	1	1	unique_masked_candidate	0x003e1080
aug6-retail-3346	26	0x00438500	FUN_00438500	72	0x003e10c8	s06_00268500	1	1	1	1	unique_masked_candidate	0x003e10c8
aug6-retail-3347	26	0x00438548	FUN_00438548	36	0x003e1110	s06_00268500	1	1	1	1	unique_masked_candidate	0x003e1110
aug6-retail-3348	26	0x00438570	FUN_00438570	16	0x003e1138	s06_00268500	1	1	1	1	unique_masked_candidate	0x003e1138
aug6-retail-3349	26	0x00438628	FUN_00438628	68	0x003e11f0	s06_00268500	1	1	1	1	unique_masked_candidate	0x003e11f0
aug6-retail-3350	26	0x00438750	FUN_00438750	36	0x003e1318	s06_00268500	1	1	1	1	unique_masked_candidate	0x003e1318
aug6-retail-3351	26	0x004391e8	FUN_004391e8	340	0x003e1db0	s06_00268500	1	1	1	1	unique_masked_candidate	0x003e1db0
aug6-retail-3352	26	0x00439700	FUN_00439700	32	0x003e0328	s06_00268500	0	2	0	2	ambiguous_candidate	0x003e0328,0x003e22c8
aug6-retail-3353	26	0x00439720	FUN_00439720	28	0x003e22e8	s06_00268500	0	3	0	3	ambiguous_candidate	0x003e22e8,0x003e2308,0x003e23d8
aug6-retail-3354	26	0x00439740	FUN_00439740	28	0x003e22e8	s06_00268500	0	3	0	3	ambiguous_candidate	0x003e22e8,0x003e2308,0x003e23d8
aug6-retail-3355	26	0x00439810	FUN_00439810	28	0x003e22e8	s06_00268500	0	3	0	3	ambiguous_candidate	0x003e22e8,0x003e2308,0x003e23d8
aug6-retail-3356	26	0x00439cc0	FUN_00439cc0	88	0x003e2888	s06_00268500	1	1	1	1	unique_masked_candidate	0x003e2888
aug6-retail-3357	26	0x00439d20	FUN_00439d20	16	0x003e28e8	s06_00268500	1	1	1	1	unique_masked_candidate	0x003e28e8
aug6-retail-3358	26	0x00439d30	FUN_00439d30	20	0x003e28f8	s06_00268500	1	1	1	1	unique_masked_candidate	0x003e28f8
aug6-retail-3359	26	0x00439e78	FUN_00439e78	32	0x003e2a40	s06_00268500	1	1	1	1	unique_masked_candidate	0x003e2a40
