table	level	id	role	address	aux	proposed_name	source
moby	0_aranos_tutorial	2		0x00380a88	0x002a3978	UpdateMoby_2	proto
moby	0_aranos_tutorial	14		0x00380a90	0x002a3978	UpdateMoby_14	proto
moby	0_aranos_tutorial	1007		0x003825c8	0x002a3978	UpdateMoby_1007	proto
moby	0_aranos_tutorial	4853		0x003827c0	0x002a3978		
moby	0_aranos_tutorial	4857		0x003827e0	0x002a3978		
moby	0_aranos_tutorial	4858		0x00382910	0x002a3978		
moby	0_aranos_tutorial	4909		0x00382ae8	0x002a3978		
moby	0_aranos_tutorial	4912		0x00383300	0x002a3978		
moby	0_aranos_tutorial	4917		0x00383b90	0x002a3978		
moby	0_aranos_tutorial	4959		0x00385370	0x002a3978		
moby	0_aranos_tutorial	4966		0x00386b18	0x002a3978		
moby	0_aranos_tutorial	4967		0x003895c0	0x002a3978		
moby	0_aranos_tutorial	13		0x00380a90	0x002a3978	UpdateMoby_13	proto
moby	0_aranos_tutorial	15		0x00380a90	0x002a3978	UpdateMoby_15	proto
moby	0_aranos_tutorial	16		0x00380a90	0x002a3978	UpdateMoby_16	proto
moby	0_aranos_tutorial	17		0x00380a90	0x002a3978	UpdateMoby_17	proto
moby	0_aranos_tutorial	18		0x00380a90	0x002a3978	UpdateMoby_18	proto
moby	0_aranos_tutorial	19		0x00380a90	0x002a3978	UpdateMoby_19	proto
moby	0_aranos_tutorial	71		0x0038bf18	0x002a3978	UpdateMoby_71	proto
moby	0_aranos_tutorial	112		0x0038d368	0x002a3978	UpdateMoby_112	proto
moby	0_aranos_tutorial	121		0x0038d468	0x002a3978	UpdateMoby_121	proto
moby	0_aranos_tutorial	122		0x0038f5f0	0x002a3978	UpdateMoby_122	proto
moby	0_aranos_tutorial	163		0x0038f8b8	0x002a3978	UpdateMoby_163	proto
moby	0_aranos_tutorial	166		0x0038fc48	0x002a3978	UpdateMoby_166	proto
moby	0_aranos_tutorial	167		0x00390998	0x002a3978	UpdateMoby_167	proto
moby	0_aranos_tutorial	172		0x003918c8	0x002a3978	UpdateMoby_172	proto
moby	0_aranos_tutorial	177		0x00392530	0x002a3978	UpdateMoby_177	proto
moby	0_aranos_tutorial	179		0x003952e0	0x002a3978	UpdateMoby_179	proto
moby	0_aranos_tutorial	180		0x00395428	0x002a3978	UpdateMoby_180	proto
moby	0_aranos_tutorial	188		0x00396288	0x002a3978	UpdateMoby_188	proto
moby	0_aranos_tutorial	192		0x00397e60	0x002a3978	UpdateMoby_192	proto
moby	0_aranos_tutorial	203		0x00398150	0x002a3978	UpdateMoby_203	proto
moby	0_aranos_tutorial	204		0x003990b8	0x002a3978	UpdateMoby_204	proto
moby	0_aranos_tutorial	208		0x00399ba0	0x002a3978	UpdateMoby_208	proto
moby	0_aranos_tutorial	209		0x0039ae30	0x002a3978	UpdateMoby_209	proto
moby	0_aranos_tutorial	357		0x0039b078	0x002a3978	UpdateMoby_357	proto
moby	0_aranos_tutorial	358		0x0039b288	0x002a3978	UpdateMoby_358	proto
moby	0_aranos_tutorial	500		0x0039b440	0x002a3978	UpdateMoby_500	proto
moby	0_aranos_tutorial	501		0x0039b440	0x002a3978	UpdateMoby_501	proto
moby	0_aranos_tutorial	511		0x0039b440	0x002a3978	UpdateMoby_511	proto
moby	0_aranos_tutorial	562		0x0039d110	0x002a3978	UpdateMoby_562	proto
moby	0_aranos_tutorial	607		0x0039d378	0x002a3978	UpdateMoby_607	proto
moby	0_aranos_tutorial	639		0x0039d598	0x002a3978	UpdateMoby_639	proto
moby	0_aranos_tutorial	679		0x0039e158	0x002a3978	UpdateMoby_679	proto
moby	0_aranos_tutorial	775		0x0039e5b0	0x002a3978	UpdateMoby_775	proto
moby	0_aranos_tutorial	804		0x0039e600	0x002a3978	UpdateMoby_804	proto
moby	0_aranos_tutorial	805		0x0039e7a8	0x002a3978	UpdateMoby_805	proto
moby	0_aranos_tutorial	806		0x0039f3d0	0x002a3978	UpdateMoby_806	proto
moby	0_aranos_tutorial	832		0x003a0c00	0x002a3978	UpdateMoby_832	proto
moby	0_aranos_tutorial	1192		0x0038d368	0x002a3978	UpdateMoby_1192	proto
moby	0_aranos_tutorial	1482		0x003a0f30	0x002a3978	UpdateMoby_1482	proto
moby	0_aranos_tutorial	1483		0x003a2ee0	0x002a3978	UpdateMoby_1483	proto
moby	0_aranos_tutorial	1486		0x003a3f30	0x002a3978	UpdateMoby_1486	proto
moby	0_aranos_tutorial	1487		0x003a48d0	0x002a3978	UpdateMoby_1487	proto
moby	0_aranos_tutorial	1489		0x003a53e8	0x002a3978	UpdateMoby_1489	proto
moby	0_aranos_tutorial	1490		0x003a6c30	0x002a3978	UpdateMoby_1490	proto
moby	0_aranos_tutorial	1494		0x003a7e78	0x002a3978	UpdateMoby_1494	proto
moby	0_aranos_tutorial	1496		0x003a9c58	0x002a3978	UpdateMoby_1496	proto
moby	0_aranos_tutorial	1497		0x003aa708	0x002a3978	UpdateMoby_1497	proto
moby	0_aranos_tutorial	1498		0x003abec8	0x002a3978	UpdateMoby_1498	proto
moby	0_aranos_tutorial	2078		0x003acf08	0x002a3978	UpdateMoby_2078	proto
moby	0_aranos_tutorial	2079		0x003ae900	0x002a3978	UpdateMoby_2079	proto
moby	0_aranos_tutorial	2080		0x003b1270	0x002a3978	UpdateMoby_2080	proto
moby	0_aranos_tutorial	2085		0x003b1be0	0x002a3978	UpdateMoby_2085	proto
moby	0_aranos_tutorial	2088		0x003b3160	0x002a3978	UpdateMoby_2088	proto
moby	0_aranos_tutorial	2143		0x003b3458	0x002a3978	UpdateMoby_2143	proto
moby	0_aranos_tutorial	2160		0x003b58b8	0x002a3978	UpdateMoby_2160	proto
moby	0_aranos_tutorial	2169		0x003b5bf8	0x002a3978	UpdateMoby_2169	proto
moby	0_aranos_tutorial	2189		0x003b63d8	0x002a3978		
moby	0_aranos_tutorial	2209		0x003b79a0	0x002a3978	UpdateMoby_2209	proto
moby	0_aranos_tutorial	2311		0x003b7d50	0x002a3978	UpdateMoby_2311	proto
moby	0_aranos_tutorial	2329		0x003b8420	0x002a3978	UpdateMoby_2329	proto
moby	0_aranos_tutorial	2384		0x003b9cb8	0x002a3978	UpdateMoby_2384	proto
moby	0_aranos_tutorial	2460		0x003b9cd8	0x002a3978	UpdateMoby_2460	proto
moby	0_aranos_tutorial	2473		0x003bac30	0x002a3978	UpdateMoby_2473	proto
moby	0_aranos_tutorial	2484		0x003bd7e0	0x002a3978	UpdateMoby_2484	proto
moby	0_aranos_tutorial	2485		0x003c0030	0x002a3978	UpdateMoby_2485	proto
moby	0_aranos_tutorial	2503		0x003c27a0	0x002a3978	UpdateMoby_2503	proto
moby	0_aranos_tutorial	2616		0x003c2f10	0x002a3978	UpdateMoby_2616	proto
moby	0_aranos_tutorial	2650		0x003c2fc8	0x002a3978	UpdateMoby_2650	proto
moby	0_aranos_tutorial	2651		0x003c3418	0x002a3978	UpdateMoby_2651	proto
moby	0_aranos_tutorial	2652		0x003c3d90	0x002a3978	UpdateMoby_2652	proto
moby	0_aranos_tutorial	2653		0x003c6298	0x002a3978	UpdateMoby_2653	proto
moby	0_aranos_tutorial	2661		0x003c8828	0x002a3978	UpdateMoby_2661	proto
moby	0_aranos_tutorial	2663		0x003c8a90	0x002a3978	UpdateMoby_2663	proto
moby	0_aranos_tutorial	2690		0x003c9978	0x002a3978	UpdateMoby_2690	proto
moby	0_aranos_tutorial	2715		0x003ca730	0x002a3978	UpdateMoby_2715	proto
moby	0_aranos_tutorial	2743		0x003cd158	0x002a3978	UpdateMoby_2743	proto
moby	0_aranos_tutorial	2752		0x003cd160	0x002a3978	UpdateMoby_2752	proto
moby	0_aranos_tutorial	2753		0x003cd8e0	0x002a3978	UpdateMoby_2753	proto
moby	0_aranos_tutorial	2754		0x003ce278	0x002a3978	UpdateMoby_2754	proto
moby	0_aranos_tutorial	2755		0x003cec50	0x002a3978	UpdateMoby_2755	proto
moby	0_aranos_tutorial	2756		0x003ced50	0x002a3978	UpdateMoby_2756	proto
moby	0_aranos_tutorial	2757		0x003cf438	0x002a3978	UpdateMoby_2757	proto
moby	0_aranos_tutorial	2758		0x003cf530	0x002a3978	UpdateMoby_2758	proto
moby	0_aranos_tutorial	2759		0x003cf610	0x002a3978	UpdateMoby_2759	proto
moby	0_aranos_tutorial	2760		0x003cf9b0	0x002a3978	UpdateMoby_2760	proto
moby	0_aranos_tutorial	2761		0x003cfb00	0x002a3978	UpdateMoby_2761	proto
moby	0_aranos_tutorial	2762		0x003d0008	0x002a3978	UpdateMoby_2762	proto
moby	0_aranos_tutorial	2779		0x003d0910	0x002a3978	UpdateMoby_2779	proto
moby	0_aranos_tutorial	2784		0x003d1258	0x002a3978	UpdateMoby_2784	proto
moby	0_aranos_tutorial	2801		0x003d1d28	0x002a3978	UpdateMoby_2801	proto
moby	0_aranos_tutorial	2806		0x003b5bf8	0x002a3978	UpdateMoby_2806	proto
moby	0_aranos_tutorial	2818		0x003d4a20	0x002a3978	UpdateMoby_2818	proto
moby	0_aranos_tutorial	2826		0x003d54b0	0x002a3978	UpdateMoby_2826	proto
moby	0_aranos_tutorial	2827		0x003d7bd0	0x002a3978	UpdateMoby_2827	proto
moby	0_aranos_tutorial	2862		0x003db118	0x002a3978	UpdateMoby_2862	proto
moby	0_aranos_tutorial	2865		0x003dd2b8	0x002a3978	UpdateMoby_2865	proto
moby	0_aranos_tutorial	2866		0x003dd2b8	0x002a3978	UpdateMoby_2866	proto
moby	0_aranos_tutorial	2867		0x003dd2b8	0x002a3978	UpdateMoby_2867	proto
moby	0_aranos_tutorial	2868		0x003dd2b8	0x002a3978	UpdateMoby_2868	proto
moby	0_aranos_tutorial	2869		0x003dd2b8	0x002a3978	UpdateMoby_2869	proto
moby	0_aranos_tutorial	2875		0x003dd2b8	0x002a3978	UpdateMoby_2875	proto
moby	0_aranos_tutorial	2897		0x003dd680	0x002a3978		
moby	0_aranos_tutorial	2904		0x003dd6a8	0x002a3978	UpdateMoby_2904	proto
moby	0_aranos_tutorial	2943		0x003df710	0x002a3978	UpdateMoby_2943	proto
moby	0_aranos_tutorial	3031		0x003e0240	0x002a3978	UpdateMoby_3031	proto
moby	0_aranos_tutorial	3032		0x003e17a8	0x002a3978	UpdateMoby_3032	proto
moby	0_aranos_tutorial	3070		0x003e2510	0x002a3978	UpdateMoby_3070	proto
moby	0_aranos_tutorial	3076		0x003e3a18	0x002a3978	UpdateMoby_3076	proto
moby	0_aranos_tutorial	3077		0x003e4948	0x002a3978	UpdateMoby_3077	proto
moby	0_aranos_tutorial	3078		0x003e4bf0	0x002a3978	UpdateMoby_3078	proto
moby	0_aranos_tutorial	3079		0x003e7270	0x002a3978	UpdateMoby_3079	proto
moby	0_aranos_tutorial	3082		0x003cfb00	0x002a3978	UpdateMoby_3082	proto
moby	0_aranos_tutorial	3083		0x003cfb00	0x002a3978	UpdateMoby_3083	proto
moby	0_aranos_tutorial	3084		0x003cfb00	0x002a3978	UpdateMoby_3084	proto
moby	0_aranos_tutorial	3085		0x003cfb00	0x002a3978	UpdateMoby_3085	proto
moby	0_aranos_tutorial	3094		0x003e7760	0x002a3978	UpdateMoby_3094	proto
moby	0_aranos_tutorial	3106		0x003e7768	0x002a3978	UpdateMoby_3106	proto
moby	0_aranos_tutorial	3137		0x003e7c88	0x002a3978	UpdateMoby_3137	proto
moby	0_aranos_tutorial	3146		0x003e8188	0x002a3978	UpdateMoby_3146	proto
moby	0_aranos_tutorial	3148		0x003ea408	0x002a3978	UpdateMoby_3148	proto
moby	0_aranos_tutorial	3161		0x003ea540	0x002a3978	UpdateMoby_3161	proto
moby	0_aranos_tutorial	3162		0x003eaa58	0x002a3978	UpdateMoby_3162	proto
moby	0_aranos_tutorial	3164		0x003eacc0	0x002a3978	UpdateMoby_3164	proto
moby	0_aranos_tutorial	3171		0x003eaef8	0x002a3978	UpdateMoby_3171	proto
moby	0_aranos_tutorial	3174		0x003eb0c0	0x002a3978	UpdateMoby_3174	proto
moby	0_aranos_tutorial	3211		0x003eb3b8	0x002a3978	UpdateMoby_3211	proto
moby	0_aranos_tutorial	3212		0x003eb400	0x002a3978	UpdateMoby_3212	proto
moby	0_aranos_tutorial	3250		0x003ec140	0x002a3978	UpdateMoby_3250	proto
moby	0_aranos_tutorial	3259		0x003ed198	0x002a3978	UpdateMoby_3259	proto
moby	0_aranos_tutorial	3290		0x003ee288	0x002a3978	UpdateMoby_3290	proto
moby	0_aranos_tutorial	3291		0x003d1258	0x002a3978	UpdateMoby_3291	proto
moby	0_aranos_tutorial	3299		0x003ee4c0	0x002a3978	UpdateMoby_3299	proto
moby	0_aranos_tutorial	3300		0x003ee920	0x002a3978	UpdateMoby_3300	proto
moby	0_aranos_tutorial	3301		0x003eee90	0x002a3978	UpdateMoby_3301	proto
moby	0_aranos_tutorial	3303		0x003f0cc8	0x002a3978	UpdateMoby_3303	proto
moby	0_aranos_tutorial	3305		0x003f3160	0x002a3978	UpdateMoby_3305	proto
moby	0_aranos_tutorial	3307		0x003f37a0	0x002a3978	UpdateMoby_3307	proto
moby	0_aranos_tutorial	3308		0x003f3a88	0x002a3978	UpdateMoby_3308	proto
moby	0_aranos_tutorial	3310		0x003f3d70	0x002a3978	UpdateMoby_3310	proto
moby	0_aranos_tutorial	3315		0x003f4210	0x002a3978	UpdateMoby_3315	proto
moby	0_aranos_tutorial	3319		0x003f4ec8	0x002a3978	UpdateMoby_3319	proto
moby	0_aranos_tutorial	3329		0x003aa708	0x002a3978	UpdateMoby_3329	proto
moby	0_aranos_tutorial	3332		0x003f87b0	0x002a3978	UpdateMoby_3332	proto
moby	0_aranos_tutorial	3358		0x003f9368	0x002a3978	UpdateMoby_3358	proto
moby	0_aranos_tutorial	3397		0x003f94f8	0x002a3978	UpdateMoby_3397	proto
moby	0_aranos_tutorial	3406		0x003f9a30	0x002a3978	UpdateMoby_3406	proto
moby	0_aranos_tutorial	3412		0x003fc100	0x002a3978		
moby	0_aranos_tutorial	3422		0x003fc228	0x002a3978	UpdateMoby_3422	proto
moby	0_aranos_tutorial	3484		0x003fcb70	0x002a3978	UpdateMoby_3484	proto
moby	0_aranos_tutorial	3521		0x003fd6b0	0x002a3978	UpdateMoby_3521	proto
moby	0_aranos_tutorial	3551		0x003fdb20	0x002a3978	UpdateMoby_3551	proto
moby	0_aranos_tutorial	3604		0x003fde48	0x002a3978	UpdateMoby_3604	proto
moby	0_aranos_tutorial	3631		0x003fe4c8	0x002a3978	UpdateMoby_3631	proto
moby	0_aranos_tutorial	3684		0x003feea0	0x002a3978	UpdateMoby_3684	proto
moby	0_aranos_tutorial	3696		0x003ffa70	0x002a3978	UpdateMoby_3696	proto
moby	0_aranos_tutorial	3705		0x003ffba0	0x002a3978	UpdateMoby_3705	proto
moby	0_aranos_tutorial	3706		0x004029e8	0x002a3978	UpdateMoby_3706	proto
moby	0_aranos_tutorial	3709		0x00402e50	0x002a3978	UpdateMoby_3709	proto
moby	0_aranos_tutorial	3742		0x003fde48	0x002a3978	UpdateMoby_3742	proto
moby	0_aranos_tutorial	3754		0x00403d58	0x002a3978	UpdateMoby_3754	proto
moby	0_aranos_tutorial	3755		0x004045e8	0x002a3978	UpdateMoby_3755	proto
moby	0_aranos_tutorial	3757		0x00405808	0x002a3978	UpdateMoby_3757	proto
moby	0_aranos_tutorial	3760		0x00407e38	0x002a3978	UpdateMoby_3760	proto
moby	0_aranos_tutorial	3784		0x00408e58	0x002a3978	UpdateMoby_3784	proto
moby	0_aranos_tutorial	3790		0x004096b0	0x002a3978	UpdateMoby_3790	proto
moby	0_aranos_tutorial	3799		0x0040a4b0	0x002a3978	UpdateMoby_3799	proto
moby	0_aranos_tutorial	3800		0x0040ba30	0x002a3978	UpdateMoby_3800	proto
moby	0_aranos_tutorial	3859		0x0040d648	0x002a3978	UpdateMoby_3859	proto
moby	0_aranos_tutorial	3949		0x0040df00	0x002a3978	UpdateMoby_3949	proto
moby	0_aranos_tutorial	3950		0x0040eaa0	0x002a3978	UpdateMoby_3950	proto
moby	0_aranos_tutorial	4016		0x0040f0a8	0x002a3978	UpdateMoby_4016	proto
moby	0_aranos_tutorial	4100		0x0040f6a0	0x002a3978	UpdateMoby_4100	proto
moby	0_aranos_tutorial	4114		0x003dd2b8	0x002a3978	UpdateMoby_4114	proto
moby	0_aranos_tutorial	4115		0x003dd2b8	0x002a3978	UpdateMoby_4115	proto
moby	0_aranos_tutorial	4116		0x003dd2b8	0x002a3978	UpdateMoby_4116	proto
moby	0_aranos_tutorial	4117		0x003dd2b8	0x002a3978	UpdateMoby_4117	proto
moby	0_aranos_tutorial	4118		0x003dd2b8	0x002a3978	UpdateMoby_4118	proto
moby	0_aranos_tutorial	4308		0x00410d18	0x002a3978	UpdateMoby_4308	proto
moby	0_aranos_tutorial	4309		0x00410d18	0x002a3978	UpdateMoby_4309	proto
moby	0_aranos_tutorial	4310		0x00410d18	0x002a3978	UpdateMoby_4310	proto
moby	0_aranos_tutorial	4311		0x00410d18	0x002a3978	UpdateMoby_4311	proto
moby	0_aranos_tutorial	4312		0x00410d18	0x002a3978	UpdateMoby_4312	proto
moby	0_aranos_tutorial	4313		0x00410d18	0x002a3978	UpdateMoby_4313	proto
moby	0_aranos_tutorial	4314		0x00410d18	0x002a3978	UpdateMoby_4314	proto
moby	0_aranos_tutorial	4315		0x00410d18	0x002a3978	UpdateMoby_4315	proto
moby	0_aranos_tutorial	4316		0x00410d18	0x002a3978	UpdateMoby_4316	proto
moby	0_aranos_tutorial	4317		0x00410d18	0x002a3978	UpdateMoby_4317	proto
moby	0_aranos_tutorial	4318		0x00410d18	0x002a3978	UpdateMoby_4318	proto
moby	0_aranos_tutorial	4319		0x00410d18	0x002a3978	UpdateMoby_4319	proto
moby	0_aranos_tutorial	4320		0x00410d18	0x002a3978	UpdateMoby_4320	proto
moby	0_aranos_tutorial	4321		0x00410d18	0x002a3978	UpdateMoby_4321	proto
moby	0_aranos_tutorial	4325		0x00410d18	0x002a3978	UpdateMoby_4325	proto
moby	0_aranos_tutorial	4406		0x00410d28	0x002a3978	UpdateMoby_4406	proto
moby	0_aranos_tutorial	4419		0x00412e68	0x002a3978		
moby	0_aranos_tutorial	4498		0x003c3d90	0x002a3978	UpdateMoby_4498	proto
moby	0_aranos_tutorial	4501		0x00413128	0x002a3978	UpdateMoby_4501	proto
moby	0_aranos_tutorial	5020		0x00414350	0x002a3978	UpdateMoby_5020	proto
moby	0_aranos_tutorial	5021		0x00415a38	0x002a3978	UpdateMoby_5021	proto
moby	0_aranos_tutorial	5022		0x004170a8	0x002a3978	UpdateMoby_5022	proto
moby	0_aranos_tutorial	5023		0x00418a28	0x002a3978	UpdateMoby_5023	proto
moby	0_aranos_tutorial	5024		0x003f71e8	0x002a3978	UpdateMoby_5024	proto
moby	0_aranos_tutorial	5050		0x004195d0	0x002a3978	UpdateMoby_5050	proto
moby	0_aranos_tutorial	1086		0x00419a90	0x002a3978	UpdateMoby_1086	proto
moby	0_aranos_tutorial	2881		0x00419b58	0x002a3978	UpdateMoby_2881	proto
moby	0_aranos_tutorial	2882		0x00419b80	0x002a3978	UpdateMoby_2882	proto
moby	0_aranos_tutorial	2885		0x00419ba8	0x002a3978	UpdateMoby_2885	proto
moby	0_aranos_tutorial	2893		0x00419bd0	0x002a3978	UpdateMoby_2893	proto
moby	0_aranos_tutorial	2898		0x00419bf8	0x002a3978	UpdateMoby_2898	proto
moby	0_aranos_tutorial	2899		0x00419c20	0x002a3978	UpdateMoby_2899	proto
moby	0_aranos_tutorial	3074		0x00419c48	0x002a3978	UpdateMoby_3074	proto
moby	0_aranos_tutorial	3086		0x003dd2b8	0x002a3978	UpdateMoby_3086	proto
moby	0_aranos_tutorial	3087		0x003dd2b8	0x002a3978	UpdateMoby_3087	proto
moby	0_aranos_tutorial	3135		0x00419c70	0x002a3978	UpdateMoby_3135	proto
moby	0_aranos_tutorial	3585		0x003cfb00	0x002a3978		
moby	0_aranos_tutorial	3586		0x003cfb00	0x002a3978		
moby	0_aranos_tutorial	1481		0x00419c98	0x002a3978	UpdateMoby_1481	proto
moby	0_aranos_tutorial	2170		0x0041cb80	0x002a3978	UpdateMoby_2170	proto
moby	0_aranos_tutorial	3209		0x0041ee58	0x002a3978	UpdateMoby_3209	proto
cam	0_aranos_tutorial	0	InitCamera	0x004263b0		InitCamera_0	proto
cam	0_aranos_tutorial	0	ActivateCamera	0x004233f8		ActivateCamera_0	proto
cam	0_aranos_tutorial	0	UpdateCamera	0x004263b8		UpdateCamera_0	proto
cam	0_aranos_tutorial	0	ExitCamera	0x00426478		ExitCamera_0	proto
cam	0_aranos_tutorial	4	InitCamera	0x00426c78		InitCamera_4	proto
cam	0_aranos_tutorial	4	ActivateCamera	0x00427008		ActivateCamera_4	proto
cam	0_aranos_tutorial	4	UpdateCamera	0x004266e8		UpdateCamera_4	proto
cam	0_aranos_tutorial	4	ExitCamera	0x004270c0		ExitCamera_4	proto
cam	0_aranos_tutorial	5	InitCamera	0x00427ad8		InitCamera_5	proto
cam	0_aranos_tutorial	5	ActivateCamera	0x00427628		ActivateCamera_5	proto
cam	0_aranos_tutorial	5	UpdateCamera	0x00427ae0		UpdateCamera_5	proto
cam	0_aranos_tutorial	5	ExitCamera	0x00427b38		ExitCamera_5	proto
cam	0_aranos_tutorial	6	InitCamera	0x004284a8		InitCamera_6	proto
cam	0_aranos_tutorial	6	ActivateCamera	0x004284b0		ActivateCamera_6	proto
cam	0_aranos_tutorial	6	UpdateCamera	0x00428560		UpdateCamera_6	proto
cam	0_aranos_tutorial	6	ExitCamera	0x00428580		ExitCamera_6	proto
cam	0_aranos_tutorial	7	InitCamera	0x00428ef8		InitCamera_7	proto
cam	0_aranos_tutorial	7	ActivateCamera	0x00428588		ActivateCamera_7	proto
cam	0_aranos_tutorial	7	UpdateCamera	0x00428f00		UpdateCamera_7	proto
cam	0_aranos_tutorial	7	ExitCamera	0x00428fe8		ExitCamera_7	proto
cam	0_aranos_tutorial	19	InitCamera	0x00429c18		InitCamera_19	proto
cam	0_aranos_tutorial	19	ActivateCamera	0x004291a0		ActivateCamera_19	proto
cam	0_aranos_tutorial	19	UpdateCamera	0x00429568		UpdateCamera_19	proto
cam	0_aranos_tutorial	19	ExitCamera	0x00429ce0		ExitCamera_19	proto
cam	0_aranos_tutorial	23	InitCamera	0x0042a460		InitCamera_23	proto
cam	0_aranos_tutorial	23	ActivateCamera	0x0042a4e8		ActivateCamera_23	proto
cam	0_aranos_tutorial	23	UpdateCamera	0x0042a4f0		UpdateCamera_23	proto
cam	0_aranos_tutorial	23	ExitCamera	0x0042a4f8		ExitCamera_23	proto
cam	0_aranos_tutorial	27	InitCamera	0x0042ab40		InitCamera_27	proto
cam	0_aranos_tutorial	27	ActivateCamera	0x0042a520		ActivateCamera_27	proto
cam	0_aranos_tutorial	27	UpdateCamera	0x0042a698		UpdateCamera_27	proto
cam	0_aranos_tutorial	27	ExitCamera	0x0042ab48		ExitCamera_27	proto
snd	0_aranos_tutorial	0	UpdateSound	0x0042ac18		UpdateSound_0	proto
snd	0_aranos_tutorial	1	UpdateSound	0x0042ad98		UpdateSound_1	proto
snd	0_aranos_tutorial	3	UpdateSound	0x0042b038		UpdateSound_3	proto
moby	1_oozla	2		0x00376d48	0x002a5d78	UpdateMoby_2	proto
moby	1_oozla	14		0x00376d50	0x002a5d78	UpdateMoby_14	proto
moby	1_oozla	1007		0x00378888	0x002a5d78	UpdateMoby_1007	proto
moby	1_oozla	4828		0x00378a80	0x002a5d78		
moby	1_oozla	4853		0x00378b20	0x002a5d78		
moby	1_oozla	4917		0x00378b40	0x002a5d78		
moby	1_oozla	4959		0x0037a320	0x002a5d78		
moby	1_oozla	4966		0x0037bac8	0x002a5d78		
moby	1_oozla	4967		0x0037e570	0x002a5d78		
moby	1_oozla	11		0x003808c0	0x002a5d78	UpdateMoby_11	proto
moby	1_oozla	13		0x00376d50	0x002a5d78	UpdateMoby_13	proto
moby	1_oozla	15		0x00376d50	0x002a5d78	UpdateMoby_15	proto
moby	1_oozla	16		0x00376d50	0x002a5d78	UpdateMoby_16	proto
moby	1_oozla	17		0x00376d50	0x002a5d78	UpdateMoby_17	proto
moby	1_oozla	18		0x00376d50	0x002a5d78	UpdateMoby_18	proto
moby	1_oozla	19		0x00376d50	0x002a5d78	UpdateMoby_19	proto
moby	1_oozla	71		0x00381da0	0x002a5d78	UpdateMoby_71	proto
moby	1_oozla	112		0x003831f0	0x002a5d78	UpdateMoby_112	proto
moby	1_oozla	121		0x003832f0	0x002a5d78	UpdateMoby_121	proto
moby	1_oozla	122		0x00385478	0x002a5d78	UpdateMoby_122	proto
moby	1_oozla	163		0x00385740	0x002a5d78	UpdateMoby_163	proto
moby	1_oozla	166		0x00385ad0	0x002a5d78	UpdateMoby_166	proto
moby	1_oozla	167		0x00386820	0x002a5d78	UpdateMoby_167	proto
moby	1_oozla	172		0x00387750	0x002a5d78	UpdateMoby_172	proto
moby	1_oozla	177		0x003883b8	0x002a5d78	UpdateMoby_177	proto
moby	1_oozla	179		0x0038b168	0x002a5d78	UpdateMoby_179	proto
moby	1_oozla	180		0x0038b2b0	0x002a5d78	UpdateMoby_180	proto
moby	1_oozla	188		0x0038c110	0x002a5d78	UpdateMoby_188	proto
moby	1_oozla	192		0x0038dce8	0x002a5d78	UpdateMoby_192	proto
moby	1_oozla	203		0x0038dfd8	0x002a5d78	UpdateMoby_203	proto
moby	1_oozla	208		0x0038f2e0	0x002a5d78	UpdateMoby_208	proto
moby	1_oozla	209		0x00390570	0x002a5d78	UpdateMoby_209	proto
moby	1_oozla	258		0x00390a50	0x002a5d78	UpdateMoby_258	proto
moby	1_oozla	315		0x00390c60	0x002a5d78	UpdateMoby_315	proto
moby	1_oozla	357		0x00390cb8	0x002a5d78	UpdateMoby_357	proto
moby	1_oozla	358		0x00390ec8	0x002a5d78	UpdateMoby_358	proto
moby	1_oozla	500		0x00391080	0x002a5d78	UpdateMoby_500	proto
moby	1_oozla	501		0x00391080	0x002a5d78	UpdateMoby_501	proto
moby	1_oozla	511		0x00391080	0x002a5d78	UpdateMoby_511	proto
moby	1_oozla	562		0x00392d50	0x002a5d78	UpdateMoby_562	proto
moby	1_oozla	607		0x00392fb8	0x002a5d78	UpdateMoby_607	proto
moby	1_oozla	639		0x003931d8	0x002a5d78	UpdateMoby_639	proto
moby	1_oozla	679		0x00393d98	0x002a5d78	UpdateMoby_679	proto
moby	1_oozla	737		0x00394240	0x002a5d78	UpdateMoby_737	proto
moby	1_oozla	775		0x00394920	0x002a5d78	UpdateMoby_775	proto
moby	1_oozla	804		0x00394970	0x002a5d78	UpdateMoby_804	proto
moby	1_oozla	805		0x00394b18	0x002a5d78	UpdateMoby_805	proto
moby	1_oozla	806		0x00395740	0x002a5d78	UpdateMoby_806	proto
moby	1_oozla	832		0x00396f70	0x002a5d78	UpdateMoby_832	proto
moby	1_oozla	1134		0x003973a0	0x002a5d78	UpdateMoby_1134	proto
moby	1_oozla	1135		0x003980d0	0x002a5d78	UpdateMoby_1135	proto
moby	1_oozla	1143		0x00399170	0x002a5d78	UpdateMoby_1143	proto
moby	1_oozla	1192		0x003831f0	0x002a5d78	UpdateMoby_1192	proto
moby	1_oozla	1400		0x00399510	0x002a5d78	UpdateMoby_1400	proto
moby	1_oozla	1482		0x00399d88	0x002a5d78	UpdateMoby_1482	proto
moby	1_oozla	1483		0x0039bd38	0x002a5d78	UpdateMoby_1483	proto
moby	1_oozla	1486		0x0039cd88	0x002a5d78	UpdateMoby_1486	proto
moby	1_oozla	1487		0x0039d728	0x002a5d78	UpdateMoby_1487	proto
moby	1_oozla	1489		0x0039e240	0x002a5d78	UpdateMoby_1489	proto
moby	1_oozla	1490		0x0039fa88	0x002a5d78	UpdateMoby_1490	proto
moby	1_oozla	1494		0x003a0cd0	0x002a5d78	UpdateMoby_1494	proto
moby	1_oozla	1496		0x003a2ab0	0x002a5d78	UpdateMoby_1496	proto
moby	1_oozla	1497		0x003a3560	0x002a5d78	UpdateMoby_1497	proto
moby	1_oozla	1498		0x003a4d20	0x002a5d78	UpdateMoby_1498	proto
moby	1_oozla	1564		0x003a5bb8	0x002a5d78	UpdateMoby_1564	proto
moby	1_oozla	1632		0x003a6350	0x002a5d78	UpdateMoby_1632	proto
moby	1_oozla	1951		0x003a6638	0x002a5d78	UpdateMoby_1951	proto
moby	1_oozla	2078		0x003a70c8	0x002a5d78	UpdateMoby_2078	proto
moby	1_oozla	2079		0x003a8ac0	0x002a5d78	UpdateMoby_2079	proto
moby	1_oozla	2080		0x003ab430	0x002a5d78	UpdateMoby_2080	proto
moby	1_oozla	2085		0x003abda0	0x002a5d78	UpdateMoby_2085	proto
moby	1_oozla	2088		0x003ad320	0x002a5d78	UpdateMoby_2088	proto
moby	1_oozla	2143		0x003ad618	0x002a5d78	UpdateMoby_2143	proto
moby	1_oozla	2160		0x003afa78	0x002a5d78	UpdateMoby_2160	proto
moby	1_oozla	2169		0x003afdb8	0x002a5d78	UpdateMoby_2169	proto
moby	1_oozla	2189		0x003b0598	0x002a5d78		
moby	1_oozla	2209		0x003b1b60	0x002a5d78	UpdateMoby_2209	proto
moby	1_oozla	2298		0x003b1f10	0x002a5d78	UpdateMoby_2298	proto
moby	1_oozla	2311		0x003b2598	0x002a5d78	UpdateMoby_2311	proto
moby	1_oozla	2358		0x003b1f10	0x002a5d78	UpdateMoby_2358	proto
moby	1_oozla	2384		0x003b41e0	0x002a5d78	UpdateMoby_2384	proto
moby	1_oozla	2466		0x003b5878	0x002a5d78	UpdateMoby_2466	proto
moby	1_oozla	2473		0x003b6be8	0x002a5d78	UpdateMoby_2473	proto
moby	1_oozla	2538		0x003b9798	0x002a5d78	UpdateMoby_2538	proto
moby	1_oozla	2556		0x003b9f30	0x002a5d78	UpdateMoby_2556	proto
moby	1_oozla	2560		0x003b1f10	0x002a5d78	UpdateMoby_2560	proto
moby	1_oozla	2583		0x003bb9d0	0x002a5d78	UpdateMoby_2583	proto
moby	1_oozla	2590		0x003bbf68	0x002a5d78	UpdateMoby_2590	proto
moby	1_oozla	2598		0x003bc540	0x002a5d78	UpdateMoby_2598	proto
moby	1_oozla	2599		0x003bcec8	0x002a5d78	UpdateMoby_2599	proto
moby	1_oozla	2600		0x003bcec8	0x002a5d78	UpdateMoby_2600	proto
moby	1_oozla	2601		0x003bd148	0x002a5d78	UpdateMoby_2601	proto
moby	1_oozla	2633		0x003bea08	0x002a5d94	UpdateMoby_2633	proto
moby	1_oozla	2644		0x003c09c0	0x002a5d78	UpdateMoby_2644	proto
moby	1_oozla	2646		0x003c2680	0x002a5d78	UpdateMoby_2646	proto
moby	1_oozla	2650		0x003c2818	0x002a5d78	UpdateMoby_2650	proto
moby	1_oozla	2651		0x003c2c68	0x002a5d78	UpdateMoby_2651	proto
moby	1_oozla	2652		0x003c35e0	0x002a5d78	UpdateMoby_2652	proto
moby	1_oozla	2653		0x003c5ae8	0x002a5d78	UpdateMoby_2653	proto
moby	1_oozla	2661		0x003c8078	0x002a5d78	UpdateMoby_2661	proto
moby	1_oozla	2663		0x003c82e0	0x002a5d78	UpdateMoby_2663	proto
moby	1_oozla	2666		0x003c91c8	0x002a5d78	UpdateMoby_2666	proto
moby	1_oozla	2667		0x003c91c8	0x002a5d78	UpdateMoby_2667	proto
moby	1_oozla	2683		0x003c9d00	0x002a5d78	UpdateMoby_2683	proto
moby	1_oozla	2690		0x003ca200	0x002a5d78	UpdateMoby_2690	proto
moby	1_oozla	2700		0x003cafb8	0x002a5d78		
moby	1_oozla	2701		0x003cc930	0x002a5d78	UpdateMoby_2701	proto
moby	1_oozla	2702		0x003ce228	0x002a5d78	UpdateMoby_2702	proto
moby	1_oozla	2706		0x003ce868	0x002a5d78	UpdateMoby_2706	proto
moby	1_oozla	2707		0x003ce868	0x002a5d78	UpdateMoby_2707	proto
moby	1_oozla	2709		0x003ceda0	0x002a5d78	UpdateMoby_2709	proto
moby	1_oozla	2715		0x003cf020	0x002a5d78	UpdateMoby_2715	proto
moby	1_oozla	2717		0x003d1f40	0x002a5d78	UpdateMoby_2717	proto
moby	1_oozla	2718		0x003d26c0	0x002a5d78	UpdateMoby_2718	proto
moby	1_oozla	2719		0x003d26c0	0x002a5d78	UpdateMoby_2719	proto
moby	1_oozla	2721		0x003c91c8	0x002a5d78	UpdateMoby_2721	proto
moby	1_oozla	2727		0x003d1f40	0x002a5d78	UpdateMoby_2727	proto
moby	1_oozla	2734		0x003d2890	0x002a5d78	UpdateMoby_2734	proto
moby	1_oozla	2739		0x003d2c38	0x002a5d78	UpdateMoby_2739	proto
moby	1_oozla	2763		0x003d2c88	0x002a5d78	UpdateMoby_2763	proto
moby	1_oozla	2764		0x003d2c88	0x002a5d78	UpdateMoby_2764	proto
moby	1_oozla	2766		0x003d2e50	0x002a5d78	UpdateMoby_2766	proto
moby	1_oozla	2784		0x003d37a0	0x002a5d78	UpdateMoby_2784	proto
moby	1_oozla	2800		0x003d4270	0x002a5d78	UpdateMoby_2800	proto
moby	1_oozla	2801		0x003d4808	0x002a5d78	UpdateMoby_2801	proto
moby	1_oozla	2806		0x003afdb8	0x002a5d78	UpdateMoby_2806	proto
moby	1_oozla	2807		0x003d68c0	0x002a5d78	UpdateMoby_2807	proto
moby	1_oozla	2818		0x003d78d0	0x002a5d78	UpdateMoby_2818	proto
moby	1_oozla	2823		0x003d8360	0x002a5d78	UpdateMoby_2823	proto
moby	1_oozla	2842		0x003d8e80	0x002a5d78	UpdateMoby_2842	proto
moby	1_oozla	2849		0x003d98e0	0x002a5d78	UpdateMoby_2849	proto
moby	1_oozla	2852		0x003dab98	0x002a5d78	UpdateMoby_2852	proto
moby	1_oozla	2859		0x003dae58	0x002a5d78	UpdateMoby_2859	proto
moby	1_oozla	2862		0x003dd7b0	0x002a5d78	UpdateMoby_2862	proto
moby	1_oozla	2904		0x003df950	0x002a5d78	UpdateMoby_2904	proto
moby	1_oozla	3031		0x003e19b8	0x002a5d78	UpdateMoby_3031	proto
moby	1_oozla	3032		0x003e2f20	0x002a5d78	UpdateMoby_3032	proto
moby	1_oozla	3070		0x003e3c88	0x002a5d78	UpdateMoby_3070	proto
moby	1_oozla	3076		0x003e5190	0x002a5d78	UpdateMoby_3076	proto
moby	1_oozla	3077		0x003e60c0	0x002a5d78	UpdateMoby_3077	proto
moby	1_oozla	3078		0x003e6368	0x002a5d78	UpdateMoby_3078	proto
moby	1_oozla	3079		0x003e89e8	0x002a5d78	UpdateMoby_3079	proto
moby	1_oozla	3107		0x003e8ed8	0x002a5d78	UpdateMoby_3107	proto
moby	1_oozla	3137		0x003e9800	0x002a5d78	UpdateMoby_3137	proto
moby	1_oozla	3146		0x003e9e40	0x002a5d78	UpdateMoby_3146	proto
moby	1_oozla	3160		0x003ec0c0	0x002a5d78	UpdateMoby_3160	proto
moby	1_oozla	3161		0x003ec3b0	0x002a5d78	UpdateMoby_3161	proto
moby	1_oozla	3162		0x003ec8c8	0x002a5d78	UpdateMoby_3162	proto
moby	1_oozla	3171		0x003ecb30	0x002a5d78	UpdateMoby_3171	proto
moby	1_oozla	3232		0x003eccf8	0x002a5d78	UpdateMoby_3232	proto
moby	1_oozla	3250		0x003edab0	0x002a5d78	UpdateMoby_3250	proto
moby	1_oozla	3253		0x003ee6f0	0x002a5d78	UpdateMoby_3253	proto
moby	1_oozla	3259		0x003eed68	0x002a5d78	UpdateMoby_3259	proto
moby	1_oozla	3291		0x003d37a0	0x002a5d78	UpdateMoby_3291	proto
moby	1_oozla	3299		0x003efe58	0x002a5d78	UpdateMoby_3299	proto
moby	1_oozla	3300		0x003f02b8	0x002a5d78	UpdateMoby_3300	proto
moby	1_oozla	3301		0x003f0828	0x002a5d78	UpdateMoby_3301	proto
moby	1_oozla	3303		0x003f2660	0x002a5d78	UpdateMoby_3303	proto
moby	1_oozla	3305		0x003f4af8	0x002a5d78	UpdateMoby_3305	proto
moby	1_oozla	3307		0x003f5138	0x002a5d78	UpdateMoby_3307	proto
moby	1_oozla	3308		0x003f5420	0x002a5d78	UpdateMoby_3308	proto
moby	1_oozla	3310		0x003f5708	0x002a5d78	UpdateMoby_3310	proto
moby	1_oozla	3315		0x003f5ba8	0x002a5d78	UpdateMoby_3315	proto
moby	1_oozla	3319		0x003f6860	0x002a5d78	UpdateMoby_3319	proto
moby	1_oozla	3329		0x003a3560	0x002a5d78	UpdateMoby_3329	proto
moby	1_oozla	3332		0x003fa148	0x002a5d78	UpdateMoby_3332	proto
moby	1_oozla	3406		0x003fafe8	0x002a5d78	UpdateMoby_3406	proto
moby	1_oozla	3422		0x003fd7d8	0x002a5d78	UpdateMoby_3422	proto
moby	1_oozla	3484		0x003fe120	0x002a5d78	UpdateMoby_3484	proto
moby	1_oozla	3521		0x003fec60	0x002a5d78	UpdateMoby_3521	proto
moby	1_oozla	3604		0x003ff0d0	0x002a5d78	UpdateMoby_3604	proto
moby	1_oozla	3631		0x003ff750	0x002a5d78	UpdateMoby_3631	proto
moby	1_oozla	3640		0x003fffe8	0x002a5d78	UpdateMoby_3640	proto
moby	1_oozla	3684		0x00400448	0x002a5d78	UpdateMoby_3684	proto
moby	1_oozla	3696		0x00401018	0x002a5d78	UpdateMoby_3696	proto
moby	1_oozla	3705		0x00401148	0x002a5d78	UpdateMoby_3705	proto
moby	1_oozla	3706		0x00403f90	0x002a5d78	UpdateMoby_3706	proto
moby	1_oozla	3709		0x004043f8	0x002a5d78	UpdateMoby_3709	proto
moby	1_oozla	3721		0x00405300	0x002a5d78	UpdateMoby_3721	proto
moby	1_oozla	3742		0x003ff0d0	0x002a5d78	UpdateMoby_3742	proto
moby	1_oozla	3754		0x004055e0	0x002a5d78	UpdateMoby_3754	proto
moby	1_oozla	3755		0x00405e70	0x002a5d78	UpdateMoby_3755	proto
moby	1_oozla	3757		0x00407090	0x002a5d78	UpdateMoby_3757	proto
moby	1_oozla	3760		0x004096c0	0x002a5d78	UpdateMoby_3760	proto
moby	1_oozla	3784		0x0040a6e0	0x002a5d78	UpdateMoby_3784	proto
moby	1_oozla	3790		0x0040af38	0x002a5d78	UpdateMoby_3790	proto
moby	1_oozla	3799		0x0040bd38	0x002a5d78	UpdateMoby_3799	proto
moby	1_oozla	3800		0x0040d2b8	0x002a5d78	UpdateMoby_3800	proto
moby	1_oozla	3842		0x0040eed0	0x002a5d78	UpdateMoby_3842	proto
moby	1_oozla	3848		0x0040f118	0x002a5d78	UpdateMoby_3848	proto
moby	1_oozla	3860		0x0040f340	0x002a5d78	UpdateMoby_3860	proto
moby	1_oozla	3886		0x0040f360	0x002a5d78	UpdateMoby_3886	proto
moby	1_oozla	3890		0x0040f5a8	0x002a5d78	UpdateMoby_3890	proto
moby	1_oozla	3891		0x0040f958	0x002a5d78	UpdateMoby_3891	proto
moby	1_oozla	3949		0x0040ff38	0x002a5d78	UpdateMoby_3949	proto
moby	1_oozla	3950		0x00410ad8	0x002a5d78	UpdateMoby_3950	proto
moby	1_oozla	4000		0x004110e0	0x002a5d78		
moby	1_oozla	4016		0x00411188	0x002a5d78	UpdateMoby_4016	proto
moby	1_oozla	4100		0x00411780	0x002a5d78	UpdateMoby_4100	proto
moby	1_oozla	4308		0x00412df8	0x002a5d78	UpdateMoby_4308	proto
moby	1_oozla	4309		0x00412df8	0x002a5d78	UpdateMoby_4309	proto
moby	1_oozla	4310		0x00412df8	0x002a5d78	UpdateMoby_4310	proto
moby	1_oozla	4311		0x00412df8	0x002a5d78	UpdateMoby_4311	proto
moby	1_oozla	4312		0x00412df8	0x002a5d78	UpdateMoby_4312	proto
moby	1_oozla	4313		0x00412df8	0x002a5d78	UpdateMoby_4313	proto
moby	1_oozla	4314		0x00412df8	0x002a5d78	UpdateMoby_4314	proto
moby	1_oozla	4315		0x00412df8	0x002a5d78	UpdateMoby_4315	proto
moby	1_oozla	4316		0x00412df8	0x002a5d78	UpdateMoby_4316	proto
moby	1_oozla	4317		0x00412df8	0x002a5d78	UpdateMoby_4317	proto
moby	1_oozla	4318		0x00412df8	0x002a5d78	UpdateMoby_4318	proto
moby	1_oozla	4319		0x00412df8	0x002a5d78	UpdateMoby_4319	proto
moby	1_oozla	4320		0x00412df8	0x002a5d78	UpdateMoby_4320	proto
moby	1_oozla	4321		0x00412df8	0x002a5d78	UpdateMoby_4321	proto
moby	1_oozla	4325		0x00412df8	0x002a5d78	UpdateMoby_4325	proto
moby	1_oozla	4335		0x00412e08	0x002a5d78	UpdateMoby_4335	proto
moby	1_oozla	4346		0x00412f18	0x002a5d78	UpdateMoby_4346	proto
moby	1_oozla	4406		0x004132d8	0x002a5d78	UpdateMoby_4406	proto
moby	1_oozla	4498		0x003c35e0	0x002a5d78	UpdateMoby_4498	proto
moby	1_oozla	4501		0x00415548	0x002a5d78	UpdateMoby_4501	proto
moby	1_oozla	4688		0x00416440	0x002a5d78	UpdateMoby_4688	proto
moby	1_oozla	5020		0x00417618	0x002a5d78	UpdateMoby_5020	proto
moby	1_oozla	5021		0x00418d00	0x002a5d78	UpdateMoby_5021	proto
moby	1_oozla	5022		0x0041a370	0x002a5d78	UpdateMoby_5022	proto
moby	1_oozla	5023		0x0041bcf0	0x002a5d78	UpdateMoby_5023	proto
moby	1_oozla	5024		0x003f8b80	0x002a5d78	UpdateMoby_5024	proto
moby	1_oozla	1086		0x0041c898	0x002a5d78	UpdateMoby_1086	proto
moby	1_oozla	2299		0x0041c960	0x002a5d78	UpdateMoby_2299	proto
moby	1_oozla	2643		0x0041c970	0x002a5d78	UpdateMoby_2643	proto
moby	1_oozla	2720		0x003c91c8	0x002a5d78	UpdateMoby_2720	proto
moby	1_oozla	1481		0x0041cea8	0x002a5d78	UpdateMoby_1481	proto
moby	1_oozla	2170		0x0041fd90	0x002a5d78	UpdateMoby_2170	proto
moby	1_oozla	3209		0x00422068	0x002a5d78	UpdateMoby_3209	proto
cam	1_oozla	0	InitCamera	0x004295c0		InitCamera_0	proto
cam	1_oozla	0	ActivateCamera	0x00426608		ActivateCamera_0	proto
cam	1_oozla	0	UpdateCamera	0x004295c8		UpdateCamera_0	proto
cam	1_oozla	0	ExitCamera	0x00429688		ExitCamera_0	proto
cam	1_oozla	4	InitCamera	0x00429e88		InitCamera_4	proto
cam	1_oozla	4	ActivateCamera	0x0042a218		ActivateCamera_4	proto
cam	1_oozla	4	UpdateCamera	0x004298f8		UpdateCamera_4	proto
cam	1_oozla	4	ExitCamera	0x0042a2d0		ExitCamera_4	proto
cam	1_oozla	5	InitCamera	0x0042aee0		InitCamera_5	proto
cam	1_oozla	5	ActivateCamera	0x0042aa30		ActivateCamera_5	proto
cam	1_oozla	5	UpdateCamera	0x0042aee8		UpdateCamera_5	proto
cam	1_oozla	5	ExitCamera	0x0042af40		ExitCamera_5	proto
cam	1_oozla	6	InitCamera	0x0042b8b0		InitCamera_6	proto
cam	1_oozla	6	ActivateCamera	0x0042b8b8		ActivateCamera_6	proto
cam	1_oozla	6	UpdateCamera	0x0042b968		UpdateCamera_6	proto
cam	1_oozla	6	ExitCamera	0x0042b988		ExitCamera_6	proto
cam	1_oozla	7	InitCamera	0x0042c300		InitCamera_7	proto
cam	1_oozla	7	ActivateCamera	0x0042b990		ActivateCamera_7	proto
cam	1_oozla	7	UpdateCamera	0x0042c308		UpdateCamera_7	proto
cam	1_oozla	7	ExitCamera	0x0042c3f0		ExitCamera_7	proto
cam	1_oozla	20	InitCamera	0x0042ce78			
cam	1_oozla	20	ActivateCamera	0x0042c540			
cam	1_oozla	20	UpdateCamera	0x0042c8d8			
cam	1_oozla	20	ExitCamera	0x0042cee8			
cam	1_oozla	23	InitCamera	0x0042d668		InitCamera_23	proto
cam	1_oozla	23	ActivateCamera	0x0042d6f0		ActivateCamera_23	proto
cam	1_oozla	23	UpdateCamera	0x0042d6f8		UpdateCamera_23	proto
cam	1_oozla	23	ExitCamera	0x0042d700		ExitCamera_23	proto
cam	1_oozla	27	InitCamera	0x0042dd48		InitCamera_27	proto
cam	1_oozla	27	ActivateCamera	0x0042d728		ActivateCamera_27	proto
cam	1_oozla	27	UpdateCamera	0x0042d8a0		UpdateCamera_27	proto
cam	1_oozla	27	ExitCamera	0x0042dd50		ExitCamera_27	proto
snd	1_oozla	4	UpdateSound	0x0042de20		UpdateSound_4	proto
snd	1_oozla	6	UpdateSound	0x0042e0a8		UpdateSound_6	proto
moby	2_maktar_nebula	2		0x00388238	0x002a6c84	UpdateMoby_2	proto
moby	2_maktar_nebula	14		0x00388240	0x002a6c84	UpdateMoby_14	proto
moby	2_maktar_nebula	1007		0x00389d78	0x002a6c84	UpdateMoby_1007	proto
moby	2_maktar_nebula	4810		0x00389f70	0x002a6c84		
moby	2_maktar_nebula	4815		0x0038a008	0x002a6c84		
moby	2_maktar_nebula	4853		0x0038a228	0x002a6c84		
moby	2_maktar_nebula	4917		0x0038a248	0x002a6c84		
moby	2_maktar_nebula	4928		0x0038ba28	0x002a6c84		
moby	2_maktar_nebula	4959		0x0038ea28	0x002a6c84		
moby	2_maktar_nebula	4966		0x003901d0	0x002a6c84		
moby	2_maktar_nebula	4967		0x00392c90	0x002a6c84		
moby	2_maktar_nebula	11		0x00394ff8	0x002a6c84	UpdateMoby_11	proto
moby	2_maktar_nebula	13		0x00388240	0x002a6c84	UpdateMoby_13	proto
moby	2_maktar_nebula	15		0x00388240	0x002a6c84	UpdateMoby_15	proto
moby	2_maktar_nebula	16		0x00388240	0x002a6c84	UpdateMoby_16	proto
moby	2_maktar_nebula	17		0x00388240	0x002a6c84	UpdateMoby_17	proto
moby	2_maktar_nebula	18		0x00388240	0x002a6c84	UpdateMoby_18	proto
moby	2_maktar_nebula	19		0x00388240	0x002a6c84	UpdateMoby_19	proto
moby	2_maktar_nebula	71		0x003964d8	0x002a6c84	UpdateMoby_71	proto
moby	2_maktar_nebula	112		0x00397928	0x002a6c84	UpdateMoby_112	proto
moby	2_maktar_nebula	121		0x00397a28	0x002a6c84	UpdateMoby_121	proto
moby	2_maktar_nebula	122		0x00399bb0	0x002a6c84	UpdateMoby_122	proto
moby	2_maktar_nebula	163		0x00399e78	0x002a6c84	UpdateMoby_163	proto
moby	2_maktar_nebula	166		0x0039a208	0x002a6c84	UpdateMoby_166	proto
moby	2_maktar_nebula	167		0x0039af58	0x002a6c84	UpdateMoby_167	proto
moby	2_maktar_nebula	172		0x0039be88	0x002a6c84	UpdateMoby_172	proto
moby	2_maktar_nebula	177		0x0039caf0	0x002a6c84	UpdateMoby_177	proto
moby	2_maktar_nebula	179		0x0039f8a0	0x002a6c84	UpdateMoby_179	proto
moby	2_maktar_nebula	180		0x0039f9e8	0x002a6c84	UpdateMoby_180	proto
moby	2_maktar_nebula	188		0x003a0848	0x002a6c84	UpdateMoby_188	proto
moby	2_maktar_nebula	192		0x003a2420	0x002a6c84	UpdateMoby_192	proto
moby	2_maktar_nebula	203		0x003a2710	0x002a6c84	UpdateMoby_203	proto
moby	2_maktar_nebula	208		0x003a3a18	0x002a6c84	UpdateMoby_208	proto
moby	2_maktar_nebula	209		0x003a4ca8	0x002a6c84	UpdateMoby_209	proto
moby	2_maktar_nebula	357		0x003a4ef0	0x002a6c84	UpdateMoby_357	proto
moby	2_maktar_nebula	358		0x003a5100	0x002a6c84	UpdateMoby_358	proto
moby	2_maktar_nebula	500		0x003a52b8	0x002a6c84	UpdateMoby_500	proto
moby	2_maktar_nebula	501		0x003a52b8	0x002a6c84	UpdateMoby_501	proto
moby	2_maktar_nebula	505		0x003a52b8	0x002a6c84	UpdateMoby_505	proto
moby	2_maktar_nebula	511		0x003a52b8	0x002a6c84	UpdateMoby_511	proto
moby	2_maktar_nebula	562		0x003a7088	0x002a6c84	UpdateMoby_562	proto
moby	2_maktar_nebula	607		0x003a72f0	0x002a6c84	UpdateMoby_607	proto
moby	2_maktar_nebula	639		0x003a7510	0x002a6c84	UpdateMoby_639	proto
moby	2_maktar_nebula	775		0x003a8178	0x002a6c84	UpdateMoby_775	proto
moby	2_maktar_nebula	804		0x003a81c8	0x002a6c84	UpdateMoby_804	proto
moby	2_maktar_nebula	805		0x003a8370	0x002a6c84	UpdateMoby_805	proto
moby	2_maktar_nebula	806		0x003a9028	0x002a6c84	UpdateMoby_806	proto
moby	2_maktar_nebula	832		0x003aa8d8	0x002a6c84	UpdateMoby_832	proto
moby	2_maktar_nebula	1134		0x003aad08	0x002a6c84	UpdateMoby_1134	proto
moby	2_maktar_nebula	1143		0x003ab970	0x002a6c84	UpdateMoby_1143	proto
moby	2_maktar_nebula	1192		0x00397928	0x002a6c84	UpdateMoby_1192	proto
moby	2_maktar_nebula	1482		0x003abbc8	0x002a6c84	UpdateMoby_1482	proto
moby	2_maktar_nebula	1483		0x003adb78	0x002a6c84	UpdateMoby_1483	proto
moby	2_maktar_nebula	1486		0x003aebc8	0x002a6c84	UpdateMoby_1486	proto
moby	2_maktar_nebula	1487		0x003af568	0x002a6c84	UpdateMoby_1487	proto
moby	2_maktar_nebula	1489		0x003b0080	0x002a6c84	UpdateMoby_1489	proto
moby	2_maktar_nebula	1490		0x003b18c8	0x002a6c84	UpdateMoby_1490	proto
moby	2_maktar_nebula	1494		0x003b2b10	0x002a6c84	UpdateMoby_1494	proto
moby	2_maktar_nebula	1496		0x003b48f0	0x002a6c84	UpdateMoby_1496	proto
moby	2_maktar_nebula	1497		0x003b53a0	0x002a6c84	UpdateMoby_1497	proto
moby	2_maktar_nebula	1498		0x003b6b60	0x002a6c84	UpdateMoby_1498	proto
moby	2_maktar_nebula	2078		0x003b7ba0	0x002a6c84	UpdateMoby_2078	proto
moby	2_maktar_nebula	2079		0x003b9598	0x002a6c84	UpdateMoby_2079	proto
moby	2_maktar_nebula	2080		0x003bbf08	0x002a6c84	UpdateMoby_2080	proto
moby	2_maktar_nebula	2085		0x003bc878	0x002a6c84	UpdateMoby_2085	proto
moby	2_maktar_nebula	2088		0x003bddf8	0x002a6c84	UpdateMoby_2088	proto
moby	2_maktar_nebula	2143		0x003be0f0	0x002a6c84	UpdateMoby_2143	proto
moby	2_maktar_nebula	2160		0x003c0550	0x002a6c84	UpdateMoby_2160	proto
moby	2_maktar_nebula	2163		0x003c0890	0x002a6c84	UpdateMoby_2163	proto
moby	2_maktar_nebula	2169		0x003c0948	0x002a6c84	UpdateMoby_2169	proto
moby	2_maktar_nebula	2189		0x003c1128	0x002a6c84		
moby	2_maktar_nebula	2198		0x003c26f0	0x002a6c84	UpdateMoby_2198	proto
moby	2_maktar_nebula	2311		0x003c5560	0x002a6c84	UpdateMoby_2311	proto
moby	2_maktar_nebula	2384		0x003c71a8	0x002a6c84	UpdateMoby_2384	proto
moby	2_maktar_nebula	2473		0x003c71c8	0x002a6c84	UpdateMoby_2473	proto
moby	2_maktar_nebula	2480		0x0038ba28	0x002a6c84	UpdateMoby_2480	proto
moby	2_maktar_nebula	2491		0x003c9d78	0x002a6c84	UpdateMoby_2491	proto
moby	2_maktar_nebula	2492		0x003ca4a8	0x002a6c84	UpdateMoby_2492	proto
moby	2_maktar_nebula	2501		0x003cb0f0	0x002a6c84	UpdateMoby_2501	proto
moby	2_maktar_nebula	2503		0x003cf358	0x002a6c84	UpdateMoby_2503	proto
moby	2_maktar_nebula	2504		0x003cfac8	0x002a6c84	UpdateMoby_2504	proto
moby	2_maktar_nebula	2506		0x003d0408	0x002a6c84	UpdateMoby_2506	proto
moby	2_maktar_nebula	2520		0x003d29d0	0x002a6c84	UpdateMoby_2520	proto
moby	2_maktar_nebula	2552		0x003d2de0	0x002a6c84	UpdateMoby_2552	proto
moby	2_maktar_nebula	2563		0x003d6bc0	0x002a6c84	UpdateMoby_2563	proto
moby	2_maktar_nebula	2581		0x003d7330	0x002a6c84	UpdateMoby_2581	proto
moby	2_maktar_nebula	2596		0x003d7b88	0x002a6c84	UpdateMoby_2596	proto
moby	2_maktar_nebula	2628		0x003d7c20	0x002a6c84	UpdateMoby_2628	proto
moby	2_maktar_nebula	2635		0x003dbe60	0x002a6c84	UpdateMoby_2635	proto
moby	2_maktar_nebula	2638		0x003cd970	0x002a6c84	UpdateMoby_2638	proto
moby	2_maktar_nebula	2645		0x003dbec8	0x002a6c84	UpdateMoby_2645	proto
moby	2_maktar_nebula	2647		0x003dbf40	0x002a6c84	UpdateMoby_2647	proto
moby	2_maktar_nebula	2650		0x003dc1b8	0x002a6c84	UpdateMoby_2650	proto
moby	2_maktar_nebula	2651		0x003dc608	0x002a6c84	UpdateMoby_2651	proto
moby	2_maktar_nebula	2652		0x003dcf80	0x002a6c84	UpdateMoby_2652	proto
moby	2_maktar_nebula	2653		0x003df4b0	0x002a6c84	UpdateMoby_2653	proto
moby	2_maktar_nebula	2657		0x003e1a40	0x002a6c84	UpdateMoby_2657	proto
moby	2_maktar_nebula	2661		0x003e2440	0x002a6c84	UpdateMoby_2661	proto
moby	2_maktar_nebula	2663		0x003e26a8	0x002a6c84	UpdateMoby_2663	proto
moby	2_maktar_nebula	2690		0x003e3590	0x002a6c84	UpdateMoby_2690	proto
moby	2_maktar_nebula	2715		0x003e4348	0x002a6c84	UpdateMoby_2715	proto
moby	2_maktar_nebula	2716		0x003e6d70	0x002a6c84	UpdateMoby_2716	proto
moby	2_maktar_nebula	2724		0x003e7f28	0x002a6c84	UpdateMoby_2724	proto
moby	2_maktar_nebula	2726		0x003e87d8	0x002a6c84	UpdateMoby_2726	proto
moby	2_maktar_nebula	2731		0x003ea188	0x002a6c84	UpdateMoby_2731	proto
moby	2_maktar_nebula	2732		0x003ea188	0x002a6c84	UpdateMoby_2732	proto
moby	2_maktar_nebula	2735		0x003ea488	0x002a6c84	UpdateMoby_2735	proto
moby	2_maktar_nebula	2736		0x003ea4e0	0x002a6c84	UpdateMoby_2736	proto
moby	2_maktar_nebula	2783		0x003eb648	0x002a6c84	UpdateMoby_2783	proto
moby	2_maktar_nebula	2784		0x003ebdb0	0x002a6c84	UpdateMoby_2784	proto
moby	2_maktar_nebula	2801		0x003ec880	0x002a6c84	UpdateMoby_2801	proto
moby	2_maktar_nebula	2803		0x003ee938	0x002a6c84	UpdateMoby_2803	proto
moby	2_maktar_nebula	2806		0x003c0948	0x002a6c84	UpdateMoby_2806	proto
moby	2_maktar_nebula	2812		0x003ef0a8	0x002a6c84	UpdateMoby_2812	proto
moby	2_maktar_nebula	2818		0x003efcf0	0x002a6c84	UpdateMoby_2818	proto
moby	2_maktar_nebula	2834		0x003f0790	0x002a6c84	UpdateMoby_2834	proto
moby	2_maktar_nebula	2850		0x003f0798	0x002a6c84	UpdateMoby_2850	proto
moby	2_maktar_nebula	2853		0x003f52b0	0x002a6c84	UpdateMoby_2853	proto
moby	2_maktar_nebula	2862		0x003f58e8	0x002a6c84	UpdateMoby_2862	proto
moby	2_maktar_nebula	2904		0x003f7a88	0x002a6c84	UpdateMoby_2904	proto
moby	2_maktar_nebula	2905		0x003f9c10	0x002a6c84	UpdateMoby_2905	proto
moby	2_maktar_nebula	2906		0x00400d08	0x002a6c84	UpdateMoby_2906	proto
moby	2_maktar_nebula	2934		0x00401638	0x002a6c84	UpdateMoby_2934	proto
moby	2_maktar_nebula	2953		0x00401ed8	0x002a6c84	UpdateMoby_2953	proto
moby	2_maktar_nebula	3031		0x004024d0	0x002a6c84	UpdateMoby_3031	proto
moby	2_maktar_nebula	3032		0x00403a38	0x002a6c84	UpdateMoby_3032	proto
moby	2_maktar_nebula	3062		0x00404410	0x002a6c84	UpdateMoby_3062	proto
moby	2_maktar_nebula	3070		0x00404b28	0x002a6c84	UpdateMoby_3070	proto
moby	2_maktar_nebula	3076		0x00406030	0x002a6c84	UpdateMoby_3076	proto
moby	2_maktar_nebula	3077		0x00406f60	0x002a6c84	UpdateMoby_3077	proto
moby	2_maktar_nebula	3078		0x00407208	0x002a6c84	UpdateMoby_3078	proto
moby	2_maktar_nebula	3079		0x00409888	0x002a6c84	UpdateMoby_3079	proto
moby	2_maktar_nebula	3108		0x00409d78	0x002a6c84	UpdateMoby_3108	proto
moby	2_maktar_nebula	3131		0x0040a4a8	0x002a6c84	UpdateMoby_3131	proto
moby	2_maktar_nebula	3134		0x0040be08	0x002a6c84	UpdateMoby_3134	proto
moby	2_maktar_nebula	3137		0x0040d2c0	0x002a6c84	UpdateMoby_3137	proto
moby	2_maktar_nebula	3146		0x0040d900	0x002a6c84	UpdateMoby_3146	proto
moby	2_maktar_nebula	3153		0x0040fb80	0x002a6c84	UpdateMoby_3153	proto
moby	2_maktar_nebula	3161		0x0040fcd0	0x002a6c84	UpdateMoby_3161	proto
moby	2_maktar_nebula	3162		0x004101e8	0x002a6c84	UpdateMoby_3162	proto
moby	2_maktar_nebula	3168		0x00410450	0x002a6c84	UpdateMoby_3168	proto
moby	2_maktar_nebula	3169		0x00411580	0x002a6c84	UpdateMoby_3169	proto
moby	2_maktar_nebula	3171		0x00411588	0x002a6c84	UpdateMoby_3171	proto
moby	2_maktar_nebula	3201		0x00411750	0x002a6c84	UpdateMoby_3201	proto
moby	2_maktar_nebula	3202		0x004124a0	0x002a6c84	UpdateMoby_3202	proto
moby	2_maktar_nebula	3215		0x00412d50	0x002a6c84	UpdateMoby_3215	proto
moby	2_maktar_nebula	3237		0x003a4ef0	0x002a6c84	UpdateMoby_3237	proto
moby	2_maktar_nebula	3239		0x003a4ef0	0x002a6c84	UpdateMoby_3239	proto
moby	2_maktar_nebula	3240		0x003a4ef0	0x002a6c84	UpdateMoby_3240	proto
moby	2_maktar_nebula	3241		0x003a4ef0	0x002a6c84	UpdateMoby_3241	proto
moby	2_maktar_nebula	3250		0x00414350	0x002a6c84	UpdateMoby_3250	proto
moby	2_maktar_nebula	3259		0x004153b8	0x002a6c84	UpdateMoby_3259	proto
moby	2_maktar_nebula	3276		0x004164a8	0x002a6c84	UpdateMoby_3276	proto
moby	2_maktar_nebula	3291		0x003ebdb0	0x002a6c84	UpdateMoby_3291	proto
moby	2_maktar_nebula	3299		0x00416848	0x002a6c84	UpdateMoby_3299	proto
moby	2_maktar_nebula	3300		0x00416ca8	0x002a6c84	UpdateMoby_3300	proto
moby	2_maktar_nebula	3301		0x00417218	0x002a6c84	UpdateMoby_3301	proto
moby	2_maktar_nebula	3303		0x00419050	0x002a6c84	UpdateMoby_3303	proto
moby	2_maktar_nebula	3305		0x0041b4e8	0x002a6c84	UpdateMoby_3305	proto
moby	2_maktar_nebula	3307		0x0041bb28	0x002a6c84	UpdateMoby_3307	proto
moby	2_maktar_nebula	3308		0x0041be10	0x002a6c84	UpdateMoby_3308	proto
moby	2_maktar_nebula	3310		0x0041c0f8	0x002a6c84	UpdateMoby_3310	proto
moby	2_maktar_nebula	3315		0x0041c598	0x002a6c84	UpdateMoby_3315	proto
moby	2_maktar_nebula	3319		0x0041d250	0x002a6c84	UpdateMoby_3319	proto
moby	2_maktar_nebula	3329		0x003b53a0	0x002a6c84	UpdateMoby_3329	proto
moby	2_maktar_nebula	3332		0x00420b38	0x002a6c84	UpdateMoby_3332	proto
moby	2_maktar_nebula	3336		0x00421860	0x002a6c84	UpdateMoby_3336	proto
moby	2_maktar_nebula	3341		0x00423520	0x002a6c84	UpdateMoby_3341	proto
moby	2_maktar_nebula	3406		0x00423e10	0x002a6c84	UpdateMoby_3406	proto
moby	2_maktar_nebula	3422		0x00426600	0x002a6c84	UpdateMoby_3422	proto
moby	2_maktar_nebula	3484		0x00426f48	0x002a6c84	UpdateMoby_3484	proto
moby	2_maktar_nebula	3521		0x00427a88	0x002a6c84	UpdateMoby_3521	proto
moby	2_maktar_nebula	3551		0x00427ef8	0x002a6c84	UpdateMoby_3551	proto
moby	2_maktar_nebula	3604		0x00428220	0x002a6c84	UpdateMoby_3604	proto
moby	2_maktar_nebula	3626		0x004288a0	0x002a6c84	UpdateMoby_3626	proto
moby	2_maktar_nebula	3631		0x00428a68	0x002a6c84	UpdateMoby_3631	proto
moby	2_maktar_nebula	3684		0x00429440	0x002a6c84	UpdateMoby_3684	proto
moby	2_maktar_nebula	3696		0x0042a010	0x002a6c84	UpdateMoby_3696	proto
moby	2_maktar_nebula	3705		0x0042a140	0x002a6c84	UpdateMoby_3705	proto
moby	2_maktar_nebula	3706		0x0042cf88	0x002a6c84	UpdateMoby_3706	proto
moby	2_maktar_nebula	3709		0x0042d3f0	0x002a6c84	UpdateMoby_3709	proto
moby	2_maktar_nebula	3731		0x0042e2f8	0x002a6c84	UpdateMoby_3731	proto
moby	2_maktar_nebula	3734		0x0042e988	0x002a6c84	UpdateMoby_3734	proto
moby	2_maktar_nebula	3740		0x0042edd0	0x002a6c84	UpdateMoby_3740	proto
moby	2_maktar_nebula	3742		0x00428220	0x002a6c84	UpdateMoby_3742	proto
moby	2_maktar_nebula	3754		0x0042efb0	0x002a6c84	UpdateMoby_3754	proto
moby	2_maktar_nebula	3755		0x0042f840	0x002a6c84	UpdateMoby_3755	proto
moby	2_maktar_nebula	3757		0x00430a60	0x002a6c84	UpdateMoby_3757	proto
moby	2_maktar_nebula	3760		0x00433090	0x002a6c84	UpdateMoby_3760	proto
moby	2_maktar_nebula	3784		0x004340b0	0x002a6c84	UpdateMoby_3784	proto
moby	2_maktar_nebula	3790		0x00434908	0x002a6c84	UpdateMoby_3790	proto
moby	2_maktar_nebula	3799		0x00435708	0x002a6c84	UpdateMoby_3799	proto
moby	2_maktar_nebula	3800		0x00436c88	0x002a6c84	UpdateMoby_3800	proto
moby	2_maktar_nebula	3861		0x00438b90	0x002a6c84	UpdateMoby_3861	proto
moby	2_maktar_nebula	3949		0x00439140	0x002a6c84	UpdateMoby_3949	proto
moby	2_maktar_nebula	3950		0x00439ce0	0x002a6c84	UpdateMoby_3950	proto
moby	2_maktar_nebula	4000		0x0043a2e8	0x002a6c84		
moby	2_maktar_nebula	4016		0x0043a390	0x002a6c84	UpdateMoby_4016	proto
moby	2_maktar_nebula	4100		0x0043a988	0x002a6c84	UpdateMoby_4100	proto
moby	2_maktar_nebula	4308		0x0043c000	0x002a6c84	UpdateMoby_4308	proto
moby	2_maktar_nebula	4309		0x0043c000	0x002a6c84	UpdateMoby_4309	proto
moby	2_maktar_nebula	4310		0x0043c000	0x002a6c84	UpdateMoby_4310	proto
moby	2_maktar_nebula	4311		0x0043c000	0x002a6c84	UpdateMoby_4311	proto
moby	2_maktar_nebula	4312		0x0043c000	0x002a6c84	UpdateMoby_4312	proto
moby	2_maktar_nebula	4313		0x0043c000	0x002a6c84	UpdateMoby_4313	proto
moby	2_maktar_nebula	4314		0x0043c000	0x002a6c84	UpdateMoby_4314	proto
moby	2_maktar_nebula	4315		0x0043c000	0x002a6c84	UpdateMoby_4315	proto
moby	2_maktar_nebula	4316		0x0043c000	0x002a6c84	UpdateMoby_4316	proto
moby	2_maktar_nebula	4317		0x0043c000	0x002a6c84	UpdateMoby_4317	proto
moby	2_maktar_nebula	4318		0x0043c000	0x002a6c84	UpdateMoby_4318	proto
moby	2_maktar_nebula	4319		0x0043c000	0x002a6c84	UpdateMoby_4319	proto
moby	2_maktar_nebula	4320		0x0043c000	0x002a6c84	UpdateMoby_4320	proto
moby	2_maktar_nebula	4321		0x0043c000	0x002a6c84	UpdateMoby_4321	proto
moby	2_maktar_nebula	4325		0x0043c000	0x002a6c84	UpdateMoby_4325	proto
moby	2_maktar_nebula	4406		0x0043c010	0x002a6c84	UpdateMoby_4406	proto
moby	2_maktar_nebula	4409		0x0043e150	0x002a6c84	UpdateMoby_4409	proto
moby	2_maktar_nebula	4498		0x003dcf80	0x002a6c84	UpdateMoby_4498	proto
moby	2_maktar_nebula	4501		0x0043e5d0	0x002a6c84	UpdateMoby_4501	proto
moby	2_maktar_nebula	4697		0x0043f4c8	0x002a6c84	UpdateMoby_4697	proto
moby	2_maktar_nebula	4733		0x0038ba28	0x002a6c84		
moby	2_maktar_nebula	4747		0x0038ba28	0x002a6c84		
moby	2_maktar_nebula	5020		0x0043feb8	0x002a6c84	UpdateMoby_5020	proto
moby	2_maktar_nebula	5021		0x004415a0	0x002a6c84	UpdateMoby_5021	proto
moby	2_maktar_nebula	5022		0x00442c10	0x002a6c84	UpdateMoby_5022	proto
moby	2_maktar_nebula	5023		0x00444590	0x002a6c84	UpdateMoby_5023	proto
moby	2_maktar_nebula	5024		0x0041f570	0x002a6c84	UpdateMoby_5024	proto
moby	2_maktar_nebula	1086		0x00445138	0x002a6c84	UpdateMoby_1086	proto
moby	2_maktar_nebula	2636		0x003d2a18	0x002a6c84	UpdateMoby_2636	proto
moby	2_maktar_nebula	3099		0x00445200	0x002a6c84	UpdateMoby_3099	proto
moby	2_maktar_nebula	3238		0x003a4ef0	0x002a6c84	UpdateMoby_3238	proto
moby	2_maktar_nebula	1481		0x004453c8	0x002a6c84	UpdateMoby_1481	proto
moby	2_maktar_nebula	2170		0x004482b0	0x002a6c84	UpdateMoby_2170	proto
moby	2_maktar_nebula	3209		0x0044a588	0x002a6c84	UpdateMoby_3209	proto
cam	2_maktar_nebula	0	InitCamera	0x00451ae0		InitCamera_0	proto
cam	2_maktar_nebula	0	ActivateCamera	0x0044eb28		ActivateCamera_0	proto
cam	2_maktar_nebula	0	UpdateCamera	0x00451ae8		UpdateCamera_0	proto
cam	2_maktar_nebula	0	ExitCamera	0x00451ba8		ExitCamera_0	proto
cam	2_maktar_nebula	4	InitCamera	0x004523a8		InitCamera_4	proto
cam	2_maktar_nebula	4	ActivateCamera	0x00452738		ActivateCamera_4	proto
cam	2_maktar_nebula	4	UpdateCamera	0x00451e18		UpdateCamera_4	proto
cam	2_maktar_nebula	4	ExitCamera	0x004527f0		ExitCamera_4	proto
cam	2_maktar_nebula	5	InitCamera	0x00453288		InitCamera_5	proto
cam	2_maktar_nebula	5	ActivateCamera	0x00452dd8		ActivateCamera_5	proto
cam	2_maktar_nebula	5	UpdateCamera	0x00453290		UpdateCamera_5	proto
cam	2_maktar_nebula	5	ExitCamera	0x004532e8		ExitCamera_5	proto
cam	2_maktar_nebula	6	InitCamera	0x00453c58		InitCamera_6	proto
cam	2_maktar_nebula	6	ActivateCamera	0x00453c60		ActivateCamera_6	proto
cam	2_maktar_nebula	6	UpdateCamera	0x00453d10		UpdateCamera_6	proto
cam	2_maktar_nebula	6	ExitCamera	0x00453d30		ExitCamera_6	proto
cam	2_maktar_nebula	7	InitCamera	0x004546a8		InitCamera_7	proto
cam	2_maktar_nebula	7	ActivateCamera	0x00453d38		ActivateCamera_7	proto
cam	2_maktar_nebula	7	UpdateCamera	0x004546b0		UpdateCamera_7	proto
cam	2_maktar_nebula	7	ExitCamera	0x00454798		ExitCamera_7	proto
cam	2_maktar_nebula	19	InitCamera	0x00455330		InitCamera_19	proto
cam	2_maktar_nebula	19	ActivateCamera	0x004548b8		ActivateCamera_19	proto
cam	2_maktar_nebula	19	UpdateCamera	0x00454c80		UpdateCamera_19	proto
cam	2_maktar_nebula	19	ExitCamera	0x004553f8		ExitCamera_19	proto
cam	2_maktar_nebula	23	InitCamera	0x00455b78		InitCamera_23	proto
cam	2_maktar_nebula	23	ActivateCamera	0x00455c00		ActivateCamera_23	proto
cam	2_maktar_nebula	23	UpdateCamera	0x00455c08		UpdateCamera_23	proto
cam	2_maktar_nebula	23	ExitCamera	0x00455c10		ExitCamera_23	proto
cam	2_maktar_nebula	27	InitCamera	0x00456258		InitCamera_27	proto
cam	2_maktar_nebula	27	ActivateCamera	0x00455c38		ActivateCamera_27	proto
cam	2_maktar_nebula	27	UpdateCamera	0x00455db0		UpdateCamera_27	proto
cam	2_maktar_nebula	27	ExitCamera	0x00456260		ExitCamera_27	proto
snd	2_maktar_nebula	1	UpdateSound	0x00456330		UpdateSound_1	proto
moby	3_endako	2		0x00381ff8	0x002aa100	UpdateMoby_2	proto
moby	3_endako	14		0x00382000	0x002aa100	UpdateMoby_14	proto
moby	3_endako	1007		0x00383b38	0x002aa100	UpdateMoby_1007	proto
moby	3_endako	4810		0x00383d30	0x002aa100		
moby	3_endako	4815		0x00383dc8	0x002aa100		
moby	3_endako	4842		0x00383fe8	0x002aa100		
moby	3_endako	4853		0x00384320	0x002aa100		
moby	3_endako	4868		0x00384340	0x002aa100		
moby	3_endako	4917		0x003847b8	0x002aa100		
moby	3_endako	4939		0x00385f98	0x002aa100		
moby	3_endako	4959		0x00388f98	0x002aa100		
moby	3_endako	4966		0x0038bcc0	0x002aa100		
moby	3_endako	4967		0x0038e768	0x002aa100		
moby	3_endako	11		0x00390ab8	0x002aa100	UpdateMoby_11	proto
moby	3_endako	13		0x00382000	0x002aa100	UpdateMoby_13	proto
moby	3_endako	15		0x00382000	0x002aa100	UpdateMoby_15	proto
moby	3_endako	16		0x00382000	0x002aa100	UpdateMoby_16	proto
moby	3_endako	17		0x00382000	0x002aa100	UpdateMoby_17	proto
moby	3_endako	18		0x00382000	0x002aa100	UpdateMoby_18	proto
moby	3_endako	19		0x00382000	0x002aa100	UpdateMoby_19	proto
moby	3_endako	71		0x00391f98	0x002aa100	UpdateMoby_71	proto
moby	3_endako	87		0x00393228	0x002aa100	UpdateMoby_87	proto
moby	3_endako	112		0x00393450	0x002aa100	UpdateMoby_112	proto
moby	3_endako	121		0x00393550	0x002aa100	UpdateMoby_121	proto
moby	3_endako	122		0x003956d8	0x002aa100	UpdateMoby_122	proto
moby	3_endako	163		0x003959a0	0x002aa100	UpdateMoby_163	proto
moby	3_endako	166		0x00395d30	0x002aa100	UpdateMoby_166	proto
moby	3_endako	167		0x00396a80	0x002aa100	UpdateMoby_167	proto
moby	3_endako	172		0x003979b0	0x002aa100	UpdateMoby_172	proto
moby	3_endako	177		0x00398618	0x002aa100	UpdateMoby_177	proto
moby	3_endako	179		0x0039b3c8	0x002aa100	UpdateMoby_179	proto
moby	3_endako	180		0x0039b510	0x002aa100	UpdateMoby_180	proto
moby	3_endako	188		0x0039c370	0x002aa100	UpdateMoby_188	proto
moby	3_endako	192		0x0039df48	0x002aa100	UpdateMoby_192	proto
moby	3_endako	203		0x0039e238	0x002aa100	UpdateMoby_203	proto
moby	3_endako	208		0x0039f540	0x002aa100	UpdateMoby_208	proto
moby	3_endako	209		0x003a07d0	0x002aa100	UpdateMoby_209	proto
moby	3_endako	258		0x003a0cb0	0x002aa100	UpdateMoby_258	proto
moby	3_endako	357		0x003a0ec0	0x002aa100	UpdateMoby_357	proto
moby	3_endako	358		0x003a10d0	0x002aa100	UpdateMoby_358	proto
moby	3_endako	500		0x003a1288	0x002aa100	UpdateMoby_500	proto
moby	3_endako	501		0x003a1288	0x002aa100	UpdateMoby_501	proto
moby	3_endako	505		0x003a1288	0x002aa100	UpdateMoby_505	proto
moby	3_endako	511		0x003a1288	0x002aa100	UpdateMoby_511	proto
moby	3_endako	562		0x003a3058	0x002aa100	UpdateMoby_562	proto
moby	3_endako	607		0x003a32c0	0x002aa100	UpdateMoby_607	proto
moby	3_endako	639		0x003a34e0	0x002aa100	UpdateMoby_639	proto
moby	3_endako	758		0x003a40a0	0x002aa100	UpdateMoby_758	proto
moby	3_endako	775		0x003a4418	0x002aa100	UpdateMoby_775	proto
moby	3_endako	803		0x003a40a0	0x002aa100	UpdateMoby_803	proto
moby	3_endako	804		0x003a4468	0x002aa100	UpdateMoby_804	proto
moby	3_endako	805		0x003a4610	0x002aa100	UpdateMoby_805	proto
moby	3_endako	806		0x003a5238	0x002aa100	UpdateMoby_806	proto
moby	3_endako	832		0x003a6ae8	0x002aa100	UpdateMoby_832	proto
moby	3_endako	1134		0x003a6f18	0x002aa100	UpdateMoby_1134	proto
moby	3_endako	1143		0x003a7b80	0x002aa100	UpdateMoby_1143	proto
moby	3_endako	1192		0x00393450	0x002aa100	UpdateMoby_1192	proto
moby	3_endako	1482		0x003a7dd8	0x002aa100	UpdateMoby_1482	proto
moby	3_endako	1483		0x003a9d88	0x002aa100	UpdateMoby_1483	proto
moby	3_endako	1486		0x003aadd8	0x002aa100	UpdateMoby_1486	proto
moby	3_endako	1487		0x003ab778	0x002aa100	UpdateMoby_1487	proto
moby	3_endako	1489		0x003ac290	0x002aa100	UpdateMoby_1489	proto
moby	3_endako	1490		0x003adad8	0x002aa100	UpdateMoby_1490	proto
moby	3_endako	1494		0x003aed20	0x002aa100	UpdateMoby_1494	proto
moby	3_endako	1496		0x003b0b00	0x002aa100	UpdateMoby_1496	proto
moby	3_endako	1497		0x003b15b0	0x002aa100	UpdateMoby_1497	proto
moby	3_endako	1498		0x003b2d70	0x002aa100	UpdateMoby_1498	proto
moby	3_endako	2078		0x003b3db0	0x002aa100	UpdateMoby_2078	proto
moby	3_endako	2079		0x003b57a8	0x002aa100	UpdateMoby_2079	proto
moby	3_endako	2080		0x003b8118	0x002aa100	UpdateMoby_2080	proto
moby	3_endako	2085		0x003b8a88	0x002aa100	UpdateMoby_2085	proto
moby	3_endako	2088		0x003ba008	0x002aa100	UpdateMoby_2088	proto
moby	3_endako	2143		0x003ba300	0x002aa100	UpdateMoby_2143	proto
moby	3_endako	2160		0x003bc760	0x002aa100	UpdateMoby_2160	proto
moby	3_endako	2163		0x003bcaa0	0x002aa100	UpdateMoby_2163	proto
moby	3_endako	2169		0x003bcb58	0x002aa100	UpdateMoby_2169	proto
moby	3_endako	2189		0x003bd338	0x002aa100		
moby	3_endako	2198		0x003be900	0x002aa100	UpdateMoby_2198	proto
moby	3_endako	2311		0x003c1770	0x002aa100	UpdateMoby_2311	proto
moby	3_endako	2364		0x003c1bf0	0x002aa100	UpdateMoby_2364	proto
moby	3_endako	2368		0x003c1bf0	0x002aa100	UpdateMoby_2368	proto
moby	3_endako	2372		0x003c5ff0	0x002aa100	UpdateMoby_2372	proto
moby	3_endako	2377		0x003c6a28	0x002aa100	UpdateMoby_2377	proto
moby	3_endako	2378		0x003c72a8	0x002aa100	UpdateMoby_2378	proto
moby	3_endako	2380		0x003c7e28	0x002aa100	UpdateMoby_2380	proto
moby	3_endako	2382		0x003c87c8	0x002aa100	UpdateMoby_2382	proto
moby	3_endako	2384		0x003c9f98	0x002aa100	UpdateMoby_2384	proto
moby	3_endako	2401		0x003c9fb8	0x002aa100	UpdateMoby_2401	proto
moby	3_endako	2404		0x003c1bf0	0x002aa100	UpdateMoby_2404	proto
moby	3_endako	2418		0x003ca290	0x002aa100	UpdateMoby_2418	proto
moby	3_endako	2425		0x003ca938	0x002aa100	UpdateMoby_2425	proto
moby	3_endako	2426		0x003ca9f8	0x002aa100	UpdateMoby_2426	proto
moby	3_endako	2427		0x003caca8	0x002aa100	UpdateMoby_2427	proto
moby	3_endako	2434		0x003caee0	0x002aa100	UpdateMoby_2434	proto
moby	3_endako	2435		0x003caee0	0x002aa100	UpdateMoby_2435	proto
moby	3_endako	2437		0x003cb398	0x002aa100	UpdateMoby_2437	proto
moby	3_endako	2452		0x003cbd70	0x002aa100	UpdateMoby_2452	proto
moby	3_endako	2453		0x003cbe58	0x002aa100	UpdateMoby_2453	proto
moby	3_endako	2461		0x003cc1d8	0x002aa100	UpdateMoby_2461	proto
moby	3_endako	2467		0x003cc238	0x002aa100	UpdateMoby_2467	proto
moby	3_endako	2468		0x003cc238	0x002aa100	UpdateMoby_2468	proto
moby	3_endako	2470		0x003cc238	0x002aa100	UpdateMoby_2470	proto
moby	3_endako	2473		0x003cc510	0x002aa100	UpdateMoby_2473	proto
moby	3_endako	2480		0x00385f98	0x002aa100	UpdateMoby_2480	proto
moby	3_endako	2481		0x003cf0c0	0x002aa100	UpdateMoby_2481	proto
moby	3_endako	2482		0x003cf7c8	0x002aa100	UpdateMoby_2482	proto
moby	3_endako	2486		0x003cfb30	0x002aa100	UpdateMoby_2486	proto
moby	3_endako	2491		0x003cfbd0	0x002aa100	UpdateMoby_2491	proto
moby	3_endako	2516		0x003d0300	0x002aa100	UpdateMoby_2516	proto
moby	3_endako	2519		0x003a0ec0	0x002aa100	UpdateMoby_2519	proto
moby	3_endako	2527		0x003d04e0	0x002aa100	UpdateMoby_2527	proto
moby	3_endako	2559		0x003d1100	0x002aa100	UpdateMoby_2559	proto
moby	3_endako	2562		0x003d1548	0x002aa100	UpdateMoby_2562	proto
moby	3_endako	2568		0x003d19c8	0x002aa100	UpdateMoby_2568	proto
moby	3_endako	2570		0x003d21f8	0x002aa100	UpdateMoby_2570	proto
moby	3_endako	2571		0x003d22c8	0x002aa100	UpdateMoby_2571	proto
moby	3_endako	2573		0x003d26f0	0x002aa100	UpdateMoby_2573	proto
moby	3_endako	2574		0x003d26f0	0x002aa100	UpdateMoby_2574	proto
moby	3_endako	2575		0x003d26f0	0x002aa100	UpdateMoby_2575	proto
moby	3_endako	2576		0x003d26f0	0x002aa100	UpdateMoby_2576	proto
moby	3_endako	2577		0x003d26f0	0x002aa100	UpdateMoby_2577	proto
moby	3_endako	2596		0x003d2ab8	0x002aa100	UpdateMoby_2596	proto
moby	3_endako	2645		0x003d2b50	0x002aa100	UpdateMoby_2645	proto
moby	3_endako	2650		0x003d2bc8	0x002aa100	UpdateMoby_2650	proto
moby	3_endako	2651		0x003d3018	0x002aa100	UpdateMoby_2651	proto
moby	3_endako	2652		0x003d3990	0x002aa100	UpdateMoby_2652	proto
moby	3_endako	2653		0x003d5e98	0x002aa100	UpdateMoby_2653	proto
moby	3_endako	2661		0x003d8428	0x002aa100	UpdateMoby_2661	proto
moby	3_endako	2663		0x003d8690	0x002aa100	UpdateMoby_2663	proto
moby	3_endako	2674		0x003d9578	0x002aa100	UpdateMoby_2674	proto
moby	3_endako	2690		0x003d9900	0x002aa100	UpdateMoby_2690	proto
moby	3_endako	2715		0x003da6b8	0x002aa100	UpdateMoby_2715	proto
moby	3_endako	2784		0x003dd0e0	0x002aa100	UpdateMoby_2784	proto
moby	3_endako	2801		0x003ddbb0	0x002aa100	UpdateMoby_2801	proto
moby	3_endako	2806		0x003bcb58	0x002aa100	UpdateMoby_2806	proto
moby	3_endako	2812		0x003dfc68	0x002aa100	UpdateMoby_2812	proto
moby	3_endako	2818		0x003e08b0	0x002aa100	UpdateMoby_2818	proto
moby	3_endako	2832		0x0038a6d8	0x002aa100	UpdateMoby_2832	proto
moby	3_endako	2834		0x003e1340	0x002aa100	UpdateMoby_2834	proto
moby	3_endako	2835		0x00385f98	0x002aa100	UpdateMoby_2835	proto
moby	3_endako	2837		0x00385f98	0x002aa100	UpdateMoby_2837	proto
moby	3_endako	2843		0x003e1348	0x002aa100	UpdateMoby_2843	proto
moby	3_endako	2851		0x003e1c88	0x002aa100	UpdateMoby_2851	proto
moby	3_endako	2856		0x003e21b0	0x002aa100	UpdateMoby_2856	proto
moby	3_endako	2857		0x003e4680	0x002aa100	UpdateMoby_2857	proto
moby	3_endako	2862		0x003e5298	0x002aa100	UpdateMoby_2862	proto
moby	3_endako	2904		0x003e7438	0x002aa100	UpdateMoby_2904	proto
moby	3_endako	2949		0x003c7e28	0x002aa100	UpdateMoby_2949	proto
moby	3_endako	3031		0x003e94a0	0x002aa100	UpdateMoby_3031	proto
moby	3_endako	3032		0x003eaa08	0x002aa100	UpdateMoby_3032	proto
moby	3_endako	3070		0x003eb770	0x002aa100	UpdateMoby_3070	proto
moby	3_endako	3076		0x003ecc78	0x002aa100	UpdateMoby_3076	proto
moby	3_endako	3077		0x003edba8	0x002aa100	UpdateMoby_3077	proto
moby	3_endako	3078		0x003ede50	0x002aa100	UpdateMoby_3078	proto
moby	3_endako	3079		0x003f04d0	0x002aa100	UpdateMoby_3079	proto
moby	3_endako	3109		0x003f09c0	0x002aa100	UpdateMoby_3109	proto
moby	3_endako	3137		0x003f1570	0x002aa100	UpdateMoby_3137	proto
moby	3_endako	3146		0x003f1a70	0x002aa100	UpdateMoby_3146	proto
moby	3_endako	3161		0x003f3cf0	0x002aa100	UpdateMoby_3161	proto
moby	3_endako	3162		0x003f4208	0x002aa100	UpdateMoby_3162	proto
moby	3_endako	3171		0x003f4470	0x002aa100	UpdateMoby_3171	proto
moby	3_endako	3210		0x003f4638	0x002aa100	UpdateMoby_3210	proto
moby	3_endako	3250		0x003f7d80	0x002aa100	UpdateMoby_3250	proto
moby	3_endako	3259		0x003f8dd8	0x002aa100	UpdateMoby_3259	proto
moby	3_endako	3291		0x003dd0e0	0x002aa100	UpdateMoby_3291	proto
moby	3_endako	3299		0x003f9ec8	0x002aa100	UpdateMoby_3299	proto
moby	3_endako	3300		0x003fa328	0x002aa100	UpdateMoby_3300	proto
moby	3_endako	3301		0x003fa898	0x002aa100	UpdateMoby_3301	proto
moby	3_endako	3303		0x003fc6d0	0x002aa100	UpdateMoby_3303	proto
moby	3_endako	3305		0x003feb68	0x002aa100	UpdateMoby_3305	proto
moby	3_endako	3307		0x003ff1a8	0x002aa100	UpdateMoby_3307	proto
moby	3_endako	3308		0x003ff490	0x002aa100	UpdateMoby_3308	proto
moby	3_endako	3310		0x003ff778	0x002aa100	UpdateMoby_3310	proto
moby	3_endako	3315		0x003ffc18	0x002aa100	UpdateMoby_3315	proto
moby	3_endako	3319		0x004008d0	0x002aa100	UpdateMoby_3319	proto
moby	3_endako	3324		0x003c7e28	0x002aa100	UpdateMoby_3324	proto
moby	3_endako	3329		0x003b15b0	0x002aa100	UpdateMoby_3329	proto
moby	3_endako	3332		0x004041b8	0x002aa100	UpdateMoby_3332	proto
moby	3_endako	3392		0x00404d70	0x002aa100	UpdateMoby_3392	proto
moby	3_endako	3406		0x00405060	0x002aa100	UpdateMoby_3406	proto
moby	3_endako	3422		0x00407850	0x002aa100	UpdateMoby_3422	proto
moby	3_endako	3445		0x00408068	0x002aa100	UpdateMoby_3445	proto
moby	3_endako	3484		0x00408298	0x002aa100	UpdateMoby_3484	proto
moby	3_endako	3521		0x00408dd8	0x002aa100	UpdateMoby_3521	proto
moby	3_endako	3548		0x00409248	0x002aa100	UpdateMoby_3548	proto
moby	3_endako	3551		0x00409788	0x002aa100	UpdateMoby_3551	proto
moby	3_endako	3597		0x00409ab0	0x002aa100	UpdateMoby_3597	proto
moby	3_endako	3604		0x00409d78	0x002aa100	UpdateMoby_3604	proto
moby	3_endako	3631		0x0040a3f8	0x002aa100	UpdateMoby_3631	proto
moby	3_endako	3684		0x0040add0	0x002aa100	UpdateMoby_3684	proto
moby	3_endako	3696		0x0040b9a0	0x002aa100	UpdateMoby_3696	proto
moby	3_endako	3705		0x0040bad0	0x002aa100	UpdateMoby_3705	proto
moby	3_endako	3706		0x0040e918	0x002aa100	UpdateMoby_3706	proto
moby	3_endako	3709		0x0040ed80	0x002aa100	UpdateMoby_3709	proto
moby	3_endako	3719		0x003c9fb8	0x002aa100	UpdateMoby_3719	proto
moby	3_endako	3742		0x00409d78	0x002aa100	UpdateMoby_3742	proto
moby	3_endako	3754		0x0040fc88	0x002aa100	UpdateMoby_3754	proto
moby	3_endako	3755		0x00410518	0x002aa100	UpdateMoby_3755	proto
moby	3_endako	3757		0x00411738	0x002aa100	UpdateMoby_3757	proto
moby	3_endako	3760		0x00413d68	0x002aa100	UpdateMoby_3760	proto
moby	3_endako	3784		0x00414d88	0x002aa100	UpdateMoby_3784	proto
moby	3_endako	3790		0x004155e0	0x002aa100	UpdateMoby_3790	proto
moby	3_endako	3799		0x004163e0	0x002aa100	UpdateMoby_3799	proto
moby	3_endako	3800		0x00417960	0x002aa100	UpdateMoby_3800	proto
moby	3_endako	3833		0x00419578	0x002aa100	UpdateMoby_3833	proto
moby	3_endako	3862		0x004198b0	0x002aa100	UpdateMoby_3862	proto
moby	3_endako	3885		0x004199f0	0x002aa100	UpdateMoby_3885	proto
moby	3_endako	3895		0x00419ca0	0x002aa100	UpdateMoby_3895	proto
moby	3_endako	3896		0x0041a090	0x002aa100	UpdateMoby_3896	proto
moby	3_endako	3902		0x0041a570	0x002aa100	UpdateMoby_3902	proto
moby	3_endako	3904		0x0041a9b0	0x002aa100	UpdateMoby_3904	proto
moby	3_endako	3949		0x0041acb0	0x002aa100	UpdateMoby_3949	proto
moby	3_endako	3959		0x0041b850	0x002aa100	UpdateMoby_3959	proto
moby	3_endako	4016		0x0041b858	0x002aa100	UpdateMoby_4016	proto
moby	3_endako	4083		0x0041be50	0x002aa100	UpdateMoby_4083	proto
moby	3_endako	4092		0x0041d258	0x002aa100	UpdateMoby_4092	proto
moby	3_endako	4093		0x0041e2d8	0x002aa100	UpdateMoby_4093	proto
moby	3_endako	4100		0x0041fd18	0x002aa100	UpdateMoby_4100	proto
moby	3_endako	4308		0x00421390	0x002aa100	UpdateMoby_4308	proto
moby	3_endako	4309		0x00421390	0x002aa100	UpdateMoby_4309	proto
moby	3_endako	4310		0x00421390	0x002aa100	UpdateMoby_4310	proto
moby	3_endako	4311		0x00421390	0x002aa100	UpdateMoby_4311	proto
moby	3_endako	4312		0x00421390	0x002aa100	UpdateMoby_4312	proto
moby	3_endako	4313		0x00421390	0x002aa100	UpdateMoby_4313	proto
moby	3_endako	4314		0x00421390	0x002aa100	UpdateMoby_4314	proto
moby	3_endako	4315		0x00421390	0x002aa100	UpdateMoby_4315	proto
moby	3_endako	4316		0x00421390	0x002aa100	UpdateMoby_4316	proto
moby	3_endako	4317		0x00421390	0x002aa100	UpdateMoby_4317	proto
moby	3_endako	4318		0x00421390	0x002aa100	UpdateMoby_4318	proto
moby	3_endako	4319		0x00421390	0x002aa100	UpdateMoby_4319	proto
moby	3_endako	4320		0x00421390	0x002aa100	UpdateMoby_4320	proto
moby	3_endako	4321		0x00421390	0x002aa100	UpdateMoby_4321	proto
moby	3_endako	4325		0x00421390	0x002aa100	UpdateMoby_4325	proto
moby	3_endako	4342		0x004213a0	0x002aa100	UpdateMoby_4342	proto
moby	3_endako	4406		0x00421ad0	0x002aa100	UpdateMoby_4406	proto
moby	3_endako	4413		0x00423c10	0x002aa100	UpdateMoby_4413	proto
moby	3_endako	4498		0x003d3990	0x002aa100	UpdateMoby_4498	proto
moby	3_endako	4501		0x00423d48	0x002aa100	UpdateMoby_4501	proto
moby	3_endako	4548		0x00424c40	0x002aa100	UpdateMoby_4548	proto
moby	3_endako	4583		0x00425310	0x002aa100		
moby	3_endako	4697		0x004255d8	0x002aa100	UpdateMoby_4697	proto
moby	3_endako	4733		0x00385f98	0x002aa100		
moby	3_endako	4752		0x00385f98	0x002aa100		
moby	3_endako	5020		0x00425fc8	0x002aa100	UpdateMoby_5020	proto
moby	3_endako	5021		0x004276b0	0x002aa100	UpdateMoby_5021	proto
moby	3_endako	5022		0x00428d20	0x002aa100	UpdateMoby_5022	proto
moby	3_endako	5023		0x0042a6a0	0x002aa100	UpdateMoby_5023	proto
moby	3_endako	5024		0x00402bf0	0x002aa100	UpdateMoby_5024	proto
moby	3_endako	5050		0x0042b248	0x002aa100	UpdateMoby_5050	proto
moby	3_endako	1086		0x0042b930	0x002aa100	UpdateMoby_1086	proto
moby	3_endako	1481		0x0042b9f8	0x002aa100	UpdateMoby_1481	proto
moby	3_endako	2170		0x0042e8e0	0x002aa100	UpdateMoby_2170	proto
moby	3_endako	3209		0x00430bb8	0x002aa100	UpdateMoby_3209	proto
cam	3_endako	0	InitCamera	0x00438110		InitCamera_0	proto
cam	3_endako	0	ActivateCamera	0x00435158		ActivateCamera_0	proto
cam	3_endako	0	UpdateCamera	0x00438118		UpdateCamera_0	proto
cam	3_endako	0	ExitCamera	0x004381d8		ExitCamera_0	proto
cam	3_endako	4	InitCamera	0x004389d8		InitCamera_4	proto
cam	3_endako	4	ActivateCamera	0x00438d68		ActivateCamera_4	proto
cam	3_endako	4	UpdateCamera	0x00438448		UpdateCamera_4	proto
cam	3_endako	4	ExitCamera	0x00438e20		ExitCamera_4	proto
cam	3_endako	5	InitCamera	0x00439838		InitCamera_5	proto
cam	3_endako	5	ActivateCamera	0x00439388		ActivateCamera_5	proto
cam	3_endako	5	UpdateCamera	0x00439840		UpdateCamera_5	proto
cam	3_endako	5	ExitCamera	0x00439898		ExitCamera_5	proto
cam	3_endako	6	InitCamera	0x0043a208		InitCamera_6	proto
cam	3_endako	6	ActivateCamera	0x0043a210		ActivateCamera_6	proto
cam	3_endako	6	UpdateCamera	0x0043a2c0		UpdateCamera_6	proto
cam	3_endako	6	ExitCamera	0x0043a2e0		ExitCamera_6	proto
cam	3_endako	7	InitCamera	0x0043af30		InitCamera_7	proto
cam	3_endako	7	ActivateCamera	0x0043a2e8		ActivateCamera_7	proto
cam	3_endako	7	UpdateCamera	0x0043af38		UpdateCamera_7	proto
cam	3_endako	7	ExitCamera	0x0043b020		ExitCamera_7	proto
cam	3_endako	23	InitCamera	0x0043b7d0		InitCamera_23	proto
cam	3_endako	23	ActivateCamera	0x0043b858		ActivateCamera_23	proto
cam	3_endako	23	UpdateCamera	0x0043b860		UpdateCamera_23	proto
cam	3_endako	23	ExitCamera	0x0043b868		ExitCamera_23	proto
cam	3_endako	27	InitCamera	0x0043beb0		InitCamera_27	proto
cam	3_endako	27	ActivateCamera	0x0043b890		ActivateCamera_27	proto
cam	3_endako	27	UpdateCamera	0x0043ba08		UpdateCamera_27	proto
cam	3_endako	27	ExitCamera	0x0043beb8		ExitCamera_27	proto
snd	3_endako	0	UpdateSound	0x0043bf88		UpdateSound_0	proto
moby	4_barlow	2		0x003a67e0	0x002cb2d4	UpdateMoby_2	proto
moby	4_barlow	14		0x003a67e8	0x002cb2d4	UpdateMoby_14	proto
moby	4_barlow	1007		0x003a8320	0x002cb2d4	UpdateMoby_1007	proto
moby	4_barlow	4853		0x003a8518	0x002cb2d4		
moby	4_barlow	4917		0x003a8538	0x002cb2d4		
moby	4_barlow	4959		0x003a9d18	0x002cb2d4		
moby	4_barlow	4962		0x003ab4c0	0x002cb2d4		
moby	4_barlow	4966		0x003ab658	0x002cb2d4		
moby	4_barlow	4967		0x003ae100	0x002cb2d4		
moby	4_barlow	11		0x003b0450	0x002cb2d4	UpdateMoby_11	proto
moby	4_barlow	13		0x003a67e8	0x002cb2d4	UpdateMoby_13	proto
moby	4_barlow	15		0x003a67e8	0x002cb2d4	UpdateMoby_15	proto
moby	4_barlow	16		0x003a67e8	0x002cb2d4	UpdateMoby_16	proto
moby	4_barlow	17		0x003a67e8	0x002cb2d4	UpdateMoby_17	proto
moby	4_barlow	18		0x003a67e8	0x002cb2d4	UpdateMoby_18	proto
moby	4_barlow	19		0x003a67e8	0x002cb2d4	UpdateMoby_19	proto
moby	4_barlow	71		0x003b1930	0x002cb2d4	UpdateMoby_71	proto
moby	4_barlow	112		0x003b2d80	0x002cb2d4	UpdateMoby_112	proto
moby	4_barlow	121		0x003b2e80	0x002cb2d4	UpdateMoby_121	proto
moby	4_barlow	122		0x003b5008	0x002cb2d4	UpdateMoby_122	proto
moby	4_barlow	163		0x003b52d0	0x002cb2d4	UpdateMoby_163	proto
moby	4_barlow	166		0x003b5660	0x002cb2d4	UpdateMoby_166	proto
moby	4_barlow	167		0x003b63b0	0x002cb2d4	UpdateMoby_167	proto
moby	4_barlow	172		0x003b72e0	0x002cb2d4	UpdateMoby_172	proto
moby	4_barlow	177		0x003b7f48	0x002cb2d4	UpdateMoby_177	proto
moby	4_barlow	179		0x003bacf8	0x002cb2d4	UpdateMoby_179	proto
moby	4_barlow	180		0x003bae40	0x002cb2d4	UpdateMoby_180	proto
moby	4_barlow	188		0x003bbca0	0x002cb2d4	UpdateMoby_188	proto
moby	4_barlow	192		0x003bd878	0x002cb2d4	UpdateMoby_192	proto
moby	4_barlow	203		0x003bdb68	0x002cb2d4	UpdateMoby_203	proto
moby	4_barlow	208		0x003bee70	0x002cb2d4	UpdateMoby_208	proto
moby	4_barlow	209		0x003c0100	0x002cb2d4	UpdateMoby_209	proto
moby	4_barlow	258		0x003c05e0	0x002cb2d4	UpdateMoby_258	proto
moby	4_barlow	357		0x003c07f0	0x002cb2d4	UpdateMoby_357	proto
moby	4_barlow	358		0x003c0a00	0x002cb2d4	UpdateMoby_358	proto
moby	4_barlow	500		0x003c0bb8	0x002cb2d4	UpdateMoby_500	proto
moby	4_barlow	501		0x003c0bb8	0x002cb2d4	UpdateMoby_501	proto
moby	4_barlow	511		0x003c0bb8	0x002cb2d4	UpdateMoby_511	proto
moby	4_barlow	562		0x003c2888	0x002cb2d4	UpdateMoby_562	proto
moby	4_barlow	607		0x003c2af0	0x002cb2d4	UpdateMoby_607	proto
moby	4_barlow	639		0x003c2d10	0x002cb2d4	UpdateMoby_639	proto
moby	4_barlow	758		0x003c38d0	0x002cb2d4	UpdateMoby_758	proto
moby	4_barlow	760		0x003c3ba0	0x002cb2d4	UpdateMoby_760	proto
moby	4_barlow	775		0x003c4ba0	0x002cb2d4	UpdateMoby_775	proto
moby	4_barlow	803		0x003c38d0	0x002cb2d4	UpdateMoby_803	proto
moby	4_barlow	804		0x003c4bf0	0x002cb2d4	UpdateMoby_804	proto
moby	4_barlow	805		0x003c4d98	0x002cb2d4	UpdateMoby_805	proto
moby	4_barlow	806		0x003c59c0	0x002cb2d4	UpdateMoby_806	proto
moby	4_barlow	809		0x003c6fe8	0x002cb2d4	UpdateMoby_809	proto
moby	4_barlow	832		0x003c72e8	0x002cb2d4	UpdateMoby_832	proto
moby	4_barlow	1134		0x003c7718	0x002cb2d4	UpdateMoby_1134	proto
moby	4_barlow	1140		0x003c8380	0x002cb2d4	UpdateMoby_1140	proto
moby	4_barlow	1143		0x003c86c0	0x002cb2d4	UpdateMoby_1143	proto
moby	4_barlow	1192		0x003b2d80	0x002cb2d4	UpdateMoby_1192	proto
moby	4_barlow	1482		0x003c8918	0x002cb2d4	UpdateMoby_1482	proto
moby	4_barlow	1483		0x003ca8c8	0x002cb2d4	UpdateMoby_1483	proto
moby	4_barlow	1486		0x003cb918	0x002cb2d4	UpdateMoby_1486	proto
moby	4_barlow	1487		0x003cc2b8	0x002cb2d4	UpdateMoby_1487	proto
moby	4_barlow	1489		0x003ccdd0	0x002cb2d4	UpdateMoby_1489	proto
moby	4_barlow	1490		0x003ce618	0x002cb2d4	UpdateMoby_1490	proto
moby	4_barlow	1494		0x003cf860	0x002cb2d4	UpdateMoby_1494	proto
moby	4_barlow	1496		0x003d1640	0x002cb2d4	UpdateMoby_1496	proto
moby	4_barlow	1497		0x003d20f0	0x002cb2d4	UpdateMoby_1497	proto
moby	4_barlow	1498		0x003d38b0	0x002cb2d4	UpdateMoby_1498	proto
moby	4_barlow	2078		0x003d48f0	0x002cb2d4	UpdateMoby_2078	proto
moby	4_barlow	2079		0x003d62e8	0x002cb2d4	UpdateMoby_2079	proto
moby	4_barlow	2080		0x003d8c58	0x002cb2d4	UpdateMoby_2080	proto
moby	4_barlow	2085		0x003d95c8	0x002cb2d4	UpdateMoby_2085	proto
moby	4_barlow	2088		0x003dab48	0x002cb2d4	UpdateMoby_2088	proto
moby	4_barlow	2143		0x003dae40	0x002cb2d4	UpdateMoby_2143	proto
moby	4_barlow	2160		0x003dd2a0	0x002cb2d4	UpdateMoby_2160	proto
moby	4_barlow	2163		0x003dd5e0	0x002cb2d4	UpdateMoby_2163	proto
moby	4_barlow	2169		0x003dd698	0x002cb2d4	UpdateMoby_2169	proto
moby	4_barlow	2189		0x003dde78	0x002cb2d4		
moby	4_barlow	2198		0x003df440	0x002cb2d4	UpdateMoby_2198	proto
moby	4_barlow	2234		0x003e2438	0x002cb2d4	UpdateMoby_2234	proto
moby	4_barlow	2287		0x003e5ed0	0x002cb2d4	UpdateMoby_2287	proto
moby	4_barlow	2311		0x003e5ed8	0x002cb2d4	UpdateMoby_2311	proto
moby	4_barlow	2321		0x003e6358	0x002cb2d4	UpdateMoby_2321	proto
moby	4_barlow	2329		0x003e65b0	0x002cb2d4	UpdateMoby_2329	proto
moby	4_barlow	2384		0x003e7e48	0x002cb2d4	UpdateMoby_2384	proto
moby	4_barlow	2400		0x003e7e68	0x002cb2d4	UpdateMoby_2400	proto
moby	4_barlow	2408		0x003e8010	0x002cb2d4	UpdateMoby_2408	proto
moby	4_barlow	2409		0x003e8588	0x002cb2d4	UpdateMoby_2409	proto
moby	4_barlow	2461		0x003e8590	0x002cb2d4	UpdateMoby_2461	proto
moby	4_barlow	2473		0x003e85f0	0x002cb2d4	UpdateMoby_2473	proto
moby	4_barlow	2476		0x003eb1a0	0x002cb2d4	UpdateMoby_2476	proto
moby	4_barlow	2491		0x003eb1a8	0x002cb2d4	UpdateMoby_2491	proto
moby	4_barlow	2493		0x003eb8d8	0x002cb2d4	UpdateMoby_2493	proto
moby	4_barlow	2503		0x003ec4d0	0x002cb2d4	UpdateMoby_2503	proto
moby	4_barlow	2538		0x003ecc40	0x002cb2d4	UpdateMoby_2538	proto
moby	4_barlow	2539		0x003ed3d8	0x002cb2d4	UpdateMoby_2539	proto
moby	4_barlow	2544		0x003ed740	0x002cb2d4	UpdateMoby_2544	proto
moby	4_barlow	2596		0x003edc30	0x002cb2d4	UpdateMoby_2596	proto
moby	4_barlow	2645		0x003edcc8	0x002cb2d4	UpdateMoby_2645	proto
moby	4_barlow	2648		0x003ee090	0x002cb2d4	UpdateMoby_2648	proto
moby	4_barlow	2650		0x003ee7c8	0x002cb2d4	UpdateMoby_2650	proto
moby	4_barlow	2651		0x003eec18	0x002cb2d4	UpdateMoby_2651	proto
moby	4_barlow	2652		0x003ef590	0x002cb2d4	UpdateMoby_2652	proto
moby	4_barlow	2653		0x003f1a98	0x002cb2d4	UpdateMoby_2653	proto
moby	4_barlow	2661		0x003f4028	0x002cb2d4	UpdateMoby_2661	proto
moby	4_barlow	2663		0x003f4290	0x002cb2d4	UpdateMoby_2663	proto
moby	4_barlow	2690		0x003f5178	0x002cb2d4	UpdateMoby_2690	proto
moby	4_barlow	2713		0x003f6200	0x002cb2d4	UpdateMoby_2713	proto
moby	4_barlow	2715		0x003f6578	0x002cb2d4	UpdateMoby_2715	proto
moby	4_barlow	2744		0x003f9270	0x002cb2d4	UpdateMoby_2744	proto
moby	4_barlow	2748		0x003f9718	0x002cb2d4	UpdateMoby_2748	proto
moby	4_barlow	2749		0x003fa7e8	0x002cb2d4	UpdateMoby_2749	proto
moby	4_barlow	2750		0x003fc678	0x002cb2d4	UpdateMoby_2750	proto
moby	4_barlow	2784		0x003fc7b0	0x002cb2d4	UpdateMoby_2784	proto
moby	4_barlow	2801		0x003fd280	0x002cb2d4	UpdateMoby_2801	proto
moby	4_barlow	2806		0x003dd698	0x002cb2d4	UpdateMoby_2806	proto
moby	4_barlow	2812		0x003ff338	0x002cb2d4	UpdateMoby_2812	proto
moby	4_barlow	2818		0x003fff80	0x002cb2d4	UpdateMoby_2818	proto
moby	4_barlow	2834		0x00400a10	0x002cb2d4	UpdateMoby_2834	proto
moby	4_barlow	2844		0x00400aa8	0x002cb2d4	UpdateMoby_2844	proto
moby	4_barlow	2845		0x00400aa8	0x002cb2d4	UpdateMoby_2845	proto
moby	4_barlow	2846		0x00400aa8	0x002cb2d4	UpdateMoby_2846	proto
moby	4_barlow	2861		0x004045e0	0x002cb2d4	UpdateMoby_2861	proto
moby	4_barlow	2862		0x00404a60	0x002cb2d4	UpdateMoby_2862	proto
moby	4_barlow	2871		0x00407000	0x002cb2d4	UpdateMoby_2871	proto
moby	4_barlow	2877		0x004077a0	0x002cb2d4	UpdateMoby_2877	proto
moby	4_barlow	2878		0x004077a0	0x002cb2d4	UpdateMoby_2878	proto
moby	4_barlow	2879		0x004077a0	0x002cb2d4	UpdateMoby_2879	proto
moby	4_barlow	2880		0x004077a0	0x002cb2d4	UpdateMoby_2880	proto
moby	4_barlow	2900		0x00407f80	0x002cb2d4	UpdateMoby_2900	proto
moby	4_barlow	2904		0x00408028	0x002cb2d4	UpdateMoby_2904	proto
moby	4_barlow	3004		0x00419918	0x002cb2d4	UpdateMoby_3004	proto
moby	4_barlow	3031		0x0041ad20	0x002cb2d4	UpdateMoby_3031	proto
moby	4_barlow	3032		0x0041c288	0x002cb2d4	UpdateMoby_3032	proto
moby	4_barlow	3070		0x0041cff0	0x002cb2d4	UpdateMoby_3070	proto
moby	4_barlow	3076		0x0041e4f8	0x002cb2d4	UpdateMoby_3076	proto
moby	4_barlow	3077		0x0041f428	0x002cb2d4	UpdateMoby_3077	proto
moby	4_barlow	3078		0x0041f6d0	0x002cb2d4	UpdateMoby_3078	proto
moby	4_barlow	3079		0x00421d50	0x002cb2d4	UpdateMoby_3079	proto
moby	4_barlow	3095		0x00422240	0x002cb2d4	UpdateMoby_3095	proto
moby	4_barlow	3110		0x00422318	0x002cb2d4	UpdateMoby_3110	proto
moby	4_barlow	3128		0x00423258	0x002cb2d4	UpdateMoby_3128	proto
moby	4_barlow	3137		0x004238d0	0x002cb2d4	UpdateMoby_3137	proto
moby	4_barlow	3146		0x00423f10	0x002cb2d4	UpdateMoby_3146	proto
moby	4_barlow	3161		0x00426190	0x002cb2d4	UpdateMoby_3161	proto
moby	4_barlow	3162		0x004266a8	0x002cb2d4	UpdateMoby_3162	proto
moby	4_barlow	3171		0x00426910	0x002cb2d4	UpdateMoby_3171	proto
moby	4_barlow	3250		0x00427608	0x002cb2d4	UpdateMoby_3250	proto
moby	4_barlow	3259		0x00428660	0x002cb2d4	UpdateMoby_3259	proto
moby	4_barlow	3291		0x003fc7b0	0x002cb2d4	UpdateMoby_3291	proto
moby	4_barlow	3299		0x00429750	0x002cb2d4	UpdateMoby_3299	proto
moby	4_barlow	3300		0x00429bb0	0x002cb2d4	UpdateMoby_3300	proto
moby	4_barlow	3301		0x0042a120	0x002cb2d4	UpdateMoby_3301	proto
moby	4_barlow	3302		0x0042bf58	0x002cb2d4	UpdateMoby_3302	proto
moby	4_barlow	3303		0x0042c078	0x002cb2d4	UpdateMoby_3303	proto
moby	4_barlow	3305		0x0042e510	0x002cb2d4	UpdateMoby_3305	proto
moby	4_barlow	3307		0x0042eb50	0x002cb2d4	UpdateMoby_3307	proto
moby	4_barlow	3308		0x0042ee38	0x002cb2d4	UpdateMoby_3308	proto
moby	4_barlow	3310		0x0042f120	0x002cb2d4	UpdateMoby_3310	proto
moby	4_barlow	3311		0x003c8380	0x002cb2d4	UpdateMoby_3311	proto
moby	4_barlow	3315		0x0042f5c0	0x002cb2d4	UpdateMoby_3315	proto
moby	4_barlow	3319		0x00430278	0x002cb2d4	UpdateMoby_3319	proto
moby	4_barlow	3325		0x00432258	0x002cb2d4	UpdateMoby_3325	proto
moby	4_barlow	3329		0x003d20f0	0x002cb2d4	UpdateMoby_3329	proto
moby	4_barlow	3332		0x00433f18	0x002cb2d4	UpdateMoby_3332	proto
moby	4_barlow	3390		0x00434bb0	0x002cb2d4	UpdateMoby_3390	proto
moby	4_barlow	3406		0x004359b8	0x002cb2d4	UpdateMoby_3406	proto
moby	4_barlow	3422		0x004381a8	0x002cb2d4	UpdateMoby_3422	proto
moby	4_barlow	3425		0x004389c0	0x002cb2d4	UpdateMoby_3425	proto
moby	4_barlow	3471		0x00438b50	0x002cb2d4	UpdateMoby_3471	proto
moby	4_barlow	3484		0x00438ea8	0x002cb2d4	UpdateMoby_3484	proto
moby	4_barlow	3496		0x00439950	0x002cb2d4	UpdateMoby_3496	proto
moby	4_barlow	3521		0x0043a0f0	0x002cb2d4	UpdateMoby_3521	proto
moby	4_barlow	3604		0x0043a560	0x002cb2d4	UpdateMoby_3604	proto
moby	4_barlow	3611		0x0043b3b8	0x002cb2d4	UpdateMoby_3611	proto
moby	4_barlow	3631		0x0043b3c0	0x002cb2d4	UpdateMoby_3631	proto
moby	4_barlow	3652		0x0043bc58	0x002cb2d4	UpdateMoby_3652	proto
moby	4_barlow	3684		0x0043c248	0x002cb2d4	UpdateMoby_3684	proto
moby	4_barlow	3696		0x0043ce18	0x002cb2d4	UpdateMoby_3696	proto
moby	4_barlow	3705		0x0043cf48	0x002cb2d4	UpdateMoby_3705	proto
moby	4_barlow	3706		0x0043fd90	0x002cb2d4	UpdateMoby_3706	proto
moby	4_barlow	3709		0x004401f8	0x002cb2d4	UpdateMoby_3709	proto
moby	4_barlow	3723		0x00441100	0x002cb2d4	UpdateMoby_3723	proto
moby	4_barlow	3725		0x00441178	0x002cb2d4	UpdateMoby_3725	proto
moby	4_barlow	3742		0x0043a560	0x002cb2d4	UpdateMoby_3742	proto
moby	4_barlow	3754		0x004411d8	0x002cb2d4	UpdateMoby_3754	proto
moby	4_barlow	3755		0x00441a68	0x002cb2d4	UpdateMoby_3755	proto
moby	4_barlow	3757		0x00442c88	0x002cb2d4	UpdateMoby_3757	proto
moby	4_barlow	3760		0x004452b8	0x002cb2d4	UpdateMoby_3760	proto
moby	4_barlow	3784		0x004462d8	0x002cb2d4	UpdateMoby_3784	proto
moby	4_barlow	3790		0x00446b30	0x002cb2d4	UpdateMoby_3790	proto
moby	4_barlow	3799		0x00447930	0x002cb2d4	UpdateMoby_3799	proto
moby	4_barlow	3800		0x00448eb0	0x002cb2d4	UpdateMoby_3800	proto
moby	4_barlow	3937		0x0044aac8	0x002cb2d4	UpdateMoby_3937	proto
moby	4_barlow	3949		0x0044b0f8	0x002cb2d4	UpdateMoby_3949	proto
moby	4_barlow	3953		0x0044bc98	0x002cb2d4	UpdateMoby_3953	proto
moby	4_barlow	4000		0x0044bef8	0x002cb2d4		
moby	4_barlow	4016		0x0044bfa0	0x002cb2d4	UpdateMoby_4016	proto
moby	4_barlow	4022		0x0044c598	0x002cb2d4	UpdateMoby_4022	proto
moby	4_barlow	4088		0x0044db18	0x002cb2d4	UpdateMoby_4088	proto
moby	4_barlow	4100		0x00451430	0x002cb2d4	UpdateMoby_4100	proto
moby	4_barlow	4308		0x00452aa8	0x002cb2d4	UpdateMoby_4308	proto
moby	4_barlow	4309		0x00452aa8	0x002cb2d4	UpdateMoby_4309	proto
moby	4_barlow	4310		0x00452aa8	0x002cb2d4	UpdateMoby_4310	proto
moby	4_barlow	4311		0x00452aa8	0x002cb2d4	UpdateMoby_4311	proto
moby	4_barlow	4312		0x00452aa8	0x002cb2d4	UpdateMoby_4312	proto
moby	4_barlow	4313		0x00452aa8	0x002cb2d4	UpdateMoby_4313	proto
moby	4_barlow	4314		0x00452aa8	0x002cb2d4	UpdateMoby_4314	proto
moby	4_barlow	4315		0x00452aa8	0x002cb2d4	UpdateMoby_4315	proto
moby	4_barlow	4316		0x00452aa8	0x002cb2d4	UpdateMoby_4316	proto
moby	4_barlow	4317		0x00452aa8	0x002cb2d4	UpdateMoby_4317	proto
moby	4_barlow	4318		0x00452aa8	0x002cb2d4	UpdateMoby_4318	proto
moby	4_barlow	4319		0x00452aa8	0x002cb2d4	UpdateMoby_4319	proto
moby	4_barlow	4320		0x00452aa8	0x002cb2d4	UpdateMoby_4320	proto
moby	4_barlow	4321		0x00452aa8	0x002cb2d4	UpdateMoby_4321	proto
moby	4_barlow	4325		0x00452aa8	0x002cb2d4	UpdateMoby_4325	proto
moby	4_barlow	4406		0x00452ab8	0x002cb2d4	UpdateMoby_4406	proto
moby	4_barlow	4407		0x00454bf8	0x002cb2d4	UpdateMoby_4407	proto
moby	4_barlow	4439		0x00455520	0x002cb2d4	UpdateMoby_4439	proto
moby	4_barlow	4498		0x003ef590	0x002cb2d4	UpdateMoby_4498	proto
moby	4_barlow	4501		0x00455730	0x002cb2d4	UpdateMoby_4501	proto
moby	4_barlow	4671		0x00456628	0x002cb2d4	UpdateMoby_4671	proto
moby	4_barlow	4755		0x00456748	0x002cb2d4		
moby	4_barlow	5020		0x00456d20	0x002cb2d4	UpdateMoby_5020	proto
moby	4_barlow	5021		0x00458408	0x002cb2d4	UpdateMoby_5021	proto
moby	4_barlow	5022		0x00459a78	0x002cb2d4	UpdateMoby_5022	proto
moby	4_barlow	5023		0x0045b3f8	0x002cb2d4	UpdateMoby_5023	proto
moby	4_barlow	5024		0x00432950	0x002cb2d4	UpdateMoby_5024	proto
moby	4_barlow	1086		0x0045bfa0	0x002cb2d4	UpdateMoby_1086	proto
moby	4_barlow	3996		0x0045c068	0x002cb2d4	UpdateMoby_3996	proto
moby	4_barlow	1481		0x0045c208	0x002cb2d4	UpdateMoby_1481	proto
moby	4_barlow	2170		0x0045f0f0	0x002cb2d4	UpdateMoby_2170	proto
moby	4_barlow	3209		0x004613c8	0x002cb2d4	UpdateMoby_3209	proto
cam	4_barlow	0	InitCamera	0x00468920		InitCamera_0	proto
cam	4_barlow	0	ActivateCamera	0x00465968		ActivateCamera_0	proto
cam	4_barlow	0	UpdateCamera	0x00468928		UpdateCamera_0	proto
cam	4_barlow	0	ExitCamera	0x004689e8		ExitCamera_0	proto
cam	4_barlow	4	InitCamera	0x004691e8		InitCamera_4	proto
cam	4_barlow	4	ActivateCamera	0x00469578		ActivateCamera_4	proto
cam	4_barlow	4	UpdateCamera	0x00468c58		UpdateCamera_4	proto
cam	4_barlow	4	ExitCamera	0x00469630		ExitCamera_4	proto
cam	4_barlow	5	InitCamera	0x0046a048		InitCamera_5	proto
cam	4_barlow	5	ActivateCamera	0x00469b98		ActivateCamera_5	proto
cam	4_barlow	5	UpdateCamera	0x0046a050		UpdateCamera_5	proto
cam	4_barlow	5	ExitCamera	0x0046a0a8		ExitCamera_5	proto
cam	4_barlow	6	InitCamera	0x0046aa18		InitCamera_6	proto
cam	4_barlow	6	ActivateCamera	0x0046aa20		ActivateCamera_6	proto
cam	4_barlow	6	UpdateCamera	0x0046aad0		UpdateCamera_6	proto
cam	4_barlow	6	ExitCamera	0x0046aaf0		ExitCamera_6	proto
cam	4_barlow	7	InitCamera	0x0046b740		InitCamera_7	proto
cam	4_barlow	7	ActivateCamera	0x0046aaf8		ActivateCamera_7	proto
cam	4_barlow	7	UpdateCamera	0x0046b748		UpdateCamera_7	proto
cam	4_barlow	7	ExitCamera	0x0046b830		ExitCamera_7	proto
cam	4_barlow	19	InitCamera	0x0046c460		InitCamera_19	proto
cam	4_barlow	19	ActivateCamera	0x0046b9e8		ActivateCamera_19	proto
cam	4_barlow	19	UpdateCamera	0x0046bdb0		UpdateCamera_19	proto
cam	4_barlow	19	ExitCamera	0x0046c528		ExitCamera_19	proto
cam	4_barlow	23	InitCamera	0x0046cca8		InitCamera_23	proto
cam	4_barlow	23	ActivateCamera	0x0046cd30		ActivateCamera_23	proto
cam	4_barlow	23	UpdateCamera	0x0046cd38		UpdateCamera_23	proto
cam	4_barlow	23	ExitCamera	0x0046cd40		ExitCamera_23	proto
cam	4_barlow	26	InitCamera	0x0046d768		InitCamera_26	proto
cam	4_barlow	26	ActivateCamera	0x0046ce28		ActivateCamera_26	proto
cam	4_barlow	26	UpdateCamera	0x0046cfb8		UpdateCamera_26	proto
cam	4_barlow	26	ExitCamera	0x0046d7a8		ExitCamera_26	proto
cam	4_barlow	27	InitCamera	0x0046ddd0		InitCamera_27	proto
cam	4_barlow	27	ActivateCamera	0x0046d7b0		ActivateCamera_27	proto
cam	4_barlow	27	UpdateCamera	0x0046d928		UpdateCamera_27	proto
cam	4_barlow	27	ExitCamera	0x0046ddd8		ExitCamera_27	proto
snd	4_barlow	0	UpdateSound	0x0046dea8		UpdateSound_0	proto
snd	4_barlow	1	UpdateSound	0x0046e028		UpdateSound_1	proto
snd	4_barlow	3	UpdateSound	0x0046e2c8		UpdateSound_3	proto
snd	4_barlow	7	UpdateSound	0x0046e428		UpdateSound_7	proto
moby	5_feltzin_system	2		0x00395c78	0x002bc224	UpdateMoby_2	proto
moby	5_feltzin_system	14		0x00395c80	0x002bc224	UpdateMoby_14	proto
moby	5_feltzin_system	1007		0x003977b8	0x002bc224	UpdateMoby_1007	proto
moby	5_feltzin_system	4824		0x00397b30	0x002bc224		
moby	5_feltzin_system	4840		0x00399200	0x002bc224		
moby	5_feltzin_system	4917		0x0039a120	0x002bc224		
moby	5_feltzin_system	4959		0x0039b900	0x002bc224		
moby	5_feltzin_system	4966		0x0039d0a8	0x002bc224		
moby	5_feltzin_system	4967		0x0039fb50	0x002bc224		
moby	5_feltzin_system	13		0x00395c80	0x002bc224	UpdateMoby_13	proto
moby	5_feltzin_system	15		0x00395c80	0x002bc224	UpdateMoby_15	proto
moby	5_feltzin_system	16		0x00395c80	0x002bc224	UpdateMoby_16	proto
moby	5_feltzin_system	17		0x00395c80	0x002bc224	UpdateMoby_17	proto
moby	5_feltzin_system	18		0x00395c80	0x002bc224	UpdateMoby_18	proto
moby	5_feltzin_system	19		0x00395c80	0x002bc224	UpdateMoby_19	proto
moby	5_feltzin_system	71		0x003a24a8	0x002bc224	UpdateMoby_71	proto
moby	5_feltzin_system	112		0x003a38f8	0x002bc224	UpdateMoby_112	proto
moby	5_feltzin_system	121		0x003a39f8	0x002bc224	UpdateMoby_121	proto
moby	5_feltzin_system	122		0x003a5b80	0x002bc224	UpdateMoby_122	proto
moby	5_feltzin_system	163		0x003a5e48	0x002bc224	UpdateMoby_163	proto
moby	5_feltzin_system	166		0x003a61d8	0x002bc224	UpdateMoby_166	proto
moby	5_feltzin_system	167		0x003a6f28	0x002bc224	UpdateMoby_167	proto
moby	5_feltzin_system	172		0x003a7e58	0x002bc224	UpdateMoby_172	proto
moby	5_feltzin_system	177		0x003a8ac0	0x002bc224	UpdateMoby_177	proto
moby	5_feltzin_system	179		0x003ab870	0x002bc224	UpdateMoby_179	proto
moby	5_feltzin_system	180		0x003ab9b8	0x002bc224	UpdateMoby_180	proto
moby	5_feltzin_system	188		0x003ac818	0x002bc224	UpdateMoby_188	proto
moby	5_feltzin_system	192		0x003ae3f0	0x002bc224	UpdateMoby_192	proto
moby	5_feltzin_system	203		0x003ae6e0	0x002bc224	UpdateMoby_203	proto
moby	5_feltzin_system	208		0x003af9e8	0x002bc224	UpdateMoby_208	proto
moby	5_feltzin_system	209		0x003b0c78	0x002bc224	UpdateMoby_209	proto
moby	5_feltzin_system	357		0x003b0ec0	0x002bc224	UpdateMoby_357	proto
moby	5_feltzin_system	358		0x003b10d0	0x002bc224	UpdateMoby_358	proto
moby	5_feltzin_system	500		0x003b1288	0x002bc224	UpdateMoby_500	proto
moby	5_feltzin_system	562		0x003b2f58	0x002bc224	UpdateMoby_562	proto
moby	5_feltzin_system	607		0x003b31c0	0x002bc224	UpdateMoby_607	proto
moby	5_feltzin_system	639		0x003b33e0	0x002bc224	UpdateMoby_639	proto
moby	5_feltzin_system	775		0x003b4048	0x002bc224	UpdateMoby_775	proto
moby	5_feltzin_system	804		0x003b4098	0x002bc224	UpdateMoby_804	proto
moby	5_feltzin_system	806		0x003b4b00	0x002bc224	UpdateMoby_806	proto
moby	5_feltzin_system	1192		0x003a38f8	0x002bc224	UpdateMoby_1192	proto
moby	5_feltzin_system	1482		0x003b62b8	0x002bc224	UpdateMoby_1482	proto
moby	5_feltzin_system	1483		0x003b8268	0x002bc224	UpdateMoby_1483	proto
moby	5_feltzin_system	1486		0x003b92b8	0x002bc224	UpdateMoby_1486	proto
moby	5_feltzin_system	1487		0x003b9c58	0x002bc224	UpdateMoby_1487	proto
moby	5_feltzin_system	1489		0x003ba770	0x002bc224	UpdateMoby_1489	proto
moby	5_feltzin_system	1490		0x003bbfb8	0x002bc224	UpdateMoby_1490	proto
moby	5_feltzin_system	1494		0x003bd200	0x002bc224	UpdateMoby_1494	proto
moby	5_feltzin_system	1496		0x003befe0	0x002bc224	UpdateMoby_1496	proto
moby	5_feltzin_system	1497		0x003bfa90	0x002bc224	UpdateMoby_1497	proto
moby	5_feltzin_system	1498		0x003c1250	0x002bc224	UpdateMoby_1498	proto
moby	5_feltzin_system	2078		0x003c2290	0x002bc224	UpdateMoby_2078	proto
moby	5_feltzin_system	2079		0x003c3c88	0x002bc224	UpdateMoby_2079	proto
moby	5_feltzin_system	2080		0x003c65f8	0x002bc224	UpdateMoby_2080	proto
moby	5_feltzin_system	2085		0x003c6f68	0x002bc224	UpdateMoby_2085	proto
moby	5_feltzin_system	2088		0x003c84e8	0x002bc224	UpdateMoby_2088	proto
moby	5_feltzin_system	2143		0x003c87e0	0x002bc224	UpdateMoby_2143	proto
moby	5_feltzin_system	2160		0x003cac40	0x002bc224	UpdateMoby_2160	proto
moby	5_feltzin_system	2169		0x003caf80	0x002bc224	UpdateMoby_2169	proto
moby	5_feltzin_system	2189		0x003cb760	0x002bc224		
moby	5_feltzin_system	2311		0x003ccd28	0x002bc224	UpdateMoby_2311	proto
moby	5_feltzin_system	2374		0x003cd280	0x002bc224	UpdateMoby_2374	proto
moby	5_feltzin_system	2384		0x003cef80	0x002bc224	UpdateMoby_2384	proto
moby	5_feltzin_system	2387		0x003cf040	0x002bc224	UpdateMoby_2387	proto
moby	5_feltzin_system	2388		0x003cf040	0x002bc224	UpdateMoby_2388	proto
moby	5_feltzin_system	2389		0x003cf040	0x002bc224	UpdateMoby_2389	proto
moby	5_feltzin_system	2390		0x003cf040	0x002bc224	UpdateMoby_2390	proto
moby	5_feltzin_system	2391		0x003cff90	0x002bc224	UpdateMoby_2391	proto
moby	5_feltzin_system	2399		0x003d0728	0x002bc224	UpdateMoby_2399	proto
moby	5_feltzin_system	2417		0x003cf040	0x002bc224	UpdateMoby_2417	proto
moby	5_feltzin_system	2420		0x003d0b20	0x002bc224	UpdateMoby_2420	proto
moby	5_feltzin_system	2428		0x003d15e8	0x002bc224	UpdateMoby_2428	proto
moby	5_feltzin_system	2438		0x003d2048	0x002bc224	UpdateMoby_2438	proto
moby	5_feltzin_system	2473		0x003d3728	0x002bc224	UpdateMoby_2473	proto
moby	5_feltzin_system	2650		0x003d62d8	0x002bc224	UpdateMoby_2650	proto
moby	5_feltzin_system	2651		0x003d6728	0x002bc224	UpdateMoby_2651	proto
moby	5_feltzin_system	2652		0x003d70a0	0x002bc224	UpdateMoby_2652	proto
moby	5_feltzin_system	2653		0x003d95a8	0x002bc224	UpdateMoby_2653	proto
moby	5_feltzin_system	2661		0x003dbb38	0x002bc224	UpdateMoby_2661	proto
moby	5_feltzin_system	2663		0x003dbda0	0x002bc224	UpdateMoby_2663	proto
moby	5_feltzin_system	2690		0x003dcc88	0x002bc224	UpdateMoby_2690	proto
moby	5_feltzin_system	2715		0x003dda40	0x002bc224	UpdateMoby_2715	proto
moby	5_feltzin_system	2784		0x003e0468	0x002bc224	UpdateMoby_2784	proto
moby	5_feltzin_system	2801		0x003e0f38	0x002bc224	UpdateMoby_2801	proto
moby	5_feltzin_system	2806		0x003caf80	0x002bc224	UpdateMoby_2806	proto
moby	5_feltzin_system	2818		0x003e3c30	0x002bc224	UpdateMoby_2818	proto
moby	5_feltzin_system	2862		0x003e4730	0x002bc224	UpdateMoby_2862	proto
moby	5_feltzin_system	2904		0x003e68d0	0x002bc224	UpdateMoby_2904	proto
moby	5_feltzin_system	3031		0x003e8938	0x002bc224	UpdateMoby_3031	proto
moby	5_feltzin_system	3032		0x003e9ea0	0x002bc224	UpdateMoby_3032	proto
moby	5_feltzin_system	3070		0x003eac08	0x002bc224	UpdateMoby_3070	proto
moby	5_feltzin_system	3076		0x003ec110	0x002bc224	UpdateMoby_3076	proto
moby	5_feltzin_system	3077		0x003ed040	0x002bc224	UpdateMoby_3077	proto
moby	5_feltzin_system	3078		0x003ed2e8	0x002bc224	UpdateMoby_3078	proto
moby	5_feltzin_system	3079		0x003ef968	0x002bc224	UpdateMoby_3079	proto
moby	5_feltzin_system	3137		0x003efe58	0x002bc224	UpdateMoby_3137	proto
moby	5_feltzin_system	3146		0x003f0358	0x002bc224	UpdateMoby_3146	proto
moby	5_feltzin_system	3161		0x003f25d8	0x002bc224	UpdateMoby_3161	proto
moby	5_feltzin_system	3162		0x003f2af0	0x002bc224	UpdateMoby_3162	proto
moby	5_feltzin_system	3174		0x003f2d58	0x002bc224	UpdateMoby_3174	proto
moby	5_feltzin_system	3250		0x003f3b80	0x002bc224	UpdateMoby_3250	proto
moby	5_feltzin_system	3259		0x003f4bd8	0x002bc224	UpdateMoby_3259	proto
moby	5_feltzin_system	3291		0x003e0468	0x002bc224	UpdateMoby_3291	proto
moby	5_feltzin_system	3299		0x003f5cc8	0x002bc224	UpdateMoby_3299	proto
moby	5_feltzin_system	3300		0x003f6128	0x002bc224	UpdateMoby_3300	proto
moby	5_feltzin_system	3301		0x003f6698	0x002bc224	UpdateMoby_3301	proto
moby	5_feltzin_system	3303		0x003f84d0	0x002bc224	UpdateMoby_3303	proto
moby	5_feltzin_system	3307		0x003fa968	0x002bc224	UpdateMoby_3307	proto
moby	5_feltzin_system	3308		0x003fac50	0x002bc224	UpdateMoby_3308	proto
moby	5_feltzin_system	3310		0x003faf38	0x002bc224	UpdateMoby_3310	proto
moby	5_feltzin_system	3315		0x003fb3d8	0x002bc224	UpdateMoby_3315	proto
moby	5_feltzin_system	3319		0x003fc090	0x002bc224	UpdateMoby_3319	proto
moby	5_feltzin_system	3329		0x003bfa90	0x002bc224	UpdateMoby_3329	proto
moby	5_feltzin_system	3332		0x003ff978	0x002bc224	UpdateMoby_3332	proto
moby	5_feltzin_system	3406		0x00400818	0x002bc224	UpdateMoby_3406	proto
moby	5_feltzin_system	3422		0x00403008	0x002bc224	UpdateMoby_3422	proto
moby	5_feltzin_system	3484		0x00403950	0x002bc224	UpdateMoby_3484	proto
moby	5_feltzin_system	3521		0x00404490	0x002bc224	UpdateMoby_3521	proto
moby	5_feltzin_system	3604		0x00404900	0x002bc224	UpdateMoby_3604	proto
moby	5_feltzin_system	3631		0x00404f80	0x002bc224	UpdateMoby_3631	proto
moby	5_feltzin_system	3684		0x00405958	0x002bc224	UpdateMoby_3684	proto
moby	5_feltzin_system	3696		0x00406528	0x002bc224	UpdateMoby_3696	proto
moby	5_feltzin_system	3705		0x00406658	0x002bc224	UpdateMoby_3705	proto
moby	5_feltzin_system	3706		0x004094a0	0x002bc224	UpdateMoby_3706	proto
moby	5_feltzin_system	3709		0x00409908	0x002bc224	UpdateMoby_3709	proto
moby	5_feltzin_system	3742		0x00404900	0x002bc224	UpdateMoby_3742	proto
moby	5_feltzin_system	3754		0x0040a810	0x002bc224	UpdateMoby_3754	proto
moby	5_feltzin_system	3755		0x0040b0a0	0x002bc224	UpdateMoby_3755	proto
moby	5_feltzin_system	3757		0x0040c2c0	0x002bc224	UpdateMoby_3757	proto
moby	5_feltzin_system	3760		0x0040e8f0	0x002bc224	UpdateMoby_3760	proto
moby	5_feltzin_system	3784		0x0040f910	0x002bc224	UpdateMoby_3784	proto
moby	5_feltzin_system	3790		0x00410168	0x002bc224	UpdateMoby_3790	proto
moby	5_feltzin_system	3799		0x00410f68	0x002bc224	UpdateMoby_3799	proto
moby	5_feltzin_system	3800		0x004124e8	0x002bc224	UpdateMoby_3800	proto
moby	5_feltzin_system	3949		0x004143f8	0x002bc224	UpdateMoby_3949	proto
moby	5_feltzin_system	3950		0x00414f98	0x002bc224	UpdateMoby_3950	proto
moby	5_feltzin_system	3955		0x004155a0	0x002bc224	UpdateMoby_3955	proto
moby	5_feltzin_system	3958		0x00415b38	0x002bc224	UpdateMoby_3958	proto
moby	5_feltzin_system	3969		0x00416918	0x002bc224	UpdateMoby_3969	proto
moby	5_feltzin_system	3970		0x004170c8	0x002bc224	UpdateMoby_3970	proto
moby	5_feltzin_system	4016		0x00417750	0x002bc224	UpdateMoby_4016	proto
moby	5_feltzin_system	4031		0x00417d48	0x002bc224	UpdateMoby_4031	proto
moby	5_feltzin_system	4090		0x00419898	0x002bc224	UpdateMoby_4090	proto
moby	5_feltzin_system	4100		0x0041aaa0	0x002bc224	UpdateMoby_4100	proto
moby	5_feltzin_system	4303		0x0041c1f0	0x002bc224	UpdateMoby_4303	proto
moby	5_feltzin_system	4305		0x0041c7e0	0x002bc224	UpdateMoby_4305	proto
moby	5_feltzin_system	4306		0x0041c7e0	0x002bc224	UpdateMoby_4306	proto
moby	5_feltzin_system	4307		0x0041c7e0	0x002bc224	UpdateMoby_4307	proto
moby	5_feltzin_system	4308		0x0041c7e0	0x002bc224	UpdateMoby_4308	proto
moby	5_feltzin_system	4309		0x0041c7e0	0x002bc224	UpdateMoby_4309	proto
moby	5_feltzin_system	4310		0x0041c7e0	0x002bc224	UpdateMoby_4310	proto
moby	5_feltzin_system	4311		0x0041c7e0	0x002bc224	UpdateMoby_4311	proto
moby	5_feltzin_system	4312		0x0041c7e0	0x002bc224	UpdateMoby_4312	proto
moby	5_feltzin_system	4313		0x0041c7e0	0x002bc224	UpdateMoby_4313	proto
moby	5_feltzin_system	4314		0x0041c7e0	0x002bc224	UpdateMoby_4314	proto
moby	5_feltzin_system	4315		0x0041c7e0	0x002bc224	UpdateMoby_4315	proto
moby	5_feltzin_system	4316		0x0041c7e0	0x002bc224	UpdateMoby_4316	proto
moby	5_feltzin_system	4317		0x0041c7e0	0x002bc224	UpdateMoby_4317	proto
moby	5_feltzin_system	4318		0x0041c7e0	0x002bc224	UpdateMoby_4318	proto
moby	5_feltzin_system	4319		0x0041c7e0	0x002bc224	UpdateMoby_4319	proto
moby	5_feltzin_system	4320		0x0041c7e0	0x002bc224	UpdateMoby_4320	proto
moby	5_feltzin_system	4321		0x0041c7e0	0x002bc224	UpdateMoby_4321	proto
moby	5_feltzin_system	4325		0x0041c7e0	0x002bc224	UpdateMoby_4325	proto
moby	5_feltzin_system	4341		0x0041c860	0x002bc224	UpdateMoby_4341	proto
moby	5_feltzin_system	4345		0x0041d570	0x002bc224	UpdateMoby_4345	proto
moby	5_feltzin_system	4355		0x0041da20	0x002bc224	UpdateMoby_4355	proto
moby	5_feltzin_system	4378		0x00422380	0x002bc224	UpdateMoby_4378	proto
moby	5_feltzin_system	4406		0x00422640	0x002bc224	UpdateMoby_4406	proto
moby	5_feltzin_system	4426		0x00424780	0x002bc224	UpdateMoby_4426	proto
moby	5_feltzin_system	4449		0x003d0b20	0x002bc224	UpdateMoby_4449	proto
moby	5_feltzin_system	4458		0x00424c88	0x002bc224	UpdateMoby_4458	proto
moby	5_feltzin_system	4467		0x00397b30	0x002bc224	UpdateMoby_4467	proto
moby	5_feltzin_system	4476		0x004260b8	0x002bc224	UpdateMoby_4476	proto
moby	5_feltzin_system	4477		0x00426658	0x002bc224	UpdateMoby_4477	proto
moby	5_feltzin_system	4479		0x00426be0	0x002bc224	UpdateMoby_4479	proto
moby	5_feltzin_system	4482		0x00427238	0x002bc224	UpdateMoby_4482	proto
moby	5_feltzin_system	4497		0x00427b20	0x002bc224	UpdateMoby_4497	proto
moby	5_feltzin_system	4498		0x003d70a0	0x002bc224	UpdateMoby_4498	proto
moby	5_feltzin_system	4499		0x00428350	0x002bc224	UpdateMoby_4499	proto
moby	5_feltzin_system	4501		0x00429668	0x002bc224	UpdateMoby_4501	proto
moby	5_feltzin_system	4548		0x0042a560	0x002bc224	UpdateMoby_4548	proto
moby	5_feltzin_system	4582		0x0042ac30	0x002bc224	UpdateMoby_4582	proto
moby	5_feltzin_system	4646		0x0042bda8	0x002bc224	UpdateMoby_4646	proto
moby	5_feltzin_system	4716		0x0042bdb0	0x002bc224	UpdateMoby_4716	proto
moby	5_feltzin_system	5020		0x0042ce00	0x002bc224	UpdateMoby_5020	proto
moby	5_feltzin_system	5021		0x0042e4e8	0x002bc224	UpdateMoby_5021	proto
moby	5_feltzin_system	5022		0x0042fb58	0x002bc224	UpdateMoby_5022	proto
moby	5_feltzin_system	5023		0x004314d8	0x002bc224	UpdateMoby_5023	proto
moby	5_feltzin_system	5024		0x003fe3b0	0x002bc224	UpdateMoby_5024	proto
moby	5_feltzin_system	4323		0x00432150	0x002bc224	UpdateMoby_4323	proto
moby	5_feltzin_system	1481		0x004321a0	0x002bc224	UpdateMoby_1481	proto
moby	5_feltzin_system	2170		0x00435088	0x002bc224	UpdateMoby_2170	proto
moby	5_feltzin_system	3209		0x00437360	0x002bc224	UpdateMoby_3209	proto
cam	5_feltzin_system	0	InitCamera	0x0043e8b8		InitCamera_0	proto
cam	5_feltzin_system	0	ActivateCamera	0x0043b900		ActivateCamera_0	proto
cam	5_feltzin_system	0	UpdateCamera	0x0043e8c0		UpdateCamera_0	proto
cam	5_feltzin_system	0	ExitCamera	0x0043e980		ExitCamera_0	proto
cam	5_feltzin_system	4	InitCamera	0x0043f180		InitCamera_4	proto
cam	5_feltzin_system	4	ActivateCamera	0x0043f510		ActivateCamera_4	proto
cam	5_feltzin_system	4	UpdateCamera	0x0043ebf0		UpdateCamera_4	proto
cam	5_feltzin_system	4	ExitCamera	0x0043f5c8		ExitCamera_4	proto
cam	5_feltzin_system	5	InitCamera	0x0043ffe0		InitCamera_5	proto
cam	5_feltzin_system	5	ActivateCamera	0x0043fb30		ActivateCamera_5	proto
cam	5_feltzin_system	5	UpdateCamera	0x0043ffe8		UpdateCamera_5	proto
cam	5_feltzin_system	5	ExitCamera	0x00440040		ExitCamera_5	proto
cam	5_feltzin_system	6	InitCamera	0x004409b0		InitCamera_6	proto
cam	5_feltzin_system	6	ActivateCamera	0x004409b8		ActivateCamera_6	proto
cam	5_feltzin_system	6	UpdateCamera	0x00440a68		UpdateCamera_6	proto
cam	5_feltzin_system	6	ExitCamera	0x00440a88		ExitCamera_6	proto
cam	5_feltzin_system	7	InitCamera	0x00441400		InitCamera_7	proto
cam	5_feltzin_system	7	ActivateCamera	0x00440a90		ActivateCamera_7	proto
cam	5_feltzin_system	7	UpdateCamera	0x00441408		UpdateCamera_7	proto
cam	5_feltzin_system	7	ExitCamera	0x004414f0		ExitCamera_7	proto
cam	5_feltzin_system	23	InitCamera	0x00441ca0		InitCamera_23	proto
cam	5_feltzin_system	23	ActivateCamera	0x00441d28		ActivateCamera_23	proto
cam	5_feltzin_system	23	UpdateCamera	0x00441d30		UpdateCamera_23	proto
cam	5_feltzin_system	23	ExitCamera	0x00441d38		ExitCamera_23	proto
cam	5_feltzin_system	25	InitCamera	0x00445f90		InitCamera_25	proto
cam	5_feltzin_system	25	ActivateCamera	0x00441d40		ActivateCamera_25	proto
cam	5_feltzin_system	25	UpdateCamera	0x00441f38		UpdateCamera_25	proto
cam	5_feltzin_system	25	ExitCamera	0x00446030		ExitCamera_25	proto
cam	5_feltzin_system	27	InitCamera	0x00446658		InitCamera_27	proto
cam	5_feltzin_system	27	ActivateCamera	0x00446038		ActivateCamera_27	proto
cam	5_feltzin_system	27	UpdateCamera	0x004461b0		UpdateCamera_27	proto
cam	5_feltzin_system	27	ExitCamera	0x00446660		ExitCamera_27	proto
snd	5_feltzin_system	3	UpdateSound	0x00446730		UpdateSound_3	proto
moby	6_notak	2		0x003c41a0	0x002e2f94	UpdateMoby_2	proto
moby	6_notak	14		0x003c41a8	0x002e2f94	UpdateMoby_14	proto
moby	6_notak	1007		0x003c5ce0	0x002e2f94	UpdateMoby_1007	proto
moby	6_notak	4808		0x003c5ed8	0x002e2f94		
moby	6_notak	4853		0x003c6010	0x002e2f94		
moby	6_notak	4917		0x003c6030	0x002e2f94		
moby	6_notak	4959		0x003c7810	0x002e2f94		
moby	6_notak	4966		0x003c8fb8	0x002e2f94		
moby	6_notak	4967		0x003cba60	0x002e2f94		
moby	6_notak	11		0x003cddb0	0x002e2f94	UpdateMoby_11	proto
moby	6_notak	13		0x003c41a8	0x002e2f94	UpdateMoby_13	proto
moby	6_notak	15		0x003c41a8	0x002e2f94	UpdateMoby_15	proto
moby	6_notak	16		0x003c41a8	0x002e2f94	UpdateMoby_16	proto
moby	6_notak	17		0x003c41a8	0x002e2f94	UpdateMoby_17	proto
moby	6_notak	18		0x003c41a8	0x002e2f94	UpdateMoby_18	proto
moby	6_notak	19		0x003c41a8	0x002e2f94	UpdateMoby_19	proto
moby	6_notak	71		0x003cf290	0x002e2f94	UpdateMoby_71	proto
moby	6_notak	112		0x003d06e0	0x002e2f94	UpdateMoby_112	proto
moby	6_notak	121		0x003d07e0	0x002e2f94	UpdateMoby_121	proto
moby	6_notak	122		0x003d2968	0x002e2f94	UpdateMoby_122	proto
moby	6_notak	163		0x003d2c30	0x002e2f94	UpdateMoby_163	proto
moby	6_notak	166		0x003d2fc0	0x002e2f94	UpdateMoby_166	proto
moby	6_notak	167		0x003d3d10	0x002e2f94	UpdateMoby_167	proto
moby	6_notak	172		0x003d4c40	0x002e2f94	UpdateMoby_172	proto
moby	6_notak	177		0x003d58a8	0x002e2f94	UpdateMoby_177	proto
moby	6_notak	179		0x003d8658	0x002e2f94	UpdateMoby_179	proto
moby	6_notak	180		0x003d87a0	0x002e2f94	UpdateMoby_180	proto
moby	6_notak	188		0x003d9600	0x002e2f94	UpdateMoby_188	proto
moby	6_notak	192		0x003db1d8	0x002e2f94	UpdateMoby_192	proto
moby	6_notak	203		0x003db4c8	0x002e2f94	UpdateMoby_203	proto
moby	6_notak	208		0x003dc7d0	0x002e2f94	UpdateMoby_208	proto
moby	6_notak	209		0x003dda60	0x002e2f94	UpdateMoby_209	proto
moby	6_notak	357		0x003ddca8	0x002e2f94	UpdateMoby_357	proto
moby	6_notak	358		0x003ddeb8	0x002e2f94	UpdateMoby_358	proto
moby	6_notak	500		0x003de070	0x002e2f94	UpdateMoby_500	proto
moby	6_notak	501		0x003de070	0x002e2f94	UpdateMoby_501	proto
moby	6_notak	511		0x003de070	0x002e2f94	UpdateMoby_511	proto
moby	6_notak	562		0x003dfd40	0x002e2f94	UpdateMoby_562	proto
moby	6_notak	607		0x003dffa8	0x002e2f94	UpdateMoby_607	proto
moby	6_notak	639		0x003e01c8	0x002e2f94	UpdateMoby_639	proto
moby	6_notak	750		0x003e0d88	0x002e2f94	UpdateMoby_750	proto
moby	6_notak	775		0x003e1150	0x002e2f94	UpdateMoby_775	proto
moby	6_notak	794		0x003e1498	0x002e2f94	UpdateMoby_794	proto
moby	6_notak	804		0x003e18d0	0x002e2f94	UpdateMoby_804	proto
moby	6_notak	805		0x003e1a78	0x002e2f94	UpdateMoby_805	proto
moby	6_notak	806		0x003e26a0	0x002e2f94	UpdateMoby_806	proto
moby	6_notak	816		0x003e3f28	0x002e2f94	UpdateMoby_816	proto
moby	6_notak	832		0x003e5288	0x002e2f94	UpdateMoby_832	proto
moby	6_notak	1067		0x003e5428	0x002e2f94	UpdateMoby_1067	proto
moby	6_notak	1073		0x003e5d30	0x002e2f94	UpdateMoby_1073	proto
moby	6_notak	1134		0x003e6390	0x002e2f94	UpdateMoby_1134	proto
moby	6_notak	1143		0x003e6ff8	0x002e2f94	UpdateMoby_1143	proto
moby	6_notak	1192		0x003d06e0	0x002e2f94	UpdateMoby_1192	proto
moby	6_notak	1482		0x003e7250	0x002e2f94	UpdateMoby_1482	proto
moby	6_notak	1483		0x003e9200	0x002e2f94	UpdateMoby_1483	proto
moby	6_notak	1486		0x003ea250	0x002e2f94	UpdateMoby_1486	proto
moby	6_notak	1487		0x003eabf0	0x002e2f94	UpdateMoby_1487	proto
moby	6_notak	1489		0x003eb708	0x002e2f94	UpdateMoby_1489	proto
moby	6_notak	1490		0x003ecf50	0x002e2f94	UpdateMoby_1490	proto
moby	6_notak	1494		0x003ee198	0x002e2f94	UpdateMoby_1494	proto
moby	6_notak	1496		0x003eff78	0x002e2f94	UpdateMoby_1496	proto
moby	6_notak	1497		0x003f0a28	0x002e2f94	UpdateMoby_1497	proto
moby	6_notak	1498		0x003f21e8	0x002e2f94	UpdateMoby_1498	proto
moby	6_notak	1733		0x003f3080	0x002e2f94	UpdateMoby_1733	proto
moby	6_notak	1734		0x003f3080	0x002e2f94	UpdateMoby_1734	proto
moby	6_notak	1735		0x003f3080	0x002e2f94	UpdateMoby_1735	proto
moby	6_notak	1885		0x003f3800	0x002e2f94	UpdateMoby_1885	proto
moby	6_notak	1886		0x003f4080	0x002e2f94	UpdateMoby_1886	proto
moby	6_notak	2031		0x003f4908	0x002e2f94	UpdateMoby_2031	proto
moby	6_notak	2078		0x003f4b08	0x002e2f94	UpdateMoby_2078	proto
moby	6_notak	2079		0x003f6500	0x002e2f94	UpdateMoby_2079	proto
moby	6_notak	2080		0x003f8e70	0x002e2f94	UpdateMoby_2080	proto
moby	6_notak	2085		0x003f97e0	0x002e2f94	UpdateMoby_2085	proto
moby	6_notak	2088		0x003fad60	0x002e2f94	UpdateMoby_2088	proto
moby	6_notak	2121		0x003fb050	0x002e2f94	UpdateMoby_2121	proto
moby	6_notak	2143		0x003fb5a8	0x002e2f94	UpdateMoby_2143	proto
moby	6_notak	2155		0x003fda08	0x002e2f94	UpdateMoby_2155	proto
moby	6_notak	2157		0x003fda08	0x002e2f94	UpdateMoby_2157	proto
moby	6_notak	2160		0x003fe3b0	0x002e2f94	UpdateMoby_2160	proto
moby	6_notak	2169		0x003fe6f0	0x002e2f94	UpdateMoby_2169	proto
moby	6_notak	2189		0x003feed0	0x002e2f94		
moby	6_notak	2205		0x00400498	0x002e2f94	UpdateMoby_2205	proto
moby	6_notak	2208		0x004005f8	0x002e2f94	UpdateMoby_2208	proto
moby	6_notak	2209		0x00400f08	0x002e2f94	UpdateMoby_2209	proto
moby	6_notak	2232		0x004012b8	0x002e2f94	UpdateMoby_2232	proto
moby	6_notak	2249		0x00401820	0x002e2f94	UpdateMoby_2249	proto
moby	6_notak	2250		0x003f3080	0x002e2f94	UpdateMoby_2250	proto
moby	6_notak	2251		0x003f3080	0x002e2f94	UpdateMoby_2251	proto
moby	6_notak	2253		0x003f3080	0x002e2f94	UpdateMoby_2253	proto
moby	6_notak	2254		0x003f3080	0x002e2f94	UpdateMoby_2254	proto
moby	6_notak	2255		0x003f3080	0x002e2f94	UpdateMoby_2255	proto
moby	6_notak	2311		0x00401db0	0x002e2f94	UpdateMoby_2311	proto
moby	6_notak	2322		0x00402440	0x002e2f94	UpdateMoby_2322	proto
moby	6_notak	2366		0x00403130	0x002e2f94	UpdateMoby_2366	proto
moby	6_notak	2375		0x00403710	0x002e2f94	UpdateMoby_2375	proto
moby	6_notak	2376		0x00403f60	0x002e2f94	UpdateMoby_2376	proto
moby	6_notak	2384		0x00405928	0x002e2f94	UpdateMoby_2384	proto
moby	6_notak	2473		0x00405948	0x002e2f94	UpdateMoby_2473	proto
moby	6_notak	2491		0x004084f8	0x002e2f94	UpdateMoby_2491	proto
moby	6_notak	2640		0x00408f78	0x002e2f94	UpdateMoby_2640	proto
moby	6_notak	2648		0x00408f78	0x002e2f94	UpdateMoby_2648	proto
moby	6_notak	2650		0x004096b0	0x002e2f94	UpdateMoby_2650	proto
moby	6_notak	2651		0x00409b00	0x002e2f94	UpdateMoby_2651	proto
moby	6_notak	2652		0x0040a478	0x002e2f94	UpdateMoby_2652	proto
moby	6_notak	2653		0x0040c980	0x002e2f94	UpdateMoby_2653	proto
moby	6_notak	2661		0x0040ef10	0x002e2f94	UpdateMoby_2661	proto
moby	6_notak	2663		0x0040f178	0x002e2f94	UpdateMoby_2663	proto
moby	6_notak	2690		0x00410060	0x002e2f94	UpdateMoby_2690	proto
moby	6_notak	2715		0x00410e18	0x002e2f94	UpdateMoby_2715	proto
moby	6_notak	2784		0x00413840	0x002e2f94	UpdateMoby_2784	proto
moby	6_notak	2801		0x00414310	0x002e2f94	UpdateMoby_2801	proto
moby	6_notak	2806		0x003fe6f0	0x002e2f94	UpdateMoby_2806	proto
moby	6_notak	2818		0x00417008	0x002e2f94	UpdateMoby_2818	proto
moby	6_notak	2862		0x00417b08	0x002e2f94	UpdateMoby_2862	proto
moby	6_notak	2903		0x00419ca8	0x002e2f94	UpdateMoby_2903	proto
moby	6_notak	2904		0x0041aa40	0x002e2f94	UpdateMoby_2904	proto
moby	6_notak	2918		0x0041cb10	0x002e2f94	UpdateMoby_2918	proto
moby	6_notak	2943		0x0041d3a8	0x002e2f94	UpdateMoby_2943	proto
moby	6_notak	3002		0x0041ded8	0x002e2f94	UpdateMoby_3002	proto
moby	6_notak	3015		0x00420ae8	0x002e2f94	UpdateMoby_3015	proto
moby	6_notak	3031		0x00421a88	0x002e2f94	UpdateMoby_3031	proto
moby	6_notak	3032		0x00422ff0	0x002e2f94	UpdateMoby_3032	proto
moby	6_notak	3070		0x00423d58	0x002e2f94	UpdateMoby_3070	proto
moby	6_notak	3076		0x00425260	0x002e2f94	UpdateMoby_3076	proto
moby	6_notak	3077		0x00426190	0x002e2f94	UpdateMoby_3077	proto
moby	6_notak	3078		0x00426438	0x002e2f94	UpdateMoby_3078	proto
moby	6_notak	3079		0x00428ab8	0x002e2f94	UpdateMoby_3079	proto
moby	6_notak	3137		0x00428fa8	0x002e2f94	UpdateMoby_3137	proto
moby	6_notak	3146		0x004295e8	0x002e2f94	UpdateMoby_3146	proto
moby	6_notak	3147		0x0042b868	0x002e2f94	UpdateMoby_3147	proto
moby	6_notak	3161		0x0042b9c0	0x002e2f94	UpdateMoby_3161	proto
moby	6_notak	3162		0x0042bed8	0x002e2f94	UpdateMoby_3162	proto
moby	6_notak	3168		0x0042c140	0x002e2f94	UpdateMoby_3168	proto
moby	6_notak	3169		0x0042d270	0x002e2f94	UpdateMoby_3169	proto
moby	6_notak	3171		0x0042d278	0x002e2f94	UpdateMoby_3171	proto
moby	6_notak	3250		0x0042df70	0x002e2f94	UpdateMoby_3250	proto
moby	6_notak	3253		0x0042ebb0	0x002e2f94	UpdateMoby_3253	proto
moby	6_notak	3259		0x0042f228	0x002e2f94	UpdateMoby_3259	proto
moby	6_notak	3279		0x00430318	0x002e2f94	UpdateMoby_3279	proto
moby	6_notak	3291		0x00413840	0x002e2f94	UpdateMoby_3291	proto
moby	6_notak	3293		0x00430c60	0x002e2f94	UpdateMoby_3293	proto
moby	6_notak	3299		0x00431238	0x002e2f94	UpdateMoby_3299	proto
moby	6_notak	3300		0x00431698	0x002e2f94	UpdateMoby_3300	proto
moby	6_notak	3301		0x00431c08	0x002e2f94	UpdateMoby_3301	proto
moby	6_notak	3303		0x00433a40	0x002e2f94	UpdateMoby_3303	proto
moby	6_notak	3305		0x00435ed8	0x002e2f94	UpdateMoby_3305	proto
moby	6_notak	3307		0x00436518	0x002e2f94	UpdateMoby_3307	proto
moby	6_notak	3308		0x00436800	0x002e2f94	UpdateMoby_3308	proto
moby	6_notak	3310		0x00436ae8	0x002e2f94	UpdateMoby_3310	proto
moby	6_notak	3315		0x00436f88	0x002e2f94	UpdateMoby_3315	proto
moby	6_notak	3319		0x00437c40	0x002e2f94	UpdateMoby_3319	proto
moby	6_notak	3325		0x00439c20	0x002e2f94	UpdateMoby_3325	proto
moby	6_notak	3329		0x003f0a28	0x002e2f94	UpdateMoby_3329	proto
moby	6_notak	3332		0x0043b8e0	0x002e2f94	UpdateMoby_3332	proto
moby	6_notak	3372		0x0043c498	0x002e2f94	UpdateMoby_3372	proto
moby	6_notak	3406		0x0043f780	0x002e2f94	UpdateMoby_3406	proto
moby	6_notak	3422		0x00441f70	0x002e2f94	UpdateMoby_3422	proto
moby	6_notak	3484		0x004428b8	0x002e2f94	UpdateMoby_3484	proto
moby	6_notak	3504		0x00443280	0x002e2f94	UpdateMoby_3504	proto
moby	6_notak	3521		0x004445f8	0x002e2f94	UpdateMoby_3521	proto
moby	6_notak	3546		0x00444d00	0x002e2f94	UpdateMoby_3546	proto
moby	6_notak	3604		0x00444e90	0x002e2f94	UpdateMoby_3604	proto
moby	6_notak	3631		0x00445510	0x002e2f94	UpdateMoby_3631	proto
moby	6_notak	3652		0x00445da8	0x002e2f94	UpdateMoby_3652	proto
moby	6_notak	3684		0x00446398	0x002e2f94	UpdateMoby_3684	proto
moby	6_notak	3696		0x00446f68	0x002e2f94	UpdateMoby_3696	proto
moby	6_notak	3705		0x00447098	0x002e2f94	UpdateMoby_3705	proto
moby	6_notak	3706		0x00449ee0	0x002e2f94	UpdateMoby_3706	proto
moby	6_notak	3709		0x0044a348	0x002e2f94	UpdateMoby_3709	proto
moby	6_notak	3726		0x0044b250	0x002e2f94	UpdateMoby_3726	proto
moby	6_notak	3727		0x0044b2d8	0x002e2f94	UpdateMoby_3727	proto
moby	6_notak	3728		0x0044b350	0x002e2f94	UpdateMoby_3728	proto
moby	6_notak	3742		0x00444e90	0x002e2f94	UpdateMoby_3742	proto
moby	6_notak	3754		0x0044b3c8	0x002e2f94	UpdateMoby_3754	proto
moby	6_notak	3755		0x0044bc58	0x002e2f94	UpdateMoby_3755	proto
moby	6_notak	3757		0x0044ce78	0x002e2f94	UpdateMoby_3757	proto
moby	6_notak	3760		0x0044f4a8	0x002e2f94	UpdateMoby_3760	proto
moby	6_notak	3761		0x004504c8	0x002e2f94	UpdateMoby_3761	proto
moby	6_notak	3784		0x00450540	0x002e2f94	UpdateMoby_3784	proto
moby	6_notak	3790		0x00450d98	0x002e2f94	UpdateMoby_3790	proto
moby	6_notak	3799		0x00451b98	0x002e2f94	UpdateMoby_3799	proto
moby	6_notak	3800		0x00453118	0x002e2f94	UpdateMoby_3800	proto
moby	6_notak	3949		0x00455028	0x002e2f94	UpdateMoby_3949	proto
moby	6_notak	3950		0x00455bc8	0x002e2f94	UpdateMoby_3950	proto
moby	6_notak	4000		0x004561d0	0x002e2f94		
moby	6_notak	4010		0x00456278	0x002e2f94	UpdateMoby_4010	proto
moby	6_notak	4016		0x004565b8	0x002e2f94	UpdateMoby_4016	proto
moby	6_notak	4018		0x00456bb0	0x002e2f94	UpdateMoby_4018	proto
moby	6_notak	4021		0x00456f08	0x002e2f94		
moby	6_notak	4032		0x00457100	0x002e2f94		
moby	6_notak	4033		0x00457270	0x002e2f94		
moby	6_notak	4034		0x004573e8	0x002e2f94		
moby	6_notak	4046		0x00456bb0	0x002e2f94	UpdateMoby_4046	proto
moby	6_notak	4047		0x00456bb0	0x002e2f94	UpdateMoby_4047	proto
moby	6_notak	4050		0x00457ad0	0x002e2f94	UpdateMoby_4050	proto
moby	6_notak	4052		0x00457da0	0x002e2f94		
moby	6_notak	4054		0x00456bb0	0x002e2f94	UpdateMoby_4054	proto
moby	6_notak	4060		0x00457ed0	0x002e2f94	UpdateMoby_4060	proto
moby	6_notak	4066		0x00458568	0x002e2f94	UpdateMoby_4066	proto
moby	6_notak	4068		0x00456bb0	0x002e2f94	UpdateMoby_4068	proto
moby	6_notak	4069		0x004587e8	0x002e2f94	UpdateMoby_4069	proto
moby	6_notak	4070		0x0045a5b0	0x002e2f94	UpdateMoby_4070	proto
moby	6_notak	4072		0x0045bd38	0x002e2f94	UpdateMoby_4072	proto
moby	6_notak	4073		0x0045bfc0	0x002e2f94		
moby	6_notak	4074		0x0045c0f0	0x002e2f94	UpdateMoby_4074	proto
moby	6_notak	4075		0x0045c3e8	0x002e2f94	UpdateMoby_4075	proto
moby	6_notak	4100		0x0045ca88	0x002e2f94	UpdateMoby_4100	proto
moby	6_notak	4308		0x0045e100	0x002e2f94	UpdateMoby_4308	proto
moby	6_notak	4309		0x0045e100	0x002e2f94	UpdateMoby_4309	proto
moby	6_notak	4310		0x0045e100	0x002e2f94	UpdateMoby_4310	proto
moby	6_notak	4311		0x0045e100	0x002e2f94	UpdateMoby_4311	proto
moby	6_notak	4312		0x0045e100	0x002e2f94	UpdateMoby_4312	proto
moby	6_notak	4313		0x0045e100	0x002e2f94	UpdateMoby_4313	proto
moby	6_notak	4314		0x0045e100	0x002e2f94	UpdateMoby_4314	proto
moby	6_notak	4315		0x0045e100	0x002e2f94	UpdateMoby_4315	proto
moby	6_notak	4316		0x0045e100	0x002e2f94	UpdateMoby_4316	proto
moby	6_notak	4317		0x0045e100	0x002e2f94	UpdateMoby_4317	proto
moby	6_notak	4318		0x0045e100	0x002e2f94	UpdateMoby_4318	proto
moby	6_notak	4319		0x0045e100	0x002e2f94	UpdateMoby_4319	proto
moby	6_notak	4320		0x0045e100	0x002e2f94	UpdateMoby_4320	proto
moby	6_notak	4321		0x0045e100	0x002e2f94	UpdateMoby_4321	proto
moby	6_notak	4325		0x0045e100	0x002e2f94	UpdateMoby_4325	proto
moby	6_notak	4406		0x0045e110	0x002e2f94	UpdateMoby_4406	proto
moby	6_notak	4407		0x00460250	0x002e2f94	UpdateMoby_4407	proto
moby	6_notak	4458		0x00460e70	0x002e2f94	UpdateMoby_4458	proto
moby	6_notak	4483		0x004621c8	0x002e2f94	UpdateMoby_4483	proto
moby	6_notak	4498		0x0040a478	0x002e2f94	UpdateMoby_4498	proto
moby	6_notak	4501		0x004626f0	0x002e2f94	UpdateMoby_4501	proto
moby	6_notak	4529		0x004635e8	0x002e2f94		
moby	6_notak	4535		0x004638f0	0x002e2f94	UpdateMoby_4535	proto
moby	6_notak	4548		0x00464230	0x002e2f94	UpdateMoby_4548	proto
moby	6_notak	4672		0x00464900	0x002e2f94	UpdateMoby_4672	proto
moby	6_notak	4747		0x0043c498	0x002e2f94		
moby	6_notak	4804		0x004649f0	0x002e2f94		
moby	6_notak	5020		0x00465430	0x002e2f94	UpdateMoby_5020	proto
moby	6_notak	5021		0x00466b18	0x002e2f94	UpdateMoby_5021	proto
moby	6_notak	5022		0x00468188	0x002e2f94	UpdateMoby_5022	proto
moby	6_notak	5023		0x00469b08	0x002e2f94	UpdateMoby_5023	proto
moby	6_notak	5024		0x0043a318	0x002e2f94	UpdateMoby_5024	proto
moby	6_notak	5050		0x0046a6b0	0x002e2f94	UpdateMoby_5050	proto
moby	6_notak	1086		0x0046ad98	0x002e2f94	UpdateMoby_1086	proto
moby	6_notak	1481		0x0046ae60	0x002e2f94	UpdateMoby_1481	proto
moby	6_notak	2170		0x0046dd48	0x002e2f94	UpdateMoby_2170	proto
moby	6_notak	3209		0x00470020	0x002e2f94	UpdateMoby_3209	proto
cam	6_notak	0	InitCamera	0x00477598		InitCamera_0	proto
cam	6_notak	0	ActivateCamera	0x004745c0		ActivateCamera_0	proto
cam	6_notak	0	UpdateCamera	0x004775a0		UpdateCamera_0	proto
cam	6_notak	0	ExitCamera	0x00477660		ExitCamera_0	proto
cam	6_notak	4	InitCamera	0x00477e60		InitCamera_4	proto
cam	6_notak	4	ActivateCamera	0x004781f0		ActivateCamera_4	proto
cam	6_notak	4	UpdateCamera	0x004778d0		UpdateCamera_4	proto
cam	6_notak	4	ExitCamera	0x004782a8		ExitCamera_4	proto
cam	6_notak	5	InitCamera	0x00478d20		InitCamera_5	proto
cam	6_notak	5	ActivateCamera	0x00478870		ActivateCamera_5	proto
cam	6_notak	5	UpdateCamera	0x00478d28		UpdateCamera_5	proto
cam	6_notak	5	ExitCamera	0x00478d80		ExitCamera_5	proto
cam	6_notak	6	InitCamera	0x004796f0		InitCamera_6	proto
cam	6_notak	6	ActivateCamera	0x004796f8		ActivateCamera_6	proto
cam	6_notak	6	UpdateCamera	0x004797a8		UpdateCamera_6	proto
cam	6_notak	6	ExitCamera	0x004797c8		ExitCamera_6	proto
cam	6_notak	7	InitCamera	0x0047a140		InitCamera_7	proto
cam	6_notak	7	ActivateCamera	0x004797d0		ActivateCamera_7	proto
cam	6_notak	7	UpdateCamera	0x0047a148		UpdateCamera_7	proto
cam	6_notak	7	ExitCamera	0x0047a230		ExitCamera_7	proto
cam	6_notak	17	InitCamera	0x0047ac68		InitCamera_17	proto
cam	6_notak	17	ActivateCamera	0x0047ad68		ActivateCamera_17	proto
cam	6_notak	17	UpdateCamera	0x0047ad70		UpdateCamera_17	proto
cam	6_notak	17	ExitCamera	0x0047ad78		ExitCamera_17	proto
cam	6_notak	19	InitCamera	0x0047b900		InitCamera_19	proto
cam	6_notak	19	ActivateCamera	0x0047ae88		ActivateCamera_19	proto
cam	6_notak	19	UpdateCamera	0x0047b250		UpdateCamera_19	proto
cam	6_notak	19	ExitCamera	0x0047b9c8		ExitCamera_19	proto
cam	6_notak	23	InitCamera	0x0047c148		InitCamera_23	proto
cam	6_notak	23	ActivateCamera	0x0047c1d0		ActivateCamera_23	proto
cam	6_notak	23	UpdateCamera	0x0047c1d8		UpdateCamera_23	proto
cam	6_notak	23	ExitCamera	0x0047c1e0		ExitCamera_23	proto
cam	6_notak	27	InitCamera	0x0047c828		InitCamera_27	proto
cam	6_notak	27	ActivateCamera	0x0047c208		ActivateCamera_27	proto
cam	6_notak	27	UpdateCamera	0x0047c380		UpdateCamera_27	proto
cam	6_notak	27	ExitCamera	0x0047c830		ExitCamera_27	proto
snd	6_notak	1	UpdateSound	0x0047c900		UpdateSound_1	proto
snd	6_notak	3	UpdateSound	0x0047cba0		UpdateSound_3	proto
snd	6_notak	6	UpdateSound	0x0047cd00		UpdateSound_6	proto
moby	7_siberius	2		0x00376b60	0x002a3f9c	UpdateMoby_2	proto
moby	7_siberius	14		0x00376b68	0x002a3f9c	UpdateMoby_14	proto
moby	7_siberius	1007		0x003786a0	0x002a3f9c	UpdateMoby_1007	proto
moby	7_siberius	3113		0x00378898	0x002a3f9c		
moby	7_siberius	4844		0x00378ae0	0x002a3f9c		
moby	7_siberius	4853		0x003791f0	0x002a3f9c		
moby	7_siberius	4909		0x00379210	0x002a3f9c		
moby	7_siberius	4917		0x00379a28	0x002a3f9c		
moby	7_siberius	4959		0x0037b208	0x002a3f9c		
moby	7_siberius	4966		0x0037c9b0	0x002a3f9c		
moby	7_siberius	4967		0x0037f458	0x002a3f9c		
moby	7_siberius	11		0x003817a8	0x002a3f9c	UpdateMoby_11	proto
moby	7_siberius	13		0x00376b68	0x002a3f9c	UpdateMoby_13	proto
moby	7_siberius	15		0x00376b68	0x002a3f9c	UpdateMoby_15	proto
moby	7_siberius	16		0x00376b68	0x002a3f9c	UpdateMoby_16	proto
moby	7_siberius	17		0x00376b68	0x002a3f9c	UpdateMoby_17	proto
moby	7_siberius	18		0x00376b68	0x002a3f9c	UpdateMoby_18	proto
moby	7_siberius	19		0x00376b68	0x002a3f9c	UpdateMoby_19	proto
moby	7_siberius	71		0x00382c88	0x002a3f9c	UpdateMoby_71	proto
moby	7_siberius	112		0x003840d8	0x002a3f9c	UpdateMoby_112	proto
moby	7_siberius	121		0x003841d8	0x002a3f9c	UpdateMoby_121	proto
moby	7_siberius	122		0x00386360	0x002a3f9c	UpdateMoby_122	proto
moby	7_siberius	163		0x00386628	0x002a3f9c	UpdateMoby_163	proto
moby	7_siberius	166		0x003869b8	0x002a3f9c	UpdateMoby_166	proto
moby	7_siberius	167		0x00387708	0x002a3f9c	UpdateMoby_167	proto
moby	7_siberius	172		0x00388638	0x002a3f9c	UpdateMoby_172	proto
moby	7_siberius	177		0x003892a0	0x002a3f9c	UpdateMoby_177	proto
moby	7_siberius	179		0x0038c050	0x002a3f9c	UpdateMoby_179	proto
moby	7_siberius	180		0x0038c198	0x002a3f9c	UpdateMoby_180	proto
moby	7_siberius	188		0x0038cff8	0x002a3f9c	UpdateMoby_188	proto
moby	7_siberius	192		0x0038ebd0	0x002a3f9c	UpdateMoby_192	proto
moby	7_siberius	203		0x0038eec0	0x002a3f9c	UpdateMoby_203	proto
moby	7_siberius	208		0x003901c8	0x002a3f9c	UpdateMoby_208	proto
moby	7_siberius	209		0x00391458	0x002a3f9c	UpdateMoby_209	proto
moby	7_siberius	357		0x003916a0	0x002a3f9c	UpdateMoby_357	proto
moby	7_siberius	358		0x003918b0	0x002a3f9c	UpdateMoby_358	proto
moby	7_siberius	500		0x00391a68	0x002a3f9c	UpdateMoby_500	proto
moby	7_siberius	501		0x00391a68	0x002a3f9c	UpdateMoby_501	proto
moby	7_siberius	505		0x00391a68	0x002a3f9c	UpdateMoby_505	proto
moby	7_siberius	511		0x00391a68	0x002a3f9c	UpdateMoby_511	proto
moby	7_siberius	562		0x00393738	0x002a3f9c	UpdateMoby_562	proto
moby	7_siberius	607		0x003939a0	0x002a3f9c	UpdateMoby_607	proto
moby	7_siberius	639		0x00393bc0	0x002a3f9c	UpdateMoby_639	proto
moby	7_siberius	758		0x00394780	0x002a3f9c	UpdateMoby_758	proto
moby	7_siberius	775		0x00394af8	0x002a3f9c	UpdateMoby_775	proto
moby	7_siberius	804		0x00394b48	0x002a3f9c	UpdateMoby_804	proto
moby	7_siberius	805		0x00394cf0	0x002a3f9c	UpdateMoby_805	proto
moby	7_siberius	806		0x00395918	0x002a3f9c	UpdateMoby_806	proto
moby	7_siberius	832		0x00397148	0x002a3f9c	UpdateMoby_832	proto
moby	7_siberius	1134		0x00397578	0x002a3f9c	UpdateMoby_1134	proto
moby	7_siberius	1143		0x003981e0	0x002a3f9c	UpdateMoby_1143	proto
moby	7_siberius	1192		0x003840d8	0x002a3f9c	UpdateMoby_1192	proto
moby	7_siberius	1322		0x00398438	0x002a3f9c	UpdateMoby_1322	proto
moby	7_siberius	1482		0x00398440	0x002a3f9c	UpdateMoby_1482	proto
moby	7_siberius	1483		0x0039a3f0	0x002a3f9c	UpdateMoby_1483	proto
moby	7_siberius	1486		0x0039b440	0x002a3f9c	UpdateMoby_1486	proto
moby	7_siberius	1487		0x0039bde0	0x002a3f9c	UpdateMoby_1487	proto
moby	7_siberius	1489		0x0039c8f8	0x002a3f9c	UpdateMoby_1489	proto
moby	7_siberius	1490		0x0039e140	0x002a3f9c	UpdateMoby_1490	proto
moby	7_siberius	1494		0x0039f388	0x002a3f9c	UpdateMoby_1494	proto
moby	7_siberius	1496		0x003a1168	0x002a3f9c	UpdateMoby_1496	proto
moby	7_siberius	1497		0x003a1c18	0x002a3f9c	UpdateMoby_1497	proto
moby	7_siberius	1498		0x003a33d8	0x002a3f9c	UpdateMoby_1498	proto
moby	7_siberius	2078		0x003a4418	0x002a3f9c	UpdateMoby_2078	proto
moby	7_siberius	2079		0x003a5e10	0x002a3f9c	UpdateMoby_2079	proto
moby	7_siberius	2080		0x003a8780	0x002a3f9c	UpdateMoby_2080	proto
moby	7_siberius	2085		0x003a90f0	0x002a3f9c	UpdateMoby_2085	proto
moby	7_siberius	2088		0x003aa670	0x002a3f9c	UpdateMoby_2088	proto
moby	7_siberius	2143		0x003aa968	0x002a3f9c	UpdateMoby_2143	proto
moby	7_siberius	2160		0x003acdc8	0x002a3f9c	UpdateMoby_2160	proto
moby	7_siberius	2169		0x003ad108	0x002a3f9c	UpdateMoby_2169	proto
moby	7_siberius	2189		0x003ad8e8	0x002a3f9c		
moby	7_siberius	2311		0x003aeeb0	0x002a3f9c	UpdateMoby_2311	proto
moby	7_siberius	2384		0x003b0af8	0x002a3f9c	UpdateMoby_2384	proto
moby	7_siberius	2473		0x003b0b18	0x002a3f9c	UpdateMoby_2473	proto
moby	7_siberius	2487		0x003b36c8	0x002a3f9c	UpdateMoby_2487	proto
moby	7_siberius	2491		0x003b66c8	0x002a3f9c	UpdateMoby_2491	proto
moby	7_siberius	2527		0x003b6df8	0x002a3f9c	UpdateMoby_2527	proto
moby	7_siberius	2650		0x003b7910	0x002a3f9c	UpdateMoby_2650	proto
moby	7_siberius	2651		0x003b7d60	0x002a3f9c	UpdateMoby_2651	proto
moby	7_siberius	2652		0x003b86d8	0x002a3f9c	UpdateMoby_2652	proto
moby	7_siberius	2653		0x003babe0	0x002a3f9c	UpdateMoby_2653	proto
moby	7_siberius	2661		0x003bd170	0x002a3f9c	UpdateMoby_2661	proto
moby	7_siberius	2663		0x003bd3d8	0x002a3f9c	UpdateMoby_2663	proto
moby	7_siberius	2674		0x003be2c0	0x002a3f9c	UpdateMoby_2674	proto
moby	7_siberius	2690		0x003be648	0x002a3f9c	UpdateMoby_2690	proto
moby	7_siberius	2715		0x003bf400	0x002a3f9c	UpdateMoby_2715	proto
moby	7_siberius	2784		0x003c1e28	0x002a3f9c	UpdateMoby_2784	proto
moby	7_siberius	2801		0x003c28f8	0x002a3f9c	UpdateMoby_2801	proto
moby	7_siberius	2806		0x003ad108	0x002a3f9c	UpdateMoby_2806	proto
moby	7_siberius	2818		0x003c55f0	0x002a3f9c	UpdateMoby_2818	proto
moby	7_siberius	2862		0x003c60f0	0x002a3f9c	UpdateMoby_2862	proto
moby	7_siberius	2904		0x003c8290	0x002a3f9c	UpdateMoby_2904	proto
moby	7_siberius	2943		0x003ca2f8	0x002a3f9c	UpdateMoby_2943	proto
moby	7_siberius	3031		0x003cae28	0x002a3f9c	UpdateMoby_3031	proto
moby	7_siberius	3032		0x003cc390	0x002a3f9c	UpdateMoby_3032	proto
moby	7_siberius	3061		0x003ccd68	0x002a3f9c	UpdateMoby_3061	proto
moby	7_siberius	3070		0x003cd5b0	0x002a3f9c	UpdateMoby_3070	proto
moby	7_siberius	3076		0x003ceab8	0x002a3f9c	UpdateMoby_3076	proto
moby	7_siberius	3077		0x003cf9e8	0x002a3f9c	UpdateMoby_3077	proto
moby	7_siberius	3078		0x003cfc90	0x002a3f9c	UpdateMoby_3078	proto
moby	7_siberius	3079		0x003d2310	0x002a3f9c	UpdateMoby_3079	proto
moby	7_siberius	3137		0x003d2800	0x002a3f9c	UpdateMoby_3137	proto
moby	7_siberius	3146		0x003d2d00	0x002a3f9c	UpdateMoby_3146	proto
moby	7_siberius	3161		0x003d4f80	0x002a3f9c	UpdateMoby_3161	proto
moby	7_siberius	3162		0x003d5498	0x002a3f9c	UpdateMoby_3162	proto
moby	7_siberius	3168		0x003d5700	0x002a3f9c	UpdateMoby_3168	proto
moby	7_siberius	3169		0x003d6830	0x002a3f9c	UpdateMoby_3169	proto
moby	7_siberius	3171		0x003d6838	0x002a3f9c	UpdateMoby_3171	proto
moby	7_siberius	3174		0x003d6a00	0x002a3f9c	UpdateMoby_3174	proto
moby	7_siberius	3250		0x003d7828	0x002a3f9c	UpdateMoby_3250	proto
moby	7_siberius	3259		0x003d8880	0x002a3f9c	UpdateMoby_3259	proto
moby	7_siberius	3291		0x003c1e28	0x002a3f9c	UpdateMoby_3291	proto
moby	7_siberius	3299		0x003d9970	0x002a3f9c	UpdateMoby_3299	proto
moby	7_siberius	3300		0x003d9dd0	0x002a3f9c	UpdateMoby_3300	proto
moby	7_siberius	3301		0x003da340	0x002a3f9c	UpdateMoby_3301	proto
moby	7_siberius	3303		0x003dc178	0x002a3f9c	UpdateMoby_3303	proto
moby	7_siberius	3305		0x003de610	0x002a3f9c	UpdateMoby_3305	proto
moby	7_siberius	3307		0x003dec50	0x002a3f9c	UpdateMoby_3307	proto
moby	7_siberius	3308		0x003def38	0x002a3f9c	UpdateMoby_3308	proto
moby	7_siberius	3310		0x003df220	0x002a3f9c	UpdateMoby_3310	proto
moby	7_siberius	3315		0x003df6c0	0x002a3f9c	UpdateMoby_3315	proto
moby	7_siberius	3319		0x003e0378	0x002a3f9c	UpdateMoby_3319	proto
moby	7_siberius	3325		0x003e2358	0x002a3f9c	UpdateMoby_3325	proto
moby	7_siberius	3329		0x003a1c18	0x002a3f9c	UpdateMoby_3329	proto
moby	7_siberius	3332		0x003e4018	0x002a3f9c	UpdateMoby_3332	proto
moby	7_siberius	3356		0x003e4bd0	0x002a3f9c	UpdateMoby_3356	proto
moby	7_siberius	3357		0x003e5198	0x002a3f9c	UpdateMoby_3357	proto
moby	7_siberius	3361		0x003e61b8	0x002a3f9c	UpdateMoby_3361	proto
moby	7_siberius	3369		0x003e61e0	0x002a3f9c	UpdateMoby_3369	proto
moby	7_siberius	3370		0x003ea900	0x002a3f9c	UpdateMoby_3370	proto
moby	7_siberius	3387		0x003ee3b0	0x002a3f9c	UpdateMoby_3387	proto
moby	7_siberius	3388		0x003ee640	0x002a3f9c	UpdateMoby_3388	proto
moby	7_siberius	3396		0x003ee708	0x002a3f9c	UpdateMoby_3396	proto
moby	7_siberius	3397		0x003ef168	0x002a3f9c	UpdateMoby_3397	proto
moby	7_siberius	3406		0x003ef710	0x002a3f9c	UpdateMoby_3406	proto
moby	7_siberius	3412		0x003f1de0	0x002a3f9c		
moby	7_siberius	3422		0x003f1f08	0x002a3f9c	UpdateMoby_3422	proto
moby	7_siberius	3484		0x003f2850	0x002a3f9c	UpdateMoby_3484	proto
moby	7_siberius	3521		0x003f3390	0x002a3f9c	UpdateMoby_3521	proto
moby	7_siberius	3604		0x003f3800	0x002a3f9c	UpdateMoby_3604	proto
moby	7_siberius	3613		0x003f3e80	0x002a3f9c	UpdateMoby_3613	proto
moby	7_siberius	3624		0x003f4970	0x002a3f9c	UpdateMoby_3624	proto
moby	7_siberius	3631		0x003f5128	0x002a3f9c	UpdateMoby_3631	proto
moby	7_siberius	3632		0x003f59c0	0x002a3f9c	UpdateMoby_3632	proto
moby	7_siberius	3652		0x003f5e78	0x002a3f9c	UpdateMoby_3652	proto
moby	7_siberius	3660		0x003f6328	0x002a3f9c	UpdateMoby_3660	proto
moby	7_siberius	3666		0x003f6960	0x002a3f9c	UpdateMoby_3666	proto
moby	7_siberius	3679		0x003f7048	0x002a3f9c	UpdateMoby_3679	proto
moby	7_siberius	3684		0x003f92f0	0x002a3f9c	UpdateMoby_3684	proto
moby	7_siberius	3696		0x003f9ec0	0x002a3f9c	UpdateMoby_3696	proto
moby	7_siberius	3705		0x003f9ff0	0x002a3f9c	UpdateMoby_3705	proto
moby	7_siberius	3706		0x003fce38	0x002a3f9c	UpdateMoby_3706	proto
moby	7_siberius	3709		0x003fd2a0	0x002a3f9c	UpdateMoby_3709	proto
moby	7_siberius	3742		0x003f3800	0x002a3f9c	UpdateMoby_3742	proto
moby	7_siberius	3754		0x003fe1a8	0x002a3f9c	UpdateMoby_3754	proto
moby	7_siberius	3755		0x003fea38	0x002a3f9c	UpdateMoby_3755	proto
moby	7_siberius	3756		0x003ff618	0x002a3f9c	UpdateMoby_3756	proto
moby	7_siberius	3757		0x004002a0	0x002a3f9c	UpdateMoby_3757	proto
moby	7_siberius	3760		0x004028d0	0x002a3f9c	UpdateMoby_3760	proto
moby	7_siberius	3784		0x004038f0	0x002a3f9c	UpdateMoby_3784	proto
moby	7_siberius	3790		0x00404148	0x002a3f9c	UpdateMoby_3790	proto
moby	7_siberius	3799		0x00404f48	0x002a3f9c	UpdateMoby_3799	proto
moby	7_siberius	3800		0x004064c8	0x002a3f9c	UpdateMoby_3800	proto
moby	7_siberius	3943		0x004080e0	0x002a3f9c	UpdateMoby_3943	proto
moby	7_siberius	3949		0x00408768	0x002a3f9c	UpdateMoby_3949	proto
moby	7_siberius	4000		0x00409308	0x002a3f9c		
moby	7_siberius	4016		0x004093b0	0x002a3f9c	UpdateMoby_4016	proto
moby	7_siberius	4100		0x004099a8	0x002a3f9c	UpdateMoby_4100	proto
moby	7_siberius	4308		0x0040b020	0x002a3f9c	UpdateMoby_4308	proto
moby	7_siberius	4309		0x0040b020	0x002a3f9c	UpdateMoby_4309	proto
moby	7_siberius	4310		0x0040b020	0x002a3f9c	UpdateMoby_4310	proto
moby	7_siberius	4311		0x0040b020	0x002a3f9c	UpdateMoby_4311	proto
moby	7_siberius	4312		0x0040b020	0x002a3f9c	UpdateMoby_4312	proto
moby	7_siberius	4313		0x0040b020	0x002a3f9c	UpdateMoby_4313	proto
moby	7_siberius	4314		0x0040b020	0x002a3f9c	UpdateMoby_4314	proto
moby	7_siberius	4315		0x0040b020	0x002a3f9c	UpdateMoby_4315	proto
moby	7_siberius	4316		0x0040b020	0x002a3f9c	UpdateMoby_4316	proto
moby	7_siberius	4317		0x0040b020	0x002a3f9c	UpdateMoby_4317	proto
moby	7_siberius	4318		0x0040b020	0x002a3f9c	UpdateMoby_4318	proto
moby	7_siberius	4319		0x0040b020	0x002a3f9c	UpdateMoby_4319	proto
moby	7_siberius	4320		0x0040b020	0x002a3f9c	UpdateMoby_4320	proto
moby	7_siberius	4321		0x0040b020	0x002a3f9c	UpdateMoby_4321	proto
moby	7_siberius	4325		0x0040b020	0x002a3f9c	UpdateMoby_4325	proto
moby	7_siberius	4406		0x0040b030	0x002a3f9c	UpdateMoby_4406	proto
moby	7_siberius	4498		0x003b86d8	0x002a3f9c	UpdateMoby_4498	proto
moby	7_siberius	4501		0x0040d2a0	0x002a3f9c	UpdateMoby_4501	proto
moby	7_siberius	4569		0x0040e198	0x002a3f9c	UpdateMoby_4569	proto
moby	7_siberius	4570		0x0040e198	0x002a3f9c	UpdateMoby_4570	proto
moby	7_siberius	4571		0x0040e198	0x002a3f9c	UpdateMoby_4571	proto
moby	7_siberius	4572		0x0040e198	0x002a3f9c	UpdateMoby_4572	proto
moby	7_siberius	4573		0x0040e198	0x002a3f9c	UpdateMoby_4573	proto
moby	7_siberius	4769		0x00410b48	0x002a3f9c		
moby	7_siberius	4776		0x00410c50	0x002a3f9c		
moby	7_siberius	5020		0x00411298	0x002a3f9c	UpdateMoby_5020	proto
moby	7_siberius	5021		0x00412980	0x002a3f9c	UpdateMoby_5021	proto
moby	7_siberius	5022		0x00413ff0	0x002a3f9c	UpdateMoby_5022	proto
moby	7_siberius	5023		0x00415970	0x002a3f9c	UpdateMoby_5023	proto
moby	7_siberius	5024		0x003e2a50	0x002a3f9c	UpdateMoby_5024	proto
moby	7_siberius	1481		0x00416518	0x002a3f9c	UpdateMoby_1481	proto
moby	7_siberius	2170		0x00419400	0x002a3f9c	UpdateMoby_2170	proto
moby	7_siberius	3209		0x0041b6d8	0x002a3f9c	UpdateMoby_3209	proto
cam	7_siberius	0	InitCamera	0x00422c30		InitCamera_0	proto
cam	7_siberius	0	ActivateCamera	0x0041fc78		ActivateCamera_0	proto
cam	7_siberius	0	UpdateCamera	0x00422c38		UpdateCamera_0	proto
cam	7_siberius	0	ExitCamera	0x00422cf8		ExitCamera_0	proto
cam	7_siberius	4	InitCamera	0x004234f8		InitCamera_4	proto
cam	7_siberius	4	ActivateCamera	0x00423888		ActivateCamera_4	proto
cam	7_siberius	4	UpdateCamera	0x00422f68		UpdateCamera_4	proto
cam	7_siberius	4	ExitCamera	0x00423940		ExitCamera_4	proto
cam	7_siberius	5	InitCamera	0x00424358		InitCamera_5	proto
cam	7_siberius	5	ActivateCamera	0x00423ea8		ActivateCamera_5	proto
cam	7_siberius	5	UpdateCamera	0x00424360		UpdateCamera_5	proto
cam	7_siberius	5	ExitCamera	0x004243b8		ExitCamera_5	proto
cam	7_siberius	6	InitCamera	0x00424d28		InitCamera_6	proto
cam	7_siberius	6	ActivateCamera	0x00424d30		ActivateCamera_6	proto
cam	7_siberius	6	UpdateCamera	0x00424de0		UpdateCamera_6	proto
cam	7_siberius	6	ExitCamera	0x00424e00		ExitCamera_6	proto
cam	7_siberius	7	InitCamera	0x00425a50		InitCamera_7	proto
cam	7_siberius	7	ActivateCamera	0x00424e08		ActivateCamera_7	proto
cam	7_siberius	7	UpdateCamera	0x00425a58		UpdateCamera_7	proto
cam	7_siberius	7	ExitCamera	0x00425b40		ExitCamera_7	proto
cam	7_siberius	23	InitCamera	0x004262f0		InitCamera_23	proto
cam	7_siberius	23	ActivateCamera	0x00426378		ActivateCamera_23	proto
cam	7_siberius	23	UpdateCamera	0x00426380		UpdateCamera_23	proto
cam	7_siberius	23	ExitCamera	0x00426388		ExitCamera_23	proto
cam	7_siberius	27	InitCamera	0x004269d0		InitCamera_27	proto
cam	7_siberius	27	ActivateCamera	0x004263b0		ActivateCamera_27	proto
cam	7_siberius	27	UpdateCamera	0x00426528		UpdateCamera_27	proto
cam	7_siberius	27	ExitCamera	0x004269d8		ExitCamera_27	proto
snd	7_siberius	4	UpdateSound	0x00426aa8		UpdateSound_4	proto
moby	8_tabora	2		0x003913f8	0x002b6294	UpdateMoby_2	proto
moby	8_tabora	14		0x00391400	0x002b6294	UpdateMoby_14	proto
moby	8_tabora	1007		0x00392f38	0x002b6294	UpdateMoby_1007	proto
moby	8_tabora	4853		0x00393130	0x002b6294		
moby	8_tabora	4917		0x00393150	0x002b6294		
moby	8_tabora	4959		0x00394930	0x002b6294		
moby	8_tabora	4966		0x003960d8	0x002b6294		
moby	8_tabora	4967		0x00398b80	0x002b6294		
moby	8_tabora	11		0x0039aed0	0x002b6294	UpdateMoby_11	proto
moby	8_tabora	13		0x00391400	0x002b6294	UpdateMoby_13	proto
moby	8_tabora	15		0x00391400	0x002b6294	UpdateMoby_15	proto
moby	8_tabora	16		0x00391400	0x002b6294	UpdateMoby_16	proto
moby	8_tabora	17		0x00391400	0x002b6294	UpdateMoby_17	proto
moby	8_tabora	18		0x00391400	0x002b6294	UpdateMoby_18	proto
moby	8_tabora	19		0x00391400	0x002b6294	UpdateMoby_19	proto
moby	8_tabora	71		0x0039c3b0	0x002b6294	UpdateMoby_71	proto
moby	8_tabora	112		0x0039d800	0x002b6294	UpdateMoby_112	proto
moby	8_tabora	121		0x0039d900	0x002b6294	UpdateMoby_121	proto
moby	8_tabora	122		0x0039fa88	0x002b6294	UpdateMoby_122	proto
moby	8_tabora	163		0x0039fd50	0x002b6294	UpdateMoby_163	proto
moby	8_tabora	166		0x003a00e0	0x002b6294	UpdateMoby_166	proto
moby	8_tabora	167		0x003a0e30	0x002b6294	UpdateMoby_167	proto
moby	8_tabora	172		0x003a1d60	0x002b6294	UpdateMoby_172	proto
moby	8_tabora	177		0x003a29c8	0x002b6294	UpdateMoby_177	proto
moby	8_tabora	179		0x003a5778	0x002b6294	UpdateMoby_179	proto
moby	8_tabora	180		0x003a58c0	0x002b6294	UpdateMoby_180	proto
moby	8_tabora	188		0x003a6720	0x002b6294	UpdateMoby_188	proto
moby	8_tabora	192		0x003a82f8	0x002b6294	UpdateMoby_192	proto
moby	8_tabora	203		0x003a85e8	0x002b6294	UpdateMoby_203	proto
moby	8_tabora	208		0x003a98f0	0x002b6294	UpdateMoby_208	proto
moby	8_tabora	209		0x003aab80	0x002b6294	UpdateMoby_209	proto
moby	8_tabora	315		0x003aadc8	0x002b6294	UpdateMoby_315	proto
moby	8_tabora	357		0x003aae20	0x002b6294	UpdateMoby_357	proto
moby	8_tabora	358		0x003ab030	0x002b6294	UpdateMoby_358	proto
moby	8_tabora	500		0x003ab1e8	0x002b6294	UpdateMoby_500	proto
moby	8_tabora	501		0x003ab1e8	0x002b6294	UpdateMoby_501	proto
moby	8_tabora	511		0x003ab1e8	0x002b6294	UpdateMoby_511	proto
moby	8_tabora	512		0x003ab1e8	0x002b6294	UpdateMoby_512	proto
moby	8_tabora	562		0x003aceb8	0x002b6294	UpdateMoby_562	proto
moby	8_tabora	607		0x003ad120	0x002b6294	UpdateMoby_607	proto
moby	8_tabora	639		0x003ad340	0x002b6294	UpdateMoby_639	proto
moby	8_tabora	775		0x003adfa8	0x002b6294	UpdateMoby_775	proto
moby	8_tabora	803		0x003adff8	0x002b6294	UpdateMoby_803	proto
moby	8_tabora	804		0x003ae2c8	0x002b6294	UpdateMoby_804	proto
moby	8_tabora	805		0x003ae470	0x002b6294	UpdateMoby_805	proto
moby	8_tabora	806		0x003af128	0x002b6294	UpdateMoby_806	proto
moby	8_tabora	832		0x003b0958	0x002b6294	UpdateMoby_832	proto
moby	8_tabora	1134		0x003b0d88	0x002b6294	UpdateMoby_1134	proto
moby	8_tabora	1135		0x003b1ab8	0x002b6294	UpdateMoby_1135	proto
moby	8_tabora	1143		0x003b2b58	0x002b6294	UpdateMoby_1143	proto
moby	8_tabora	1192		0x0039d800	0x002b6294	UpdateMoby_1192	proto
moby	8_tabora	1258		0x003b2f70	0x002b6294	UpdateMoby_1258	proto
moby	8_tabora	1482		0x003b3420	0x002b6294	UpdateMoby_1482	proto
moby	8_tabora	1483		0x003b53d0	0x002b6294	UpdateMoby_1483	proto
moby	8_tabora	1486		0x003b6420	0x002b6294	UpdateMoby_1486	proto
moby	8_tabora	1487		0x003b6dc0	0x002b6294	UpdateMoby_1487	proto
moby	8_tabora	1489		0x003b78d8	0x002b6294	UpdateMoby_1489	proto
moby	8_tabora	1490		0x003b9120	0x002b6294	UpdateMoby_1490	proto
moby	8_tabora	1494		0x003ba368	0x002b6294	UpdateMoby_1494	proto
moby	8_tabora	1496		0x003bc148	0x002b6294	UpdateMoby_1496	proto
moby	8_tabora	1497		0x003bcbf8	0x002b6294	UpdateMoby_1497	proto
moby	8_tabora	1498		0x003be3b8	0x002b6294	UpdateMoby_1498	proto
moby	8_tabora	2078		0x003bf3f8	0x002b6294	UpdateMoby_2078	proto
moby	8_tabora	2079		0x003c0df0	0x002b6294	UpdateMoby_2079	proto
moby	8_tabora	2080		0x003c3760	0x002b6294	UpdateMoby_2080	proto
moby	8_tabora	2085		0x003c40d0	0x002b6294	UpdateMoby_2085	proto
moby	8_tabora	2088		0x003c5650	0x002b6294	UpdateMoby_2088	proto
moby	8_tabora	2140		0x003c6ab0	0x002b6294	UpdateMoby_2140	proto
moby	8_tabora	2143		0x003c7f70	0x002b6294	UpdateMoby_2143	proto
moby	8_tabora	2160		0x003ca3d0	0x002b6294	UpdateMoby_2160	proto
moby	8_tabora	2169		0x003ca710	0x002b6294	UpdateMoby_2169	proto
moby	8_tabora	2189		0x003caef0	0x002b6294		
moby	8_tabora	2244		0x003cc750	0x002b6294	UpdateMoby_2244	proto
moby	8_tabora	2294		0x003ccd80	0x002b6294	UpdateMoby_2294	proto
moby	8_tabora	2295		0x003ccd80	0x002b6294	UpdateMoby_2295	proto
moby	8_tabora	2296		0x003ccd80	0x002b6294	UpdateMoby_2296	proto
moby	8_tabora	2297		0x003ccd80	0x002b6294	UpdateMoby_2297	proto
moby	8_tabora	2309		0x003cdf98	0x002b6294	UpdateMoby_2309	proto
moby	8_tabora	2311		0x003cf9e8	0x002b6294	UpdateMoby_2311	proto
moby	8_tabora	2312		0x003cfe68	0x002b6294	UpdateMoby_2312	proto
moby	8_tabora	2317		0x003d00c8	0x002b6294	UpdateMoby_2317	proto
moby	8_tabora	2318		0x003d0508	0x002b6294	UpdateMoby_2318	proto
moby	8_tabora	2366		0x003d1188	0x002b6294	UpdateMoby_2366	proto
moby	8_tabora	2384		0x003d2f30	0x002b6294	UpdateMoby_2384	proto
moby	8_tabora	2410		0x003d2f50	0x002b6294	UpdateMoby_2410	proto
moby	8_tabora	2413		0x003d3560	0x002b6294	UpdateMoby_2413	proto
moby	8_tabora	2414		0x003d3560	0x002b6294	UpdateMoby_2414	proto
moby	8_tabora	2415		0x003d3560	0x002b6294	UpdateMoby_2415	proto
moby	8_tabora	2416		0x003d39f0	0x002b6294	UpdateMoby_2416	proto
moby	8_tabora	2439		0x003d3e00	0x002b6294	UpdateMoby_2439	proto
moby	8_tabora	2440		0x003d3eb8	0x002b6294		
moby	8_tabora	2458		0x003d4190	0x002b6294	UpdateMoby_2458	proto
moby	8_tabora	2465		0x003d4690	0x002b6294	UpdateMoby_2465	proto
moby	8_tabora	2473		0x003d48f0	0x002b6294	UpdateMoby_2473	proto
moby	8_tabora	2491		0x003d74a0	0x002b6294	UpdateMoby_2491	proto
moby	8_tabora	2502		0x003d9f68	0x002b6294	UpdateMoby_2502	proto
moby	8_tabora	2547		0x003db8e8	0x002b6294	UpdateMoby_2547	proto
moby	8_tabora	2650		0x003dba28	0x002b6294	UpdateMoby_2650	proto
moby	8_tabora	2651		0x003dbe78	0x002b6294	UpdateMoby_2651	proto
moby	8_tabora	2652		0x003dc7f0	0x002b6294	UpdateMoby_2652	proto
moby	8_tabora	2653		0x003decf8	0x002b6294	UpdateMoby_2653	proto
moby	8_tabora	2661		0x003e1288	0x002b6294	UpdateMoby_2661	proto
moby	8_tabora	2663		0x003e14f0	0x002b6294	UpdateMoby_2663	proto
moby	8_tabora	2690		0x003e23d8	0x002b6294	UpdateMoby_2690	proto
moby	8_tabora	2715		0x003e3190	0x002b6294	UpdateMoby_2715	proto
moby	8_tabora	2730		0x003e5bb8	0x002b6294	UpdateMoby_2730	proto
moby	8_tabora	2784		0x003e6090	0x002b6294	UpdateMoby_2784	proto
moby	8_tabora	2800		0x003e6b60	0x002b6294	UpdateMoby_2800	proto
moby	8_tabora	2801		0x003e70f8	0x002b6294	UpdateMoby_2801	proto
moby	8_tabora	2806		0x003ca710	0x002b6294	UpdateMoby_2806	proto
moby	8_tabora	2818		0x003e9df0	0x002b6294	UpdateMoby_2818	proto
moby	8_tabora	2862		0x003ea8f0	0x002b6294	UpdateMoby_2862	proto
moby	8_tabora	2904		0x003eca90	0x002b6294	UpdateMoby_2904	proto
moby	8_tabora	3031		0x003eeaf8	0x002b6294	UpdateMoby_3031	proto
moby	8_tabora	3032		0x003f0060	0x002b6294	UpdateMoby_3032	proto
moby	8_tabora	3070		0x003f0dc8	0x002b6294	UpdateMoby_3070	proto
moby	8_tabora	3076		0x003f22d0	0x002b6294	UpdateMoby_3076	proto
moby	8_tabora	3077		0x003f3200	0x002b6294	UpdateMoby_3077	proto
moby	8_tabora	3078		0x003f34a8	0x002b6294	UpdateMoby_3078	proto
moby	8_tabora	3079		0x003f5b28	0x002b6294	UpdateMoby_3079	proto
moby	8_tabora	3098		0x003f6610	0x002b6294	UpdateMoby_3098	proto
moby	8_tabora	3114		0x003f6e18	0x002b6294	UpdateMoby_3114	proto
moby	8_tabora	3137		0x003f7e18	0x002b6294	UpdateMoby_3137	proto
moby	8_tabora	3146		0x003f8318	0x002b6294	UpdateMoby_3146	proto
moby	8_tabora	3161		0x003fa598	0x002b6294	UpdateMoby_3161	proto
moby	8_tabora	3162		0x003faab0	0x002b6294	UpdateMoby_3162	proto
moby	8_tabora	3171		0x003fad18	0x002b6294	UpdateMoby_3171	proto
moby	8_tabora	3174		0x003faee0	0x002b6294	UpdateMoby_3174	proto
moby	8_tabora	3250		0x003fbd08	0x002b6294	UpdateMoby_3250	proto
moby	8_tabora	3259		0x003fcd60	0x002b6294	UpdateMoby_3259	proto
moby	8_tabora	3291		0x003e6090	0x002b6294	UpdateMoby_3291	proto
moby	8_tabora	3299		0x003fde50	0x002b6294	UpdateMoby_3299	proto
moby	8_tabora	3300		0x003fe2b0	0x002b6294	UpdateMoby_3300	proto
moby	8_tabora	3301		0x003fe820	0x002b6294	UpdateMoby_3301	proto
moby	8_tabora	3303		0x00400658	0x002b6294	UpdateMoby_3303	proto
moby	8_tabora	3307		0x00402af0	0x002b6294	UpdateMoby_3307	proto
moby	8_tabora	3308		0x00402dd8	0x002b6294	UpdateMoby_3308	proto
moby	8_tabora	3310		0x004030c0	0x002b6294	UpdateMoby_3310	proto
moby	8_tabora	3315		0x00403560	0x002b6294	UpdateMoby_3315	proto
moby	8_tabora	3319		0x00404218	0x002b6294	UpdateMoby_3319	proto
moby	8_tabora	3329		0x003bcbf8	0x002b6294	UpdateMoby_3329	proto
moby	8_tabora	3332		0x00407b00	0x002b6294	UpdateMoby_3332	proto
moby	8_tabora	3397		0x004086b8	0x002b6294	UpdateMoby_3397	proto
moby	8_tabora	3406		0x00408bf0	0x002b6294	UpdateMoby_3406	proto
moby	8_tabora	3422		0x0040b3e0	0x002b6294	UpdateMoby_3422	proto
moby	8_tabora	3484		0x0040bd28	0x002b6294	UpdateMoby_3484	proto
moby	8_tabora	3521		0x0040c868	0x002b6294	UpdateMoby_3521	proto
moby	8_tabora	3548		0x0040ccd8	0x002b6294	UpdateMoby_3548	proto
moby	8_tabora	3597		0x0040d218	0x002b6294	UpdateMoby_3597	proto
moby	8_tabora	3604		0x0040d4e0	0x002b6294	UpdateMoby_3604	proto
moby	8_tabora	3631		0x0040db60	0x002b6294	UpdateMoby_3631	proto
moby	8_tabora	3640		0x0040e3f8	0x002b6294	UpdateMoby_3640	proto
moby	8_tabora	3675		0x0040e9b8	0x002b6294	UpdateMoby_3675	proto
moby	8_tabora	3684		0x0040ecd0	0x002b6294	UpdateMoby_3684	proto
moby	8_tabora	3696		0x0040f8a0	0x002b6294	UpdateMoby_3696	proto
moby	8_tabora	3704		0x0040fae8	0x002b6294	UpdateMoby_3704	proto
moby	8_tabora	3705		0x0040fd60	0x002b6294	UpdateMoby_3705	proto
moby	8_tabora	3706		0x00412ba8	0x002b6294	UpdateMoby_3706	proto
moby	8_tabora	3709		0x00413010	0x002b6294	UpdateMoby_3709	proto
moby	8_tabora	3742		0x0040d4e0	0x002b6294	UpdateMoby_3742	proto
moby	8_tabora	3754		0x00413f18	0x002b6294	UpdateMoby_3754	proto
moby	8_tabora	3755		0x004147a8	0x002b6294	UpdateMoby_3755	proto
moby	8_tabora	3757		0x004159c8	0x002b6294	UpdateMoby_3757	proto
moby	8_tabora	3760		0x00417ff8	0x002b6294	UpdateMoby_3760	proto
moby	8_tabora	3784		0x00419018	0x002b6294	UpdateMoby_3784	proto
moby	8_tabora	3790		0x00419870	0x002b6294	UpdateMoby_3790	proto
moby	8_tabora	3799		0x0041a670	0x002b6294	UpdateMoby_3799	proto
moby	8_tabora	3800		0x0041bbf0	0x002b6294	UpdateMoby_3800	proto
moby	8_tabora	3823		0x0041ebf8	0x002b6294	UpdateMoby_3823	proto
moby	8_tabora	3949		0x00420f50	0x002b6294	UpdateMoby_3949	proto
moby	8_tabora	4000		0x00421af0	0x002b6294		
moby	8_tabora	4016		0x00421b98	0x002b6294	UpdateMoby_4016	proto
moby	8_tabora	4095		0x00423970	0x002b6294	UpdateMoby_4095	proto
moby	8_tabora	4098		0x00426730	0x002b6294	UpdateMoby_4098	proto
moby	8_tabora	4100		0x00427a70	0x002b6294	UpdateMoby_4100	proto
moby	8_tabora	4102		0x004290e8	0x002b6294	UpdateMoby_4102	proto
moby	8_tabora	4308		0x0042ae30	0x002b6294	UpdateMoby_4308	proto
moby	8_tabora	4309		0x0042ae30	0x002b6294	UpdateMoby_4309	proto
moby	8_tabora	4310		0x0042ae30	0x002b6294	UpdateMoby_4310	proto
moby	8_tabora	4311		0x0042ae30	0x002b6294	UpdateMoby_4311	proto
moby	8_tabora	4312		0x0042ae30	0x002b6294	UpdateMoby_4312	proto
moby	8_tabora	4313		0x0042ae30	0x002b6294	UpdateMoby_4313	proto
moby	8_tabora	4314		0x0042ae30	0x002b6294	UpdateMoby_4314	proto
moby	8_tabora	4315		0x0042ae30	0x002b6294	UpdateMoby_4315	proto
moby	8_tabora	4316		0x0042ae30	0x002b6294	UpdateMoby_4316	proto
moby	8_tabora	4317		0x0042ae30	0x002b6294	UpdateMoby_4317	proto
moby	8_tabora	4318		0x0042ae30	0x002b6294	UpdateMoby_4318	proto
moby	8_tabora	4319		0x0042ae30	0x002b6294	UpdateMoby_4319	proto
moby	8_tabora	4320		0x0042ae30	0x002b6294	UpdateMoby_4320	proto
moby	8_tabora	4321		0x0042ae30	0x002b6294	UpdateMoby_4321	proto
moby	8_tabora	4325		0x0042ae30	0x002b6294	UpdateMoby_4325	proto
moby	8_tabora	4406		0x0042ae40	0x002b6294	UpdateMoby_4406	proto
moby	8_tabora	4498		0x003dc7f0	0x002b6294	UpdateMoby_4498	proto
moby	8_tabora	4501		0x0042d0b0	0x002b6294	UpdateMoby_4501	proto
moby	8_tabora	4548		0x0042dfa8	0x002b6294	UpdateMoby_4548	proto
moby	8_tabora	4606		0x0042ef00	0x002b6294	UpdateMoby_4606	proto
moby	8_tabora	4764		0x0042f440	0x002b6294		
moby	8_tabora	4766		0x0042f660	0x002b6294		
moby	8_tabora	4767		0x0042f938	0x002b6294		
moby	8_tabora	4778		0x0042fac0	0x002b6294		
moby	8_tabora	4816		0x0042fce0	0x002b6294		
moby	8_tabora	5020		0x004302b8	0x002b6294	UpdateMoby_5020	proto
moby	8_tabora	5021		0x004319a0	0x002b6294	UpdateMoby_5021	proto
moby	8_tabora	5022		0x00433010	0x002b6294	UpdateMoby_5022	proto
moby	8_tabora	5023		0x00434990	0x002b6294	UpdateMoby_5023	proto
moby	8_tabora	5024		0x00406538	0x002b6294	UpdateMoby_5024	proto
moby	8_tabora	1086		0x00435538	0x002b6294	UpdateMoby_1086	proto
moby	8_tabora	2456		0x004356b8	0x002b6294	UpdateMoby_2456	proto
moby	8_tabora	3646		0x00435a78	0x002b6294	UpdateMoby_3646	proto
moby	8_tabora	1481		0x00436660	0x002b6294	UpdateMoby_1481	proto
moby	8_tabora	2170		0x00439548	0x002b6294	UpdateMoby_2170	proto
moby	8_tabora	3209		0x0043b820	0x002b6294	UpdateMoby_3209	proto
cam	8_tabora	0	InitCamera	0x00442d78		InitCamera_0	proto
cam	8_tabora	0	ActivateCamera	0x0043fdc0		ActivateCamera_0	proto
cam	8_tabora	0	UpdateCamera	0x00442d80		UpdateCamera_0	proto
cam	8_tabora	0	ExitCamera	0x00442e40		ExitCamera_0	proto
cam	8_tabora	4	InitCamera	0x00443640		InitCamera_4	proto
cam	8_tabora	4	ActivateCamera	0x004439d0		ActivateCamera_4	proto
cam	8_tabora	4	UpdateCamera	0x004430b0		UpdateCamera_4	proto
cam	8_tabora	4	ExitCamera	0x00443a88		ExitCamera_4	proto
cam	8_tabora	5	InitCamera	0x00444698		InitCamera_5	proto
cam	8_tabora	5	ActivateCamera	0x004441e8		ActivateCamera_5	proto
cam	8_tabora	5	UpdateCamera	0x004446a0		UpdateCamera_5	proto
cam	8_tabora	5	ExitCamera	0x004446f8		ExitCamera_5	proto
cam	8_tabora	6	InitCamera	0x00445068		InitCamera_6	proto
cam	8_tabora	6	ActivateCamera	0x00445070		ActivateCamera_6	proto
cam	8_tabora	6	UpdateCamera	0x00445120		UpdateCamera_6	proto
cam	8_tabora	6	ExitCamera	0x00445140		ExitCamera_6	proto
cam	8_tabora	7	InitCamera	0x00445d90		InitCamera_7	proto
cam	8_tabora	7	ActivateCamera	0x00445148		ActivateCamera_7	proto
cam	8_tabora	7	UpdateCamera	0x00445d98		UpdateCamera_7	proto
cam	8_tabora	7	ExitCamera	0x00445e80		ExitCamera_7	proto
cam	8_tabora	23	InitCamera	0x00446630		InitCamera_23	proto
cam	8_tabora	23	ActivateCamera	0x004466b8		ActivateCamera_23	proto
cam	8_tabora	23	UpdateCamera	0x004466c0		UpdateCamera_23	proto
cam	8_tabora	23	ExitCamera	0x004466c8		ExitCamera_23	proto
cam	8_tabora	27	InitCamera	0x00446d10		InitCamera_27	proto
cam	8_tabora	27	ActivateCamera	0x004466f0		ActivateCamera_27	proto
cam	8_tabora	27	UpdateCamera	0x00446868		UpdateCamera_27	proto
cam	8_tabora	27	ExitCamera	0x00446d18		ExitCamera_27	proto
snd	8_tabora	1	UpdateSound	0x00446de8		UpdateSound_1	proto
moby	9_dobbo	2		0x0037dfb0	0x002a7348	UpdateMoby_2	proto
moby	9_dobbo	14		0x0037dfb8	0x002a7348	UpdateMoby_14	proto
moby	9_dobbo	1007		0x0037faf0	0x002a7348	UpdateMoby_1007	proto
moby	9_dobbo	4789		0x003806a0	0x002a7348		
moby	9_dobbo	4810		0x00380bb0	0x002a7348		
moby	9_dobbo	4853		0x00380c48	0x002a7348		
moby	9_dobbo	4917		0x00380c68	0x002a7348		
moby	9_dobbo	4959		0x00382448	0x002a7348		
moby	9_dobbo	4966		0x00383bf0	0x002a7348		
moby	9_dobbo	4967		0x00386698	0x002a7348		
moby	9_dobbo	11		0x003889e8	0x002a7348	UpdateMoby_11	proto
moby	9_dobbo	13		0x0037dfb8	0x002a7348	UpdateMoby_13	proto
moby	9_dobbo	15		0x0037dfb8	0x002a7348	UpdateMoby_15	proto
moby	9_dobbo	16		0x0037dfb8	0x002a7348	UpdateMoby_16	proto
moby	9_dobbo	17		0x0037dfb8	0x002a7348	UpdateMoby_17	proto
moby	9_dobbo	18		0x0037dfb8	0x002a7348	UpdateMoby_18	proto
moby	9_dobbo	19		0x0037dfb8	0x002a7348	UpdateMoby_19	proto
moby	9_dobbo	71		0x00389ec8	0x002a7348	UpdateMoby_71	proto
moby	9_dobbo	112		0x0038b318	0x002a7348	UpdateMoby_112	proto
moby	9_dobbo	121		0x0038b418	0x002a7348	UpdateMoby_121	proto
moby	9_dobbo	122		0x0038d5a0	0x002a7348	UpdateMoby_122	proto
moby	9_dobbo	163		0x0038d868	0x002a7348	UpdateMoby_163	proto
moby	9_dobbo	166		0x0038dbf8	0x002a7348	UpdateMoby_166	proto
moby	9_dobbo	167		0x0038e948	0x002a7348	UpdateMoby_167	proto
moby	9_dobbo	172		0x0038f878	0x002a7348	UpdateMoby_172	proto
moby	9_dobbo	177		0x003904e0	0x002a7348	UpdateMoby_177	proto
moby	9_dobbo	179		0x00393290	0x002a7348	UpdateMoby_179	proto
moby	9_dobbo	180		0x003933d8	0x002a7348	UpdateMoby_180	proto
moby	9_dobbo	188		0x00394238	0x002a7348	UpdateMoby_188	proto
moby	9_dobbo	192		0x00395e10	0x002a7348	UpdateMoby_192	proto
moby	9_dobbo	203		0x00396100	0x002a7348	UpdateMoby_203	proto
moby	9_dobbo	208		0x00397408	0x002a7348	UpdateMoby_208	proto
moby	9_dobbo	209		0x00398698	0x002a7348	UpdateMoby_209	proto
moby	9_dobbo	315		0x003988e0	0x002a7348	UpdateMoby_315	proto
moby	9_dobbo	357		0x00398938	0x002a7348	UpdateMoby_357	proto
moby	9_dobbo	358		0x00398b48	0x002a7348	UpdateMoby_358	proto
moby	9_dobbo	500		0x00398d00	0x002a7348	UpdateMoby_500	proto
moby	9_dobbo	501		0x00398d00	0x002a7348	UpdateMoby_501	proto
moby	9_dobbo	505		0x00398d00	0x002a7348	UpdateMoby_505	proto
moby	9_dobbo	511		0x00398d00	0x002a7348	UpdateMoby_511	proto
moby	9_dobbo	512		0x00398d00	0x002a7348	UpdateMoby_512	proto
moby	9_dobbo	562		0x0039a9d0	0x002a7348	UpdateMoby_562	proto
moby	9_dobbo	607		0x0039ac38	0x002a7348	UpdateMoby_607	proto
moby	9_dobbo	639		0x0039ae58	0x002a7348	UpdateMoby_639	proto
moby	9_dobbo	658		0x0039ba18	0x002a7348	UpdateMoby_658	proto
moby	9_dobbo	750		0x0039bf98	0x002a7348	UpdateMoby_750	proto
moby	9_dobbo	758		0x0039c2b8	0x002a7348	UpdateMoby_758	proto
moby	9_dobbo	775		0x0039c630	0x002a7348	UpdateMoby_775	proto
moby	9_dobbo	803		0x0039c2b8	0x002a7348	UpdateMoby_803	proto
moby	9_dobbo	804		0x0039c680	0x002a7348	UpdateMoby_804	proto
moby	9_dobbo	805		0x0039c828	0x002a7348	UpdateMoby_805	proto
moby	9_dobbo	806		0x0039d450	0x002a7348	UpdateMoby_806	proto
moby	9_dobbo	816		0x0039ecd8	0x002a7348	UpdateMoby_816	proto
moby	9_dobbo	832		0x003a0038	0x002a7348	UpdateMoby_832	proto
moby	9_dobbo	934		0x003a01d8	0x002a7348	UpdateMoby_934	proto
moby	9_dobbo	1134		0x003a0a68	0x002a7348	UpdateMoby_1134	proto
moby	9_dobbo	1135		0x003a1798	0x002a7348	UpdateMoby_1135	proto
moby	9_dobbo	1143		0x003a2838	0x002a7348	UpdateMoby_1143	proto
moby	9_dobbo	1192		0x0038b318	0x002a7348	UpdateMoby_1192	proto
moby	9_dobbo	1289		0x003a2a90	0x002a7348	UpdateMoby_1289	proto
moby	9_dobbo	1482		0x003a2a98	0x002a7348	UpdateMoby_1482	proto
moby	9_dobbo	1483		0x003a4a48	0x002a7348	UpdateMoby_1483	proto
moby	9_dobbo	1486		0x003a5a98	0x002a7348	UpdateMoby_1486	proto
moby	9_dobbo	1487		0x003a6438	0x002a7348	UpdateMoby_1487	proto
moby	9_dobbo	1489		0x003a6f50	0x002a7348	UpdateMoby_1489	proto
moby	9_dobbo	1490		0x003a8798	0x002a7348	UpdateMoby_1490	proto
moby	9_dobbo	1494		0x003a99e0	0x002a7348	UpdateMoby_1494	proto
moby	9_dobbo	1496		0x003ab7c0	0x002a7348	UpdateMoby_1496	proto
moby	9_dobbo	1497		0x003ac270	0x002a7348	UpdateMoby_1497	proto
moby	9_dobbo	1498		0x003ada30	0x002a7348	UpdateMoby_1498	proto
moby	9_dobbo	1502		0x003aea88	0x002a7348	UpdateMoby_1502	proto
moby	9_dobbo	2078		0x003b0008	0x002a7348	UpdateMoby_2078	proto
moby	9_dobbo	2079		0x003b1a00	0x002a7348	UpdateMoby_2079	proto
moby	9_dobbo	2080		0x003b4370	0x002a7348	UpdateMoby_2080	proto
moby	9_dobbo	2085		0x003b4ce0	0x002a7348	UpdateMoby_2085	proto
moby	9_dobbo	2088		0x003b6260	0x002a7348	UpdateMoby_2088	proto
moby	9_dobbo	2130		0x003b6550	0x002a7348	UpdateMoby_2130	proto
moby	9_dobbo	2143		0x003b6758	0x002a7348	UpdateMoby_2143	proto
moby	9_dobbo	2160		0x003b8bb8	0x002a7348	UpdateMoby_2160	proto
moby	9_dobbo	2163		0x003b8ef8	0x002a7348	UpdateMoby_2163	proto
moby	9_dobbo	2169		0x003b8fb0	0x002a7348	UpdateMoby_2169	proto
moby	9_dobbo	2189		0x003b9790	0x002a7348		
moby	9_dobbo	2198		0x003bad58	0x002a7348	UpdateMoby_2198	proto
moby	9_dobbo	2309		0x003be6d8	0x002a7348	UpdateMoby_2309	proto
moby	9_dobbo	2311		0x003c0128	0x002a7348	UpdateMoby_2311	proto
moby	9_dobbo	2375		0x003c05a8	0x002a7348	UpdateMoby_2375	proto
moby	9_dobbo	2381		0x003c0df8	0x002a7348	UpdateMoby_2381	proto
moby	9_dobbo	2384		0x003c2998	0x002a7348	UpdateMoby_2384	proto
moby	9_dobbo	2440		0x003c29b8	0x002a7348		
moby	9_dobbo	2473		0x003c29f8	0x002a7348	UpdateMoby_2473	proto
moby	9_dobbo	2480		0x003c55a8	0x002a7348	UpdateMoby_2480	proto
moby	9_dobbo	2491		0x003c85a8	0x002a7348	UpdateMoby_2491	proto
moby	9_dobbo	2580		0x003c8cd8	0x002a7348	UpdateMoby_2580	proto
moby	9_dobbo	2596		0x003c8d90	0x002a7348	UpdateMoby_2596	proto
moby	9_dobbo	2616		0x003c8e28	0x002a7348	UpdateMoby_2616	proto
moby	9_dobbo	2645		0x003c8ee0	0x002a7348	UpdateMoby_2645	proto
moby	9_dobbo	2650		0x003c8f58	0x002a7348	UpdateMoby_2650	proto
moby	9_dobbo	2651		0x003c93a8	0x002a7348	UpdateMoby_2651	proto
moby	9_dobbo	2652		0x003c9d20	0x002a7348	UpdateMoby_2652	proto
moby	9_dobbo	2653		0x003cc228	0x002a7348	UpdateMoby_2653	proto
moby	9_dobbo	2661		0x003ce7b8	0x002a7348	UpdateMoby_2661	proto
moby	9_dobbo	2663		0x003cea20	0x002a7348	UpdateMoby_2663	proto
moby	9_dobbo	2690		0x003cf908	0x002a7348	UpdateMoby_2690	proto
moby	9_dobbo	2715		0x003d06c0	0x002a7348	UpdateMoby_2715	proto
moby	9_dobbo	2784		0x003d30e8	0x002a7348	UpdateMoby_2784	proto
moby	9_dobbo	2800		0x003d3bb8	0x002a7348	UpdateMoby_2800	proto
moby	9_dobbo	2801		0x003d4150	0x002a7348	UpdateMoby_2801	proto
moby	9_dobbo	2806		0x003b8fb0	0x002a7348	UpdateMoby_2806	proto
moby	9_dobbo	2812		0x003d6208	0x002a7348	UpdateMoby_2812	proto
moby	9_dobbo	2818		0x003d6e50	0x002a7348	UpdateMoby_2818	proto
moby	9_dobbo	2834		0x003d78e0	0x002a7348	UpdateMoby_2834	proto
moby	9_dobbo	2862		0x003d7958	0x002a7348	UpdateMoby_2862	proto
moby	9_dobbo	2904		0x003d9af8	0x002a7348	UpdateMoby_2904	proto
moby	9_dobbo	3031		0x003dbb60	0x002a7348	UpdateMoby_3031	proto
moby	9_dobbo	3032		0x003dd0c8	0x002a7348	UpdateMoby_3032	proto
moby	9_dobbo	3060		0x003ddaa0	0x002a7348		
moby	9_dobbo	3063		0x003ddb40	0x002a7348		
moby	9_dobbo	3070		0x003ddf70	0x002a7348	UpdateMoby_3070	proto
moby	9_dobbo	3076		0x003df478	0x002a7348	UpdateMoby_3076	proto
moby	9_dobbo	3077		0x003e03a8	0x002a7348	UpdateMoby_3077	proto
moby	9_dobbo	3078		0x003e0650	0x002a7348	UpdateMoby_3078	proto
moby	9_dobbo	3079		0x003e2cd0	0x002a7348	UpdateMoby_3079	proto
moby	9_dobbo	3105		0x003e31c0	0x002a7348		
moby	9_dobbo	3115		0x003e3288	0x002a7348	UpdateMoby_3115	proto
moby	9_dobbo	3137		0x003e3748	0x002a7348	UpdateMoby_3137	proto
moby	9_dobbo	3146		0x003e3c48	0x002a7348	UpdateMoby_3146	proto
moby	9_dobbo	3161		0x003e5ec8	0x002a7348	UpdateMoby_3161	proto
moby	9_dobbo	3162		0x003e63e0	0x002a7348	UpdateMoby_3162	proto
moby	9_dobbo	3171		0x003e6648	0x002a7348	UpdateMoby_3171	proto
moby	9_dobbo	3174		0x003e6810	0x002a7348	UpdateMoby_3174	proto
moby	9_dobbo	3250		0x003e7638	0x002a7348	UpdateMoby_3250	proto
moby	9_dobbo	3253		0x003e8278	0x002a7348	UpdateMoby_3253	proto
moby	9_dobbo	3259		0x003e88f0	0x002a7348	UpdateMoby_3259	proto
moby	9_dobbo	3260		0x003eab20	0x002a7348	UpdateMoby_3260	proto
moby	9_dobbo	3291		0x003d30e8	0x002a7348	UpdateMoby_3291	proto
moby	9_dobbo	3299		0x003eaff0	0x002a7348	UpdateMoby_3299	proto
moby	9_dobbo	3300		0x003eb450	0x002a7348	UpdateMoby_3300	proto
moby	9_dobbo	3301		0x003eb9c0	0x002a7348	UpdateMoby_3301	proto
moby	9_dobbo	3303		0x003ed7f8	0x002a7348	UpdateMoby_3303	proto
moby	9_dobbo	3305		0x003efc90	0x002a7348	UpdateMoby_3305	proto
moby	9_dobbo	3306		0x003f04d0	0x002a7348	UpdateMoby_3306	proto
moby	9_dobbo	3307		0x003f0a18	0x002a7348	UpdateMoby_3307	proto
moby	9_dobbo	3308		0x003f0d00	0x002a7348	UpdateMoby_3308	proto
moby	9_dobbo	3310		0x003f0fe8	0x002a7348	UpdateMoby_3310	proto
moby	9_dobbo	3315		0x003f1488	0x002a7348	UpdateMoby_3315	proto
moby	9_dobbo	3319		0x003f2140	0x002a7348	UpdateMoby_3319	proto
moby	9_dobbo	3329		0x003ac270	0x002a7348	UpdateMoby_3329	proto
moby	9_dobbo	3332		0x003f5a28	0x002a7348	UpdateMoby_3332	proto
moby	9_dobbo	3334		0x003f65e0	0x002a7348	UpdateMoby_3334	proto
moby	9_dobbo	3337		0x003f6b28	0x002a7348	UpdateMoby_3337	proto
moby	9_dobbo	3342		0x003f7158	0x002a7348	UpdateMoby_3342	proto
moby	9_dobbo	3343		0x003fa080	0x002a7348	UpdateMoby_3343	proto
moby	9_dobbo	3346		0x003fb4d0	0x002a7348	UpdateMoby_3346	proto
moby	9_dobbo	3376		0x003fef08	0x002a7348	UpdateMoby_3376	proto
moby	9_dobbo	3401		0x003ffec0	0x002a7348	UpdateMoby_3401	proto
moby	9_dobbo	3406		0x00400680	0x002a7348	UpdateMoby_3406	proto
moby	9_dobbo	3415		0x00403798	0x002a7348	UpdateMoby_3415	proto
moby	9_dobbo	3422		0x00403fb0	0x002a7348	UpdateMoby_3422	proto
moby	9_dobbo	3430		0x004047c8	0x002a7348	UpdateMoby_3430	proto
moby	9_dobbo	3472		0x00405610	0x002a7348	UpdateMoby_3472	proto
moby	9_dobbo	3484		0x004061d8	0x002a7348	UpdateMoby_3484	proto
moby	9_dobbo	3485		0x00406fc8	0x002a7348	UpdateMoby_3485	proto
moby	9_dobbo	3521		0x00407be8	0x002a7348	UpdateMoby_3521	proto
moby	9_dobbo	3552		0x004082d0	0x002a7348	UpdateMoby_3552	proto
moby	9_dobbo	3600		0x00408478	0x002a7348	UpdateMoby_3600	proto
moby	9_dobbo	3604		0x00408b48	0x002a7348	UpdateMoby_3604	proto
moby	9_dobbo	3610		0x00409308	0x002a7348	UpdateMoby_3610	proto
moby	9_dobbo	3631		0x00409970	0x002a7348	UpdateMoby_3631	proto
moby	9_dobbo	3678		0x0040a2e8	0x002a7348	UpdateMoby_3678	proto
moby	9_dobbo	3680		0x0040ac48	0x002a7348	UpdateMoby_3680	proto
moby	9_dobbo	3684		0x0040b348	0x002a7348	UpdateMoby_3684	proto
moby	9_dobbo	3696		0x0040bf18	0x002a7348	UpdateMoby_3696	proto
moby	9_dobbo	3705		0x0040c048	0x002a7348	UpdateMoby_3705	proto
moby	9_dobbo	3706		0x0040ee90	0x002a7348	UpdateMoby_3706	proto
moby	9_dobbo	3709		0x0040f2f8	0x002a7348	UpdateMoby_3709	proto
moby	9_dobbo	3712		0x00410200	0x002a7348	UpdateMoby_3712	proto
moby	9_dobbo	3716		0x00410608	0x002a7348	UpdateMoby_3716	proto
moby	9_dobbo	3742		0x00408b48	0x002a7348	UpdateMoby_3742	proto
moby	9_dobbo	3754		0x00410e10	0x002a7348	UpdateMoby_3754	proto
moby	9_dobbo	3755		0x004116a0	0x002a7348	UpdateMoby_3755	proto
moby	9_dobbo	3757		0x004128c0	0x002a7348	UpdateMoby_3757	proto
moby	9_dobbo	3760		0x00414ef0	0x002a7348	UpdateMoby_3760	proto
moby	9_dobbo	3784		0x00415f10	0x002a7348	UpdateMoby_3784	proto
moby	9_dobbo	3790		0x00416768	0x002a7348	UpdateMoby_3790	proto
moby	9_dobbo	3799		0x00417568	0x002a7348	UpdateMoby_3799	proto
moby	9_dobbo	3800		0x00418ae8	0x002a7348	UpdateMoby_3800	proto
moby	9_dobbo	3836		0x0041a700	0x002a7348	UpdateMoby_3836	proto
moby	9_dobbo	3949		0x0041ad90	0x002a7348	UpdateMoby_3949	proto
moby	9_dobbo	4000		0x0041b930	0x002a7348		
moby	9_dobbo	4016		0x0041b9d8	0x002a7348	UpdateMoby_4016	proto
moby	9_dobbo	4100		0x0041bfd0	0x002a7348	UpdateMoby_4100	proto
moby	9_dobbo	4308		0x0041d648	0x002a7348	UpdateMoby_4308	proto
moby	9_dobbo	4309		0x0041d648	0x002a7348	UpdateMoby_4309	proto
moby	9_dobbo	4310		0x0041d648	0x002a7348	UpdateMoby_4310	proto
moby	9_dobbo	4311		0x0041d648	0x002a7348	UpdateMoby_4311	proto
moby	9_dobbo	4312		0x0041d648	0x002a7348	UpdateMoby_4312	proto
moby	9_dobbo	4313		0x0041d648	0x002a7348	UpdateMoby_4313	proto
moby	9_dobbo	4314		0x0041d648	0x002a7348	UpdateMoby_4314	proto
moby	9_dobbo	4315		0x0041d648	0x002a7348	UpdateMoby_4315	proto
moby	9_dobbo	4316		0x0041d648	0x002a7348	UpdateMoby_4316	proto
moby	9_dobbo	4317		0x0041d648	0x002a7348	UpdateMoby_4317	proto
moby	9_dobbo	4318		0x0041d648	0x002a7348	UpdateMoby_4318	proto
moby	9_dobbo	4319		0x0041d648	0x002a7348	UpdateMoby_4319	proto
moby	9_dobbo	4320		0x0041d648	0x002a7348	UpdateMoby_4320	proto
moby	9_dobbo	4321		0x0041d648	0x002a7348	UpdateMoby_4321	proto
moby	9_dobbo	4325		0x0041d648	0x002a7348	UpdateMoby_4325	proto
moby	9_dobbo	4327		0x0041d658	0x002a7348	UpdateMoby_4327	proto
moby	9_dobbo	4406		0x0041da20	0x002a7348	UpdateMoby_4406	proto
moby	9_dobbo	4407		0x0041fb60	0x002a7348	UpdateMoby_4407	proto
moby	9_dobbo	4498		0x003c9d20	0x002a7348	UpdateMoby_4498	proto
moby	9_dobbo	4501		0x004205b8	0x002a7348	UpdateMoby_4501	proto
moby	9_dobbo	4548		0x004214b0	0x002a7348	UpdateMoby_4548	proto
moby	9_dobbo	4760		0x00421b80	0x002a7348		
moby	9_dobbo	4761		0x00421d60	0x002a7348		
moby	9_dobbo	4769		0x00421e90	0x002a7348		
moby	9_dobbo	4783		0x00422820	0x002a7348		
moby	9_dobbo	4788		0x00422820	0x002a7348		
moby	9_dobbo	5020		0x00423090	0x002a7348	UpdateMoby_5020	proto
moby	9_dobbo	5021		0x00424778	0x002a7348	UpdateMoby_5021	proto
moby	9_dobbo	5022		0x00425de8	0x002a7348	UpdateMoby_5022	proto
moby	9_dobbo	5023		0x00427768	0x002a7348	UpdateMoby_5023	proto
moby	9_dobbo	5024		0x003f4460	0x002a7348	UpdateMoby_5024	proto
moby	9_dobbo	5050		0x00428310	0x002a7348	UpdateMoby_5050	proto
moby	9_dobbo	1086		0x004289f8	0x002a7348	UpdateMoby_1086	proto
moby	9_dobbo	3275		0x00428ac0	0x002a7348	UpdateMoby_3275	proto
moby	9_dobbo	1481		0x00428ac8	0x002a7348	UpdateMoby_1481	proto
moby	9_dobbo	2170		0x0042b9b0	0x002a7348	UpdateMoby_2170	proto
moby	9_dobbo	3209		0x0042dc88	0x002a7348	UpdateMoby_3209	proto
cam	9_dobbo	0	InitCamera	0x004351e0		InitCamera_0	proto
cam	9_dobbo	0	ActivateCamera	0x00432228		ActivateCamera_0	proto
cam	9_dobbo	0	UpdateCamera	0x004351e8		UpdateCamera_0	proto
cam	9_dobbo	0	ExitCamera	0x004352a8		ExitCamera_0	proto
cam	9_dobbo	4	InitCamera	0x00435aa8		InitCamera_4	proto
cam	9_dobbo	4	ActivateCamera	0x00435e38		ActivateCamera_4	proto
cam	9_dobbo	4	UpdateCamera	0x00435518		UpdateCamera_4	proto
cam	9_dobbo	4	ExitCamera	0x00435ef0		ExitCamera_4	proto
cam	9_dobbo	5	InitCamera	0x00436b00		InitCamera_5	proto
cam	9_dobbo	5	ActivateCamera	0x00436650		ActivateCamera_5	proto
cam	9_dobbo	5	UpdateCamera	0x00436b08		UpdateCamera_5	proto
cam	9_dobbo	5	ExitCamera	0x00436b60		ExitCamera_5	proto
cam	9_dobbo	6	InitCamera	0x004374d0		InitCamera_6	proto
cam	9_dobbo	6	ActivateCamera	0x004374d8		ActivateCamera_6	proto
cam	9_dobbo	6	UpdateCamera	0x00437588		UpdateCamera_6	proto
cam	9_dobbo	6	ExitCamera	0x004375a8		ExitCamera_6	proto
cam	9_dobbo	7	InitCamera	0x004381f8		InitCamera_7	proto
cam	9_dobbo	7	ActivateCamera	0x004375b0		ActivateCamera_7	proto
cam	9_dobbo	7	UpdateCamera	0x00438200		UpdateCamera_7	proto
cam	9_dobbo	7	ExitCamera	0x004382e8		ExitCamera_7	proto
cam	9_dobbo	19	InitCamera	0x00438e80		InitCamera_19	proto
cam	9_dobbo	19	ActivateCamera	0x00438408		ActivateCamera_19	proto
cam	9_dobbo	19	UpdateCamera	0x004387d0		UpdateCamera_19	proto
cam	9_dobbo	19	ExitCamera	0x00438f48		ExitCamera_19	proto
cam	9_dobbo	23	InitCamera	0x004396c8		InitCamera_23	proto
cam	9_dobbo	23	ActivateCamera	0x00439750		ActivateCamera_23	proto
cam	9_dobbo	23	UpdateCamera	0x00439758		UpdateCamera_23	proto
cam	9_dobbo	23	ExitCamera	0x00439760		ExitCamera_23	proto
cam	9_dobbo	27	InitCamera	0x00439da8		InitCamera_27	proto
cam	9_dobbo	27	ActivateCamera	0x00439788		ActivateCamera_27	proto
cam	9_dobbo	27	UpdateCamera	0x00439900		UpdateCamera_27	proto
cam	9_dobbo	27	ExitCamera	0x00439db0		ExitCamera_27	proto
moby	10_hrugis_cloud	2		0x00397958	0x002be724	UpdateMoby_2	proto
moby	10_hrugis_cloud	14		0x00397960	0x002be724	UpdateMoby_14	proto
moby	10_hrugis_cloud	1007		0x00399498	0x002be724	UpdateMoby_1007	proto
moby	10_hrugis_cloud	4824		0x00399810	0x002be724		
moby	10_hrugis_cloud	4840		0x0039aee0	0x002be724		
moby	10_hrugis_cloud	4917		0x0039be00	0x002be724		
moby	10_hrugis_cloud	4926		0x0039d728	0x002be724		
moby	10_hrugis_cloud	4959		0x0039e020	0x002be724		
moby	10_hrugis_cloud	4966		0x0039f7c8	0x002be724		
moby	10_hrugis_cloud	4967		0x003a2270	0x002be724		
moby	10_hrugis_cloud	13		0x00397960	0x002be724	UpdateMoby_13	proto
moby	10_hrugis_cloud	15		0x00397960	0x002be724	UpdateMoby_15	proto
moby	10_hrugis_cloud	16		0x00397960	0x002be724	UpdateMoby_16	proto
moby	10_hrugis_cloud	17		0x00397960	0x002be724	UpdateMoby_17	proto
moby	10_hrugis_cloud	18		0x00397960	0x002be724	UpdateMoby_18	proto
moby	10_hrugis_cloud	19		0x00397960	0x002be724	UpdateMoby_19	proto
moby	10_hrugis_cloud	71		0x003a4bc8	0x002be724	UpdateMoby_71	proto
moby	10_hrugis_cloud	112		0x003a6018	0x002be724	UpdateMoby_112	proto
moby	10_hrugis_cloud	121		0x003a6118	0x002be724	UpdateMoby_121	proto
moby	10_hrugis_cloud	122		0x003a82a0	0x002be724	UpdateMoby_122	proto
moby	10_hrugis_cloud	163		0x003a8568	0x002be724	UpdateMoby_163	proto
moby	10_hrugis_cloud	166		0x003a88f8	0x002be724	UpdateMoby_166	proto
moby	10_hrugis_cloud	167		0x003a9648	0x002be724	UpdateMoby_167	proto
moby	10_hrugis_cloud	172		0x003aa578	0x002be724	UpdateMoby_172	proto
moby	10_hrugis_cloud	177		0x003ab1e0	0x002be724	UpdateMoby_177	proto
moby	10_hrugis_cloud	179		0x003adf90	0x002be724	UpdateMoby_179	proto
moby	10_hrugis_cloud	180		0x003ae0d8	0x002be724	UpdateMoby_180	proto
moby	10_hrugis_cloud	188		0x003aef38	0x002be724	UpdateMoby_188	proto
moby	10_hrugis_cloud	192		0x003b0b10	0x002be724	UpdateMoby_192	proto
moby	10_hrugis_cloud	203		0x003b0e00	0x002be724	UpdateMoby_203	proto
moby	10_hrugis_cloud	208		0x003b2108	0x002be724	UpdateMoby_208	proto
moby	10_hrugis_cloud	209		0x003b3398	0x002be724	UpdateMoby_209	proto
moby	10_hrugis_cloud	357		0x003b35e0	0x002be724	UpdateMoby_357	proto
moby	10_hrugis_cloud	358		0x003b37f0	0x002be724	UpdateMoby_358	proto
moby	10_hrugis_cloud	500		0x003b39a8	0x002be724	UpdateMoby_500	proto
moby	10_hrugis_cloud	562		0x003b5678	0x002be724	UpdateMoby_562	proto
moby	10_hrugis_cloud	607		0x003b58e0	0x002be724	UpdateMoby_607	proto
moby	10_hrugis_cloud	639		0x003b5b00	0x002be724	UpdateMoby_639	proto
moby	10_hrugis_cloud	775		0x003b6768	0x002be724	UpdateMoby_775	proto
moby	10_hrugis_cloud	804		0x003b67b8	0x002be724	UpdateMoby_804	proto
moby	10_hrugis_cloud	806		0x003b7220	0x002be724	UpdateMoby_806	proto
moby	10_hrugis_cloud	1192		0x003a6018	0x002be724	UpdateMoby_1192	proto
moby	10_hrugis_cloud	1482		0x003b89d8	0x002be724	UpdateMoby_1482	proto
moby	10_hrugis_cloud	1483		0x003ba988	0x002be724	UpdateMoby_1483	proto
moby	10_hrugis_cloud	1486		0x003bb9d8	0x002be724	UpdateMoby_1486	proto
moby	10_hrugis_cloud	1487		0x003bc378	0x002be724	UpdateMoby_1487	proto
moby	10_hrugis_cloud	1489		0x003bce90	0x002be724	UpdateMoby_1489	proto
moby	10_hrugis_cloud	1490		0x003be6d8	0x002be724	UpdateMoby_1490	proto
moby	10_hrugis_cloud	1494		0x003bf920	0x002be724	UpdateMoby_1494	proto
moby	10_hrugis_cloud	1496		0x003c1700	0x002be724	UpdateMoby_1496	proto
moby	10_hrugis_cloud	1497		0x003c21b0	0x002be724	UpdateMoby_1497	proto
moby	10_hrugis_cloud	1498		0x003c3970	0x002be724	UpdateMoby_1498	proto
moby	10_hrugis_cloud	2078		0x003c49b0	0x002be724	UpdateMoby_2078	proto
moby	10_hrugis_cloud	2079		0x003c63a8	0x002be724	UpdateMoby_2079	proto
moby	10_hrugis_cloud	2080		0x003c8d18	0x002be724	UpdateMoby_2080	proto
moby	10_hrugis_cloud	2085		0x003c9688	0x002be724	UpdateMoby_2085	proto
moby	10_hrugis_cloud	2088		0x003cac08	0x002be724	UpdateMoby_2088	proto
moby	10_hrugis_cloud	2143		0x003caf00	0x002be724	UpdateMoby_2143	proto
moby	10_hrugis_cloud	2160		0x003cd360	0x002be724	UpdateMoby_2160	proto
moby	10_hrugis_cloud	2169		0x003cd6a0	0x002be724	UpdateMoby_2169	proto
moby	10_hrugis_cloud	2189		0x003cde80	0x002be724		
moby	10_hrugis_cloud	2311		0x003cf448	0x002be724	UpdateMoby_2311	proto
moby	10_hrugis_cloud	2374		0x003cf9a0	0x002be724	UpdateMoby_2374	proto
moby	10_hrugis_cloud	2384		0x003d16a0	0x002be724	UpdateMoby_2384	proto
moby	10_hrugis_cloud	2420		0x003d1880	0x002be724	UpdateMoby_2420	proto
moby	10_hrugis_cloud	2438		0x003d2570	0x002be724	UpdateMoby_2438	proto
moby	10_hrugis_cloud	2473		0x003d3c50	0x002be724	UpdateMoby_2473	proto
moby	10_hrugis_cloud	2650		0x003d6800	0x002be724	UpdateMoby_2650	proto
moby	10_hrugis_cloud	2651		0x003d6c50	0x002be724	UpdateMoby_2651	proto
moby	10_hrugis_cloud	2652		0x003d75c8	0x002be724	UpdateMoby_2652	proto
moby	10_hrugis_cloud	2653		0x003d9ad0	0x002be724	UpdateMoby_2653	proto
moby	10_hrugis_cloud	2661		0x003dc060	0x002be724	UpdateMoby_2661	proto
moby	10_hrugis_cloud	2663		0x003dc2c8	0x002be724	UpdateMoby_2663	proto
moby	10_hrugis_cloud	2690		0x003dd1b0	0x002be724	UpdateMoby_2690	proto
moby	10_hrugis_cloud	2715		0x003ddf68	0x002be724	UpdateMoby_2715	proto
moby	10_hrugis_cloud	2784		0x003e0990	0x002be724	UpdateMoby_2784	proto
moby	10_hrugis_cloud	2801		0x003e1460	0x002be724	UpdateMoby_2801	proto
moby	10_hrugis_cloud	2806		0x003cd6a0	0x002be724	UpdateMoby_2806	proto
moby	10_hrugis_cloud	2818		0x003e4158	0x002be724	UpdateMoby_2818	proto
moby	10_hrugis_cloud	2862		0x003e4c58	0x002be724	UpdateMoby_2862	proto
moby	10_hrugis_cloud	2904		0x003e6df8	0x002be724	UpdateMoby_2904	proto
moby	10_hrugis_cloud	3031		0x003e8e60	0x002be724	UpdateMoby_3031	proto
moby	10_hrugis_cloud	3032		0x003ea3c8	0x002be724	UpdateMoby_3032	proto
moby	10_hrugis_cloud	3070		0x003eb130	0x002be724	UpdateMoby_3070	proto
moby	10_hrugis_cloud	3076		0x003ec638	0x002be724	UpdateMoby_3076	proto
moby	10_hrugis_cloud	3077		0x003ed568	0x002be724	UpdateMoby_3077	proto
moby	10_hrugis_cloud	3078		0x003ed810	0x002be724	UpdateMoby_3078	proto
moby	10_hrugis_cloud	3079		0x003efe90	0x002be724	UpdateMoby_3079	proto
moby	10_hrugis_cloud	3137		0x003f0380	0x002be724	UpdateMoby_3137	proto
moby	10_hrugis_cloud	3146		0x003f0880	0x002be724	UpdateMoby_3146	proto
moby	10_hrugis_cloud	3161		0x003f2b00	0x002be724	UpdateMoby_3161	proto
moby	10_hrugis_cloud	3162		0x003f3018	0x002be724	UpdateMoby_3162	proto
moby	10_hrugis_cloud	3250		0x003f3db0	0x002be724	UpdateMoby_3250	proto
moby	10_hrugis_cloud	3259		0x003f4e08	0x002be724	UpdateMoby_3259	proto
moby	10_hrugis_cloud	3262		0x003f5ef8	0x002be724	UpdateMoby_3262	proto
moby	10_hrugis_cloud	3291		0x003e0990	0x002be724	UpdateMoby_3291	proto
moby	10_hrugis_cloud	3299		0x003f6780	0x002be724	UpdateMoby_3299	proto
moby	10_hrugis_cloud	3300		0x003f6be0	0x002be724	UpdateMoby_3300	proto
moby	10_hrugis_cloud	3301		0x003f7150	0x002be724	UpdateMoby_3301	proto
moby	10_hrugis_cloud	3303		0x003f8f88	0x002be724	UpdateMoby_3303	proto
moby	10_hrugis_cloud	3307		0x003fb420	0x002be724	UpdateMoby_3307	proto
moby	10_hrugis_cloud	3308		0x003fb708	0x002be724	UpdateMoby_3308	proto
moby	10_hrugis_cloud	3310		0x003fb9f0	0x002be724	UpdateMoby_3310	proto
moby	10_hrugis_cloud	3315		0x003fbe90	0x002be724	UpdateMoby_3315	proto
moby	10_hrugis_cloud	3319		0x003fcb48	0x002be724	UpdateMoby_3319	proto
moby	10_hrugis_cloud	3329		0x003c21b0	0x002be724	UpdateMoby_3329	proto
moby	10_hrugis_cloud	3332		0x00400430	0x002be724	UpdateMoby_3332	proto
moby	10_hrugis_cloud	3406		0x004012d0	0x002be724	UpdateMoby_3406	proto
moby	10_hrugis_cloud	3412		0x004039a0	0x002be724		
moby	10_hrugis_cloud	3422		0x00403ac8	0x002be724	UpdateMoby_3422	proto
moby	10_hrugis_cloud	3484		0x00404410	0x002be724	UpdateMoby_3484	proto
moby	10_hrugis_cloud	3521		0x00404f50	0x002be724	UpdateMoby_3521	proto
moby	10_hrugis_cloud	3604		0x004053c0	0x002be724	UpdateMoby_3604	proto
moby	10_hrugis_cloud	3631		0x00405a40	0x002be724	UpdateMoby_3631	proto
moby	10_hrugis_cloud	3684		0x00406418	0x002be724	UpdateMoby_3684	proto
moby	10_hrugis_cloud	3696		0x00406fe8	0x002be724	UpdateMoby_3696	proto
moby	10_hrugis_cloud	3705		0x00407118	0x002be724	UpdateMoby_3705	proto
moby	10_hrugis_cloud	3706		0x00409f60	0x002be724	UpdateMoby_3706	proto
moby	10_hrugis_cloud	3709		0x0040a3c8	0x002be724	UpdateMoby_3709	proto
moby	10_hrugis_cloud	3742		0x004053c0	0x002be724	UpdateMoby_3742	proto
moby	10_hrugis_cloud	3754		0x0040b2d0	0x002be724	UpdateMoby_3754	proto
moby	10_hrugis_cloud	3755		0x0040bb60	0x002be724	UpdateMoby_3755	proto
moby	10_hrugis_cloud	3757		0x0040cd80	0x002be724	UpdateMoby_3757	proto
moby	10_hrugis_cloud	3760		0x0040f3b0	0x002be724	UpdateMoby_3760	proto
moby	10_hrugis_cloud	3784		0x004103d0	0x002be724	UpdateMoby_3784	proto
moby	10_hrugis_cloud	3790		0x00410c28	0x002be724	UpdateMoby_3790	proto
moby	10_hrugis_cloud	3799		0x00411a28	0x002be724	UpdateMoby_3799	proto
moby	10_hrugis_cloud	3800		0x00412fa8	0x002be724	UpdateMoby_3800	proto
moby	10_hrugis_cloud	3949		0x00414eb8	0x002be724	UpdateMoby_3949	proto
moby	10_hrugis_cloud	3950		0x00415a58	0x002be724	UpdateMoby_3950	proto
moby	10_hrugis_cloud	3970		0x00416060	0x002be724	UpdateMoby_3970	proto
moby	10_hrugis_cloud	3973		0x004166e8	0x002be724	UpdateMoby_3973	proto
moby	10_hrugis_cloud	3974		0x00417c40	0x002be724	UpdateMoby_3974	proto
moby	10_hrugis_cloud	3981		0x00418400	0x002be724	UpdateMoby_3981	proto
moby	10_hrugis_cloud	3982		0x00418768	0x002be724	UpdateMoby_3982	proto
moby	10_hrugis_cloud	3987		0x00418d88	0x002be724	UpdateMoby_3987	proto
moby	10_hrugis_cloud	4016		0x00419578	0x002be724	UpdateMoby_4016	proto
moby	10_hrugis_cloud	4031		0x00419b70	0x002be724	UpdateMoby_4031	proto
moby	10_hrugis_cloud	4090		0x0041b6c0	0x002be724	UpdateMoby_4090	proto
moby	10_hrugis_cloud	4100		0x0041c8c8	0x002be724	UpdateMoby_4100	proto
moby	10_hrugis_cloud	4303		0x0041e018	0x002be724	UpdateMoby_4303	proto
moby	10_hrugis_cloud	4305		0x0041e608	0x002be724	UpdateMoby_4305	proto
moby	10_hrugis_cloud	4306		0x0041e608	0x002be724	UpdateMoby_4306	proto
moby	10_hrugis_cloud	4307		0x0041e608	0x002be724	UpdateMoby_4307	proto
moby	10_hrugis_cloud	4308		0x0041e608	0x002be724	UpdateMoby_4308	proto
moby	10_hrugis_cloud	4309		0x0041e608	0x002be724	UpdateMoby_4309	proto
moby	10_hrugis_cloud	4310		0x0041e608	0x002be724	UpdateMoby_4310	proto
moby	10_hrugis_cloud	4311		0x0041e608	0x002be724	UpdateMoby_4311	proto
moby	10_hrugis_cloud	4312		0x0041e608	0x002be724	UpdateMoby_4312	proto
moby	10_hrugis_cloud	4313		0x0041e608	0x002be724	UpdateMoby_4313	proto
moby	10_hrugis_cloud	4314		0x0041e608	0x002be724	UpdateMoby_4314	proto
moby	10_hrugis_cloud	4315		0x0041e608	0x002be724	UpdateMoby_4315	proto
moby	10_hrugis_cloud	4316		0x0041e608	0x002be724	UpdateMoby_4316	proto
moby	10_hrugis_cloud	4317		0x0041e608	0x002be724	UpdateMoby_4317	proto
moby	10_hrugis_cloud	4318		0x0041e608	0x002be724	UpdateMoby_4318	proto
moby	10_hrugis_cloud	4319		0x0041e608	0x002be724	UpdateMoby_4319	proto
moby	10_hrugis_cloud	4320		0x0041e608	0x002be724	UpdateMoby_4320	proto
moby	10_hrugis_cloud	4321		0x0041e608	0x002be724	UpdateMoby_4321	proto
moby	10_hrugis_cloud	4325		0x0041e608	0x002be724	UpdateMoby_4325	proto
moby	10_hrugis_cloud	4345		0x0041e760	0x002be724	UpdateMoby_4345	proto
moby	10_hrugis_cloud	4362		0x0041ec10	0x002be724	UpdateMoby_4362	proto
moby	10_hrugis_cloud	4406		0x0041ef38	0x002be724	UpdateMoby_4406	proto
moby	10_hrugis_cloud	4426		0x00421078	0x002be724	UpdateMoby_4426	proto
moby	10_hrugis_cloud	4437		0x00421288	0x002be724	UpdateMoby_4437	proto
moby	10_hrugis_cloud	4449		0x003d1880	0x002be724	UpdateMoby_4449	proto
moby	10_hrugis_cloud	4458		0x00425c28	0x002be724	UpdateMoby_4458	proto
moby	10_hrugis_cloud	4467		0x00399810	0x002be724	UpdateMoby_4467	proto
moby	10_hrugis_cloud	4476		0x00427058	0x002be724	UpdateMoby_4476	proto
moby	10_hrugis_cloud	4477		0x004275f8	0x002be724	UpdateMoby_4477	proto
moby	10_hrugis_cloud	4479		0x00427b80	0x002be724	UpdateMoby_4479	proto
moby	10_hrugis_cloud	4482		0x004281d8	0x002be724	UpdateMoby_4482	proto
moby	10_hrugis_cloud	4497		0x00428ac0	0x002be724	UpdateMoby_4497	proto
moby	10_hrugis_cloud	4498		0x003d75c8	0x002be724	UpdateMoby_4498	proto
moby	10_hrugis_cloud	4499		0x004292f0	0x002be724	UpdateMoby_4499	proto
moby	10_hrugis_cloud	4501		0x0042a608	0x002be724	UpdateMoby_4501	proto
moby	10_hrugis_cloud	4537		0x0042b500	0x002be724	UpdateMoby_4537	proto
moby	10_hrugis_cloud	4552		0x0042bca0	0x002be724	UpdateMoby_4552	proto
moby	10_hrugis_cloud	4553		0x0042be20	0x002be724	UpdateMoby_4553	proto
moby	10_hrugis_cloud	4582		0x0042c070	0x002be724	UpdateMoby_4582	proto
moby	10_hrugis_cloud	4646		0x0042d1e8	0x002be724	UpdateMoby_4646	proto
moby	10_hrugis_cloud	4716		0x0042d1f0	0x002be724	UpdateMoby_4716	proto
moby	10_hrugis_cloud	4885		0x0042e100	0x002be724		
moby	10_hrugis_cloud	4903		0x0042e100	0x002be724		
moby	10_hrugis_cloud	4904		0x0042e100	0x002be724		
moby	10_hrugis_cloud	5020		0x0042ec30	0x002be724	UpdateMoby_5020	proto
moby	10_hrugis_cloud	5021		0x00430318	0x002be724	UpdateMoby_5021	proto
moby	10_hrugis_cloud	5022		0x00431988	0x002be724	UpdateMoby_5022	proto
moby	10_hrugis_cloud	5023		0x00433308	0x002be724	UpdateMoby_5023	proto
moby	10_hrugis_cloud	5024		0x003fee68	0x002be724	UpdateMoby_5024	proto
moby	10_hrugis_cloud	4323		0x00433f80	0x002be724	UpdateMoby_4323	proto
moby	10_hrugis_cloud	1481		0x00433fd0	0x002be724	UpdateMoby_1481	proto
moby	10_hrugis_cloud	2170		0x00436eb8	0x002be724	UpdateMoby_2170	proto
moby	10_hrugis_cloud	3209		0x00439190	0x002be724	UpdateMoby_3209	proto
cam	10_hrugis_cloud	0	InitCamera	0x004406e8		InitCamera_0	proto
cam	10_hrugis_cloud	0	ActivateCamera	0x0043d730		ActivateCamera_0	proto
cam	10_hrugis_cloud	0	UpdateCamera	0x004406f0		UpdateCamera_0	proto
cam	10_hrugis_cloud	0	ExitCamera	0x004407b0		ExitCamera_0	proto
cam	10_hrugis_cloud	4	InitCamera	0x00440fb0		InitCamera_4	proto
cam	10_hrugis_cloud	4	ActivateCamera	0x00441340		ActivateCamera_4	proto
cam	10_hrugis_cloud	4	UpdateCamera	0x00440a20		UpdateCamera_4	proto
cam	10_hrugis_cloud	4	ExitCamera	0x004413f8		ExitCamera_4	proto
cam	10_hrugis_cloud	5	InitCamera	0x00441e10		InitCamera_5	proto
cam	10_hrugis_cloud	5	ActivateCamera	0x00441960		ActivateCamera_5	proto
cam	10_hrugis_cloud	5	UpdateCamera	0x00441e18		UpdateCamera_5	proto
cam	10_hrugis_cloud	5	ExitCamera	0x00441e70		ExitCamera_5	proto
cam	10_hrugis_cloud	6	InitCamera	0x004427e0		InitCamera_6	proto
cam	10_hrugis_cloud	6	ActivateCamera	0x004427e8		ActivateCamera_6	proto
cam	10_hrugis_cloud	6	UpdateCamera	0x00442898		UpdateCamera_6	proto
cam	10_hrugis_cloud	6	ExitCamera	0x004428b8		ExitCamera_6	proto
cam	10_hrugis_cloud	7	InitCamera	0x00443230		InitCamera_7	proto
cam	10_hrugis_cloud	7	ActivateCamera	0x004428c0		ActivateCamera_7	proto
cam	10_hrugis_cloud	7	UpdateCamera	0x00443238		UpdateCamera_7	proto
cam	10_hrugis_cloud	7	ExitCamera	0x00443320		ExitCamera_7	proto
cam	10_hrugis_cloud	23	InitCamera	0x00443ad0		InitCamera_23	proto
cam	10_hrugis_cloud	23	ActivateCamera	0x00443b58		ActivateCamera_23	proto
cam	10_hrugis_cloud	23	UpdateCamera	0x00443b60		UpdateCamera_23	proto
cam	10_hrugis_cloud	23	ExitCamera	0x00443b68		ExitCamera_23	proto
cam	10_hrugis_cloud	25	InitCamera	0x00447cb0		InitCamera_25	proto
cam	10_hrugis_cloud	25	ActivateCamera	0x00443b70		ActivateCamera_25	proto
cam	10_hrugis_cloud	25	UpdateCamera	0x00443d68		UpdateCamera_25	proto
cam	10_hrugis_cloud	25	ExitCamera	0x00447d50		ExitCamera_25	proto
cam	10_hrugis_cloud	27	InitCamera	0x00448378		InitCamera_27	proto
cam	10_hrugis_cloud	27	ActivateCamera	0x00447d58		ActivateCamera_27	proto
cam	10_hrugis_cloud	27	UpdateCamera	0x00447ed0		UpdateCamera_27	proto
cam	10_hrugis_cloud	27	ExitCamera	0x00448380		ExitCamera_27	proto
moby	11_joba	2		0x003952f0	0x002bcc50	UpdateMoby_2	proto
moby	11_joba	14		0x003952f8	0x002bcc50	UpdateMoby_14	proto
moby	11_joba	428		0x00397068	0x002bcc50		
moby	11_joba	1007		0x00397200	0x002bcc50	UpdateMoby_1007	proto
moby	11_joba	4786		0x003974a8	0x002bcc50		
moby	11_joba	4807		0x003983f0	0x002bcc50		
moby	11_joba	4853		0x00398508	0x002bcc50		
moby	11_joba	4917		0x00398528	0x002bcc50		
moby	11_joba	4959		0x00399d08	0x002bcc50		
moby	11_joba	4966		0x0039b4b0	0x002bcc50		
moby	11_joba	4967		0x0039df70	0x002bcc50		
moby	11_joba	11		0x003a02d8	0x002bcc50	UpdateMoby_11	proto
moby	11_joba	13		0x003952f8	0x002bcc50	UpdateMoby_13	proto
moby	11_joba	15		0x003952f8	0x002bcc50	UpdateMoby_15	proto
moby	11_joba	16		0x003952f8	0x002bcc50	UpdateMoby_16	proto
moby	11_joba	17		0x003952f8	0x002bcc50	UpdateMoby_17	proto
moby	11_joba	18		0x003952f8	0x002bcc50	UpdateMoby_18	proto
moby	11_joba	19		0x003952f8	0x002bcc50	UpdateMoby_19	proto
moby	11_joba	71		0x003a17b8	0x002bcc50	UpdateMoby_71	proto
moby	11_joba	112		0x003a2c08	0x002bcc50	UpdateMoby_112	proto
moby	11_joba	121		0x003a2d08	0x002bcc50	UpdateMoby_121	proto
moby	11_joba	122		0x003a4e90	0x002bcc50	UpdateMoby_122	proto
moby	11_joba	163		0x003a5158	0x002bcc50	UpdateMoby_163	proto
moby	11_joba	166		0x003a54e8	0x002bcc50	UpdateMoby_166	proto
moby	11_joba	167		0x003a6238	0x002bcc50	UpdateMoby_167	proto
moby	11_joba	172		0x003a7168	0x002bcc50	UpdateMoby_172	proto
moby	11_joba	177		0x003a7dd0	0x002bcc50	UpdateMoby_177	proto
moby	11_joba	179		0x003aab80	0x002bcc50	UpdateMoby_179	proto
moby	11_joba	180		0x003aacc8	0x002bcc50	UpdateMoby_180	proto
moby	11_joba	188		0x003abb28	0x002bcc50	UpdateMoby_188	proto
moby	11_joba	192		0x003ad700	0x002bcc50	UpdateMoby_192	proto
moby	11_joba	203		0x003ad9f0	0x002bcc50	UpdateMoby_203	proto
moby	11_joba	208		0x003aecf8	0x002bcc50	UpdateMoby_208	proto
moby	11_joba	209		0x003aff88	0x002bcc50	UpdateMoby_209	proto
moby	11_joba	357		0x003b01d0	0x002bcc50	UpdateMoby_357	proto
moby	11_joba	358		0x003b03e0	0x002bcc50	UpdateMoby_358	proto
moby	11_joba	500		0x003b0598	0x002bcc50	UpdateMoby_500	proto
moby	11_joba	511		0x003b0598	0x002bcc50	UpdateMoby_511	proto
moby	11_joba	512		0x003b0598	0x002bcc50	UpdateMoby_512	proto
moby	11_joba	562		0x003b2368	0x002bcc50	UpdateMoby_562	proto
moby	11_joba	607		0x003b25d0	0x002bcc50	UpdateMoby_607	proto
moby	11_joba	639		0x003b27f0	0x002bcc50	UpdateMoby_639	proto
moby	11_joba	775		0x003b3458	0x002bcc50	UpdateMoby_775	proto
moby	11_joba	803		0x003b34a8	0x002bcc50	UpdateMoby_803	proto
moby	11_joba	804		0x003b3778	0x002bcc50	UpdateMoby_804	proto
moby	11_joba	805		0x003b3920	0x002bcc50	UpdateMoby_805	proto
moby	11_joba	806		0x003b4548	0x002bcc50	UpdateMoby_806	proto
moby	11_joba	816		0x003b5e50	0x002bcc50	UpdateMoby_816	proto
moby	11_joba	832		0x003b71b0	0x002bcc50	UpdateMoby_832	proto
moby	11_joba	1134		0x003b75e0	0x002bcc50	UpdateMoby_1134	proto
moby	11_joba	1140		0x003b8248	0x002bcc50	UpdateMoby_1140	proto
moby	11_joba	1143		0x003b8588	0x002bcc50	UpdateMoby_1143	proto
moby	11_joba	1192		0x003a2c08	0x002bcc50	UpdateMoby_1192	proto
moby	11_joba	1482		0x003b87e0	0x002bcc50	UpdateMoby_1482	proto
moby	11_joba	1483		0x003ba790	0x002bcc50	UpdateMoby_1483	proto
moby	11_joba	1486		0x003bb7e0	0x002bcc50	UpdateMoby_1486	proto
moby	11_joba	1487		0x003bc180	0x002bcc50	UpdateMoby_1487	proto
moby	11_joba	1489		0x003bcc98	0x002bcc50	UpdateMoby_1489	proto
moby	11_joba	1490		0x003be4e0	0x002bcc50	UpdateMoby_1490	proto
moby	11_joba	1494		0x003bf728	0x002bcc50	UpdateMoby_1494	proto
moby	11_joba	1496		0x003c1508	0x002bcc50	UpdateMoby_1496	proto
moby	11_joba	1497		0x003c1fb8	0x002bcc50	UpdateMoby_1497	proto
moby	11_joba	1498		0x003c3778	0x002bcc50	UpdateMoby_1498	proto
moby	11_joba	2078		0x003c47b8	0x002bcc50	UpdateMoby_2078	proto
moby	11_joba	2079		0x003c61b0	0x002bcc50	UpdateMoby_2079	proto
moby	11_joba	2080		0x003c8b20	0x002bcc50	UpdateMoby_2080	proto
moby	11_joba	2085		0x003c9490	0x002bcc50	UpdateMoby_2085	proto
moby	11_joba	2088		0x003caa10	0x002bcc50	UpdateMoby_2088	proto
moby	11_joba	2143		0x003cad08	0x002bcc50	UpdateMoby_2143	proto
moby	11_joba	2160		0x003cd168	0x002bcc50	UpdateMoby_2160	proto
moby	11_joba	2169		0x003cd4a8	0x002bcc50	UpdateMoby_2169	proto
moby	11_joba	2189		0x003cdc88	0x002bcc50		
moby	11_joba	2274		0x003cf250	0x002bcc50	UpdateMoby_2274	proto
moby	11_joba	2287		0x003cf4a0	0x002bcc50	UpdateMoby_2287	proto
moby	11_joba	2311		0x003cf4a8	0x002bcc50	UpdateMoby_2311	proto
moby	11_joba	2321		0x003cf928	0x002bcc50	UpdateMoby_2321	proto
moby	11_joba	2366		0x003d04f0	0x002bcc50	UpdateMoby_2366	proto
moby	11_joba	2384		0x003d2298	0x002bcc50	UpdateMoby_2384	proto
moby	11_joba	2461		0x003d22b8	0x002bcc50	UpdateMoby_2461	proto
moby	11_joba	2473		0x003d2318	0x002bcc50	UpdateMoby_2473	proto
moby	11_joba	2476		0x003d4ec8	0x002bcc50	UpdateMoby_2476	proto
moby	11_joba	2491		0x003d4ed0	0x002bcc50	UpdateMoby_2491	proto
moby	11_joba	2520		0x003d56f0	0x002bcc50	UpdateMoby_2520	proto
moby	11_joba	2563		0x003d5b00	0x002bcc50	UpdateMoby_2563	proto
moby	11_joba	2591		0x003d6270	0x002bcc50	UpdateMoby_2591	proto
moby	11_joba	2650		0x003d64d8	0x002bcc50	UpdateMoby_2650	proto
moby	11_joba	2651		0x003d6928	0x002bcc50	UpdateMoby_2651	proto
moby	11_joba	2652		0x003d72a0	0x002bcc50	UpdateMoby_2652	proto
moby	11_joba	2653		0x003d97d0	0x002bcc50	UpdateMoby_2653	proto
moby	11_joba	2661		0x003dbd60	0x002bcc50	UpdateMoby_2661	proto
moby	11_joba	2663		0x003dbfc8	0x002bcc50	UpdateMoby_2663	proto
moby	11_joba	2679		0x003dceb0	0x002bcc50	UpdateMoby_2679	proto
moby	11_joba	2690		0x003dd168	0x002bcc50	UpdateMoby_2690	proto
moby	11_joba	2713		0x003de1f0	0x002bcc50	UpdateMoby_2713	proto
moby	11_joba	2715		0x003de568	0x002bcc50	UpdateMoby_2715	proto
moby	11_joba	2744		0x003e1260	0x002bcc50	UpdateMoby_2744	proto
moby	11_joba	2748		0x003e1708	0x002bcc50	UpdateMoby_2748	proto
moby	11_joba	2749		0x003e27d8	0x002bcc50	UpdateMoby_2749	proto
moby	11_joba	2750		0x003e4668	0x002bcc50	UpdateMoby_2750	proto
moby	11_joba	2784		0x003e47a0	0x002bcc50	UpdateMoby_2784	proto
moby	11_joba	2801		0x003e5270	0x002bcc50	UpdateMoby_2801	proto
moby	11_joba	2806		0x003cd4a8	0x002bcc50	UpdateMoby_2806	proto
moby	11_joba	2818		0x003e7f68	0x002bcc50	UpdateMoby_2818	proto
moby	11_joba	2844		0x003e8a98	0x002bcc50	UpdateMoby_2844	proto
moby	11_joba	2845		0x003e8a98	0x002bcc50	UpdateMoby_2845	proto
moby	11_joba	2846		0x003e8a98	0x002bcc50	UpdateMoby_2846	proto
moby	11_joba	2856		0x003e8aa0	0x002bcc50	UpdateMoby_2856	proto
moby	11_joba	2857		0x003eaf70	0x002bcc50	UpdateMoby_2857	proto
moby	11_joba	2861		0x003ef648	0x002bcc50	UpdateMoby_2861	proto
moby	11_joba	2862		0x003efac8	0x002bcc50	UpdateMoby_2862	proto
moby	11_joba	2874		0x003f1c68	0x002bcc50	UpdateMoby_2874	proto
moby	11_joba	2877		0x003f5728	0x002bcc50	UpdateMoby_2877	proto
moby	11_joba	2878		0x003f5728	0x002bcc50	UpdateMoby_2878	proto
moby	11_joba	2879		0x003f5728	0x002bcc50	UpdateMoby_2879	proto
moby	11_joba	2880		0x003f5728	0x002bcc50	UpdateMoby_2880	proto
moby	11_joba	2904		0x003f5b08	0x002bcc50	UpdateMoby_2904	proto
moby	11_joba	2923		0x003f7b70	0x002bcc50	UpdateMoby_2923	proto
moby	11_joba	2927		0x003f7f58	0x002bcc50	UpdateMoby_2927	proto
moby	11_joba	2929		0x003f8150	0x002bcc50	UpdateMoby_2929	proto
moby	11_joba	2930		0x003f8150	0x002bcc50	UpdateMoby_2930	proto
moby	11_joba	2931		0x003f8150	0x002bcc50	UpdateMoby_2931	proto
moby	11_joba	2932		0x003f8150	0x002bcc50	UpdateMoby_2932	proto
moby	11_joba	2940		0x003f8510	0x002bcc50	UpdateMoby_2940	proto
moby	11_joba	2943		0x003f8bc8	0x002bcc50	UpdateMoby_2943	proto
moby	11_joba	2953		0x003f96f8	0x002bcc50	UpdateMoby_2953	proto
moby	11_joba	3004		0x00409418	0x002bcc50	UpdateMoby_3004	proto
moby	11_joba	3031		0x0040a820	0x002bcc50	UpdateMoby_3031	proto
moby	11_joba	3032		0x0040bd88	0x002bcc50	UpdateMoby_3032	proto
moby	11_joba	3070		0x0040caf0	0x002bcc50	UpdateMoby_3070	proto
moby	11_joba	3076		0x0040dff8	0x002bcc50	UpdateMoby_3076	proto
moby	11_joba	3077		0x0040ef28	0x002bcc50	UpdateMoby_3077	proto
moby	11_joba	3078		0x0040f1d0	0x002bcc50	UpdateMoby_3078	proto
moby	11_joba	3079		0x00411850	0x002bcc50	UpdateMoby_3079	proto
moby	11_joba	3104		0x00411d40	0x002bcc50	UpdateMoby_3104	proto
moby	11_joba	3117		0x00412b20	0x002bcc50	UpdateMoby_3117	proto
moby	11_joba	3137		0x00412c68	0x002bcc50	UpdateMoby_3137	proto
moby	11_joba	3146		0x004132a8	0x002bcc50	UpdateMoby_3146	proto
moby	11_joba	3161		0x00415528	0x002bcc50	UpdateMoby_3161	proto
moby	11_joba	3162		0x00415a40	0x002bcc50	UpdateMoby_3162	proto
moby	11_joba	3171		0x00415ca8	0x002bcc50	UpdateMoby_3171	proto
moby	11_joba	3192		0x003f8150	0x002bcc50	UpdateMoby_3192	proto
moby	11_joba	3194		0x00415e70	0x002bcc50	UpdateMoby_3194	proto
moby	11_joba	3195		0x00416658	0x002bcc50	UpdateMoby_3195	proto
moby	11_joba	3196		0x004169e0	0x002bcc50	UpdateMoby_3196	proto
moby	11_joba	3199		0x00416d70	0x002bcc50	UpdateMoby_3199	proto
moby	11_joba	3212		0x00417638	0x002bcc50	UpdateMoby_3212	proto
moby	11_joba	3250		0x00418378	0x002bcc50	UpdateMoby_3250	proto
moby	11_joba	3253		0x00418fc8	0x002bcc50	UpdateMoby_3253	proto
moby	11_joba	3259		0x00419640	0x002bcc50	UpdateMoby_3259	proto
moby	11_joba	3276		0x0041a730	0x002bcc50	UpdateMoby_3276	proto
moby	11_joba	3291		0x003e47a0	0x002bcc50	UpdateMoby_3291	proto
moby	11_joba	3299		0x0041aad0	0x002bcc50	UpdateMoby_3299	proto
moby	11_joba	3300		0x0041af30	0x002bcc50	UpdateMoby_3300	proto
moby	11_joba	3301		0x0041b4a0	0x002bcc50	UpdateMoby_3301	proto
moby	11_joba	3303		0x0041d2d8	0x002bcc50	UpdateMoby_3303	proto
moby	11_joba	3307		0x0041f770	0x002bcc50	UpdateMoby_3307	proto
moby	11_joba	3308		0x0041fa58	0x002bcc50	UpdateMoby_3308	proto
moby	11_joba	3310		0x0041fd40	0x002bcc50	UpdateMoby_3310	proto
moby	11_joba	3311		0x003b8248	0x002bcc50	UpdateMoby_3311	proto
moby	11_joba	3315		0x004201e0	0x002bcc50	UpdateMoby_3315	proto
moby	11_joba	3317		0x00420c88	0x002bcc50	UpdateMoby_3317	proto
moby	11_joba	3318		0x00425f10	0x002bcc50	UpdateMoby_3318	proto
moby	11_joba	3319		0x0042aaf0	0x002bcc50	UpdateMoby_3319	proto
moby	11_joba	3329		0x003c1fb8	0x002bcc50	UpdateMoby_3329	proto
moby	11_joba	3332		0x0042e3d8	0x002bcc50	UpdateMoby_3332	proto
moby	11_joba	3335		0x0042f018	0x002bcc50	UpdateMoby_3335	proto
moby	11_joba	3336		0x00432930	0x002bcc50	UpdateMoby_3336	proto
moby	11_joba	3355		0x00434580	0x002bcc50	UpdateMoby_3355	proto
moby	11_joba	3378		0x00435228	0x002bcc50	UpdateMoby_3378	proto
moby	11_joba	3383		0x00435600	0x002bcc50	UpdateMoby_3383	proto
moby	11_joba	3402		0x00436f80	0x002bcc50	UpdateMoby_3402	proto
moby	11_joba	3403		0x00439dd0	0x002bcc50	UpdateMoby_3403	proto
moby	11_joba	3406		0x0043b088	0x002bcc50	UpdateMoby_3406	proto
moby	11_joba	3422		0x0043d878	0x002bcc50	UpdateMoby_3422	proto
moby	11_joba	3466		0x0043e1a0	0x002bcc50	UpdateMoby_3466	proto
moby	11_joba	3480		0x004475a0	0x002bcc50	UpdateMoby_3480	proto
moby	11_joba	3484		0x0044a018	0x002bcc50	UpdateMoby_3484	proto
moby	11_joba	3521		0x0044ab58	0x002bcc50	UpdateMoby_3521	proto
moby	11_joba	3535		0x0044afc8	0x002bcc50	UpdateMoby_3535	proto
moby	11_joba	3545		0x0044ffa0	0x002bcc50	UpdateMoby_3545	proto
moby	11_joba	3546		0x00450cc0	0x002bcc50	UpdateMoby_3546	proto
moby	11_joba	3551		0x00450e50	0x002bcc50	UpdateMoby_3551	proto
moby	11_joba	3572		0x00451178	0x002bcc50	UpdateMoby_3572	proto
moby	11_joba	3575		0x00453358	0x002bcc50	UpdateMoby_3575	proto
moby	11_joba	3577		0x00454f18	0x002bcc50	UpdateMoby_3577	proto
moby	11_joba	3581		0x00456c20	0x002bcc50	UpdateMoby_3581	proto
moby	11_joba	3604		0x00456f80	0x002bcc50	UpdateMoby_3604	proto
moby	11_joba	3612		0x004580e0	0x002bcc50	UpdateMoby_3612	proto
moby	11_joba	3616		0x004580e8	0x002bcc50	UpdateMoby_3616	proto
moby	11_joba	3629		0x004590f0	0x002bcc50	UpdateMoby_3629	proto
moby	11_joba	3631		0x0045ad30	0x002bcc50	UpdateMoby_3631	proto
moby	11_joba	3657		0x0045b5c8	0x002bcc50	UpdateMoby_3657	proto
moby	11_joba	3684		0x0045bab8	0x002bcc50	UpdateMoby_3684	proto
moby	11_joba	3696		0x0045c688	0x002bcc50	UpdateMoby_3696	proto
moby	11_joba	3705		0x0045c7b8	0x002bcc50	UpdateMoby_3705	proto
moby	11_joba	3706		0x0045f600	0x002bcc50	UpdateMoby_3706	proto
moby	11_joba	3707		0x0045fa68	0x002bcc50	UpdateMoby_3707	proto
moby	11_joba	3709		0x00460400	0x002bcc50	UpdateMoby_3709	proto
moby	11_joba	3718		0x00461308	0x002bcc50	UpdateMoby_3718	proto
moby	11_joba	3733		0x004618c0	0x002bcc50	UpdateMoby_3733	proto
moby	11_joba	3742		0x00456f80	0x002bcc50	UpdateMoby_3742	proto
moby	11_joba	3754		0x00462100	0x002bcc50	UpdateMoby_3754	proto
moby	11_joba	3755		0x00462990	0x002bcc50	UpdateMoby_3755	proto
moby	11_joba	3757		0x00463bb0	0x002bcc50	UpdateMoby_3757	proto
moby	11_joba	3760		0x004661e0	0x002bcc50	UpdateMoby_3760	proto
moby	11_joba	3784		0x00467200	0x002bcc50	UpdateMoby_3784	proto
moby	11_joba	3790		0x00467a58	0x002bcc50	UpdateMoby_3790	proto
moby	11_joba	3799		0x00468858	0x002bcc50	UpdateMoby_3799	proto
moby	11_joba	3800		0x00469dd8	0x002bcc50	UpdateMoby_3800	proto
moby	11_joba	3808		0x0046b9f0	0x002bcc50	UpdateMoby_3808	proto
moby	11_joba	3949		0x0046cac8	0x002bcc50	UpdateMoby_3949	proto
moby	11_joba	3950		0x0046d668	0x002bcc50	UpdateMoby_3950	proto
moby	11_joba	3959		0x0046dc70	0x002bcc50	UpdateMoby_3959	proto
moby	11_joba	4016		0x0046dc78	0x002bcc50	UpdateMoby_4016	proto
moby	11_joba	4100		0x0046e270	0x002bcc50	UpdateMoby_4100	proto
moby	11_joba	4308		0x0046f8e8	0x002bcc50	UpdateMoby_4308	proto
moby	11_joba	4309		0x0046f8e8	0x002bcc50	UpdateMoby_4309	proto
moby	11_joba	4310		0x0046f8e8	0x002bcc50	UpdateMoby_4310	proto
moby	11_joba	4311		0x0046f8e8	0x002bcc50	UpdateMoby_4311	proto
moby	11_joba	4312		0x0046f8e8	0x002bcc50	UpdateMoby_4312	proto
moby	11_joba	4313		0x0046f8e8	0x002bcc50	UpdateMoby_4313	proto
moby	11_joba	4314		0x0046f8e8	0x002bcc50	UpdateMoby_4314	proto
moby	11_joba	4315		0x0046f8e8	0x002bcc50	UpdateMoby_4315	proto
moby	11_joba	4316		0x0046f8e8	0x002bcc50	UpdateMoby_4316	proto
moby	11_joba	4317		0x0046f8e8	0x002bcc50	UpdateMoby_4317	proto
moby	11_joba	4318		0x0046f8e8	0x002bcc50	UpdateMoby_4318	proto
moby	11_joba	4319		0x0046f8e8	0x002bcc50	UpdateMoby_4319	proto
moby	11_joba	4320		0x0046f8e8	0x002bcc50	UpdateMoby_4320	proto
moby	11_joba	4321		0x0046f8e8	0x002bcc50	UpdateMoby_4321	proto
moby	11_joba	4325		0x0046f8e8	0x002bcc50	UpdateMoby_4325	proto
moby	11_joba	4330		0x0046f8f8	0x002bcc50	UpdateMoby_4330	proto
moby	11_joba	4357		0x004702f0	0x002bcc50	UpdateMoby_4357	proto
moby	11_joba	4406		0x00470ca8	0x002bcc50	UpdateMoby_4406	proto
moby	11_joba	4474		0x00472de8	0x002bcc50	UpdateMoby_4474	proto
moby	11_joba	4478		0x00472e10	0x002bcc50	UpdateMoby_4478	proto
moby	11_joba	4492		0x0046f8f8	0x002bcc50	UpdateMoby_4492	proto
moby	11_joba	4498		0x003d72a0	0x002bcc50	UpdateMoby_4498	proto
moby	11_joba	4501		0x004732c0	0x002bcc50	UpdateMoby_4501	proto
moby	11_joba	4548		0x004741b8	0x002bcc50	UpdateMoby_4548	proto
moby	11_joba	4666		0x00474888	0x002bcc50	UpdateMoby_4666	proto
moby	11_joba	4718		0x00474920	0x002bcc50	UpdateMoby_4718	proto
moby	11_joba	5020		0x00475098	0x002bcc50	UpdateMoby_5020	proto
moby	11_joba	5021		0x00476780	0x002bcc50	UpdateMoby_5021	proto
moby	11_joba	5022		0x00477df0	0x002bcc50	UpdateMoby_5022	proto
moby	11_joba	5023		0x00479770	0x002bcc50	UpdateMoby_5023	proto
moby	11_joba	5024		0x0042ce10	0x002bcc50	UpdateMoby_5024	proto
moby	11_joba	2925		0x0047a318	0x002bcc50	UpdateMoby_2925	proto
moby	11_joba	1481		0x0047ab98	0x002bcc50	UpdateMoby_1481	proto
moby	11_joba	2170		0x0047da80	0x002bcc50	UpdateMoby_2170	proto
moby	11_joba	3209		0x0047fd58	0x002bcc50	UpdateMoby_3209	proto
cam	11_joba	0	InitCamera	0x004872b0		InitCamera_0	proto
cam	11_joba	0	ActivateCamera	0x004842f8		ActivateCamera_0	proto
cam	11_joba	0	UpdateCamera	0x004872b8		UpdateCamera_0	proto
cam	11_joba	0	ExitCamera	0x00487378		ExitCamera_0	proto
cam	11_joba	4	InitCamera	0x00487b78		InitCamera_4	proto
cam	11_joba	4	ActivateCamera	0x00487f08		ActivateCamera_4	proto
cam	11_joba	4	UpdateCamera	0x004875e8		UpdateCamera_4	proto
cam	11_joba	4	ExitCamera	0x00487fc0		ExitCamera_4	proto
cam	11_joba	5	InitCamera	0x00488a68		InitCamera_5	proto
cam	11_joba	5	ActivateCamera	0x004885b8		ActivateCamera_5	proto
cam	11_joba	5	UpdateCamera	0x00488a70		UpdateCamera_5	proto
cam	11_joba	5	ExitCamera	0x00488ac8		ExitCamera_5	proto
cam	11_joba	6	InitCamera	0x00489438		InitCamera_6	proto
cam	11_joba	6	ActivateCamera	0x00489440		ActivateCamera_6	proto
cam	11_joba	6	UpdateCamera	0x004894f0		UpdateCamera_6	proto
cam	11_joba	6	ExitCamera	0x00489510		ExitCamera_6	proto
cam	11_joba	7	InitCamera	0x0048a160		InitCamera_7	proto
cam	11_joba	7	ActivateCamera	0x00489518		ActivateCamera_7	proto
cam	11_joba	7	UpdateCamera	0x0048a168		UpdateCamera_7	proto
cam	11_joba	7	ExitCamera	0x0048a250		ExitCamera_7	proto
cam	11_joba	19	InitCamera	0x0048ae08		InitCamera_19	proto
cam	11_joba	19	ActivateCamera	0x0048a390		ActivateCamera_19	proto
cam	11_joba	19	UpdateCamera	0x0048a758		UpdateCamera_19	proto
cam	11_joba	19	ExitCamera	0x0048aed0		ExitCamera_19	proto
cam	11_joba	23	InitCamera	0x0048b650		InitCamera_23	proto
cam	11_joba	23	ActivateCamera	0x0048b6d8		ActivateCamera_23	proto
cam	11_joba	23	UpdateCamera	0x0048b6e0		UpdateCamera_23	proto
cam	11_joba	23	ExitCamera	0x0048b6e8		ExitCamera_23	proto
cam	11_joba	26	InitCamera	0x0048c110		InitCamera_26	proto
cam	11_joba	26	ActivateCamera	0x0048b7d0		ActivateCamera_26	proto
cam	11_joba	26	UpdateCamera	0x0048b960		UpdateCamera_26	proto
cam	11_joba	26	ExitCamera	0x0048c150		ExitCamera_26	proto
cam	11_joba	27	InitCamera	0x0048c778		InitCamera_27	proto
cam	11_joba	27	ActivateCamera	0x0048c158		ActivateCamera_27	proto
cam	11_joba	27	UpdateCamera	0x0048c2d0		UpdateCamera_27	proto
cam	11_joba	27	ExitCamera	0x0048c780		ExitCamera_27	proto
snd	11_joba	1	UpdateSound	0x0048c850		UpdateSound_1	proto
moby	12_todano	2		0x00386300	0x002a9540	UpdateMoby_2	proto
moby	12_todano	14		0x00386308	0x002a9540	UpdateMoby_14	proto
moby	12_todano	1007		0x00387e40	0x002a9540	UpdateMoby_1007	proto
moby	12_todano	3871		0x00388038	0x002a9540		
moby	12_todano	4871		0x00388090	0x002a9540		
moby	12_todano	4917		0x003881a8	0x002a9540		
moby	12_todano	4944		0x00389bc0	0x002a9540		
moby	12_todano	4945		0x00389f80	0x002a9540		
moby	12_todano	4948		0x0038a198	0x002a9540		
moby	12_todano	4959		0x0038a1a0	0x002a9540		
moby	12_todano	4966		0x0038b948	0x002a9540		
moby	12_todano	4967		0x0038e3f0	0x002a9540		
moby	12_todano	11		0x00390740	0x002a9540	UpdateMoby_11	proto
moby	12_todano	13		0x00386308	0x002a9540	UpdateMoby_13	proto
moby	12_todano	15		0x00386308	0x002a9540	UpdateMoby_15	proto
moby	12_todano	16		0x00386308	0x002a9540	UpdateMoby_16	proto
moby	12_todano	17		0x00386308	0x002a9540	UpdateMoby_17	proto
moby	12_todano	18		0x00386308	0x002a9540	UpdateMoby_18	proto
moby	12_todano	19		0x00386308	0x002a9540	UpdateMoby_19	proto
moby	12_todano	71		0x00391c20	0x002a9540	UpdateMoby_71	proto
moby	12_todano	112		0x00393070	0x002a9540	UpdateMoby_112	proto
moby	12_todano	121		0x00393170	0x002a9540	UpdateMoby_121	proto
moby	12_todano	122		0x003952f8	0x002a9540	UpdateMoby_122	proto
moby	12_todano	163		0x003955c0	0x002a9540	UpdateMoby_163	proto
moby	12_todano	166		0x00395950	0x002a9540	UpdateMoby_166	proto
moby	12_todano	167		0x003966a0	0x002a9540	UpdateMoby_167	proto
moby	12_todano	172		0x003975d0	0x002a9540	UpdateMoby_172	proto
moby	12_todano	177		0x00398238	0x002a9540	UpdateMoby_177	proto
moby	12_todano	179		0x0039afe8	0x002a9540	UpdateMoby_179	proto
moby	12_todano	180		0x0039b130	0x002a9540	UpdateMoby_180	proto
moby	12_todano	188		0x0039bf90	0x002a9540	UpdateMoby_188	proto
moby	12_todano	192		0x0039db68	0x002a9540	UpdateMoby_192	proto
moby	12_todano	203		0x0039de58	0x002a9540	UpdateMoby_203	proto
moby	12_todano	208		0x0039f160	0x002a9540	UpdateMoby_208	proto
moby	12_todano	209		0x003a03f0	0x002a9540	UpdateMoby_209	proto
moby	12_todano	258		0x003a08d0	0x002a9540	UpdateMoby_258	proto
moby	12_todano	315		0x003a0ae0	0x002a9540	UpdateMoby_315	proto
moby	12_todano	357		0x003a0b38	0x002a9540	UpdateMoby_357	proto
moby	12_todano	358		0x003a0d48	0x002a9540	UpdateMoby_358	proto
moby	12_todano	401		0x003a0f00	0x002a9540	UpdateMoby_401	proto
moby	12_todano	500		0x003a1268	0x002a9540	UpdateMoby_500	proto
moby	12_todano	501		0x003a1268	0x002a9540	UpdateMoby_501	proto
moby	12_todano	511		0x003a1268	0x002a9540	UpdateMoby_511	proto
moby	12_todano	512		0x003a1268	0x002a9540	UpdateMoby_512	proto
moby	12_todano	562		0x003a2f38	0x002a9540	UpdateMoby_562	proto
moby	12_todano	607		0x003a31a0	0x002a9540	UpdateMoby_607	proto
moby	12_todano	639		0x003a33c0	0x002a9540	UpdateMoby_639	proto
moby	12_todano	775		0x003a4028	0x002a9540	UpdateMoby_775	proto
moby	12_todano	804		0x003a4078	0x002a9540	UpdateMoby_804	proto
moby	12_todano	805		0x003a4220	0x002a9540	UpdateMoby_805	proto
moby	12_todano	806		0x003a4e48	0x002a9540	UpdateMoby_806	proto
moby	12_todano	832		0x003a6678	0x002a9540	UpdateMoby_832	proto
moby	12_todano	934		0x003a6818	0x002a9540	UpdateMoby_934	proto
moby	12_todano	1060		0x003a6f48	0x002a9540	UpdateMoby_1060	proto
moby	12_todano	1134		0x003a7308	0x002a9540	UpdateMoby_1134	proto
moby	12_todano	1135		0x003a8038	0x002a9540	UpdateMoby_1135	proto
moby	12_todano	1143		0x003a90d8	0x002a9540	UpdateMoby_1143	proto
moby	12_todano	1192		0x00393070	0x002a9540	UpdateMoby_1192	proto
moby	12_todano	1482		0x003a9330	0x002a9540	UpdateMoby_1482	proto
moby	12_todano	1483		0x003ab2e0	0x002a9540	UpdateMoby_1483	proto
moby	12_todano	1486		0x003ac330	0x002a9540	UpdateMoby_1486	proto
moby	12_todano	1487		0x003accd0	0x002a9540	UpdateMoby_1487	proto
moby	12_todano	1489		0x003ad7e8	0x002a9540	UpdateMoby_1489	proto
moby	12_todano	1490		0x003af030	0x002a9540	UpdateMoby_1490	proto
moby	12_todano	1494		0x003b0278	0x002a9540	UpdateMoby_1494	proto
moby	12_todano	1496		0x003b2058	0x002a9540	UpdateMoby_1496	proto
moby	12_todano	1497		0x003b2b08	0x002a9540	UpdateMoby_1497	proto
moby	12_todano	1498		0x003b42c8	0x002a9540	UpdateMoby_1498	proto
moby	12_todano	2001		0x003b5240	0x002a9540	UpdateMoby_2001	proto
moby	12_todano	2078		0x003b5c20	0x002a9540	UpdateMoby_2078	proto
moby	12_todano	2079		0x003b7618	0x002a9540	UpdateMoby_2079	proto
moby	12_todano	2080		0x003b9f88	0x002a9540	UpdateMoby_2080	proto
moby	12_todano	2085		0x003ba8f8	0x002a9540	UpdateMoby_2085	proto
moby	12_todano	2088		0x003bbe78	0x002a9540	UpdateMoby_2088	proto
moby	12_todano	2130		0x003bc168	0x002a9540	UpdateMoby_2130	proto
moby	12_todano	2143		0x003bc370	0x002a9540	UpdateMoby_2143	proto
moby	12_todano	2154		0x003be7d0	0x002a9540	UpdateMoby_2154	proto
moby	12_todano	2160		0x003bebf8	0x002a9540	UpdateMoby_2160	proto
moby	12_todano	2163		0x003bef38	0x002a9540	UpdateMoby_2163	proto
moby	12_todano	2169		0x003beff0	0x002a9540	UpdateMoby_2169	proto
moby	12_todano	2175		0x003bf7d0	0x002a9540	UpdateMoby_2175	proto
moby	12_todano	2180		0x003bc168	0x002a9540	UpdateMoby_2180	proto
moby	12_todano	2189		0x003bf8a0	0x002a9540		
moby	12_todano	2198		0x003c0e68	0x002a9540	UpdateMoby_2198	proto
moby	12_todano	2311		0x003c3cd8	0x002a9540	UpdateMoby_2311	proto
moby	12_todano	2375		0x003c4158	0x002a9540	UpdateMoby_2375	proto
moby	12_todano	2384		0x003c6170	0x002a9540	UpdateMoby_2384	proto
moby	12_todano	2473		0x003c6190	0x002a9540	UpdateMoby_2473	proto
moby	12_todano	2491		0x003c8d40	0x002a9540	UpdateMoby_2491	proto
moby	12_todano	2596		0x003c9470	0x002a9540	UpdateMoby_2596	proto
moby	12_todano	2645		0x003c9508	0x002a9540	UpdateMoby_2645	proto
moby	12_todano	2650		0x003c9580	0x002a9540	UpdateMoby_2650	proto
moby	12_todano	2651		0x003c99d0	0x002a9540	UpdateMoby_2651	proto
moby	12_todano	2652		0x003ca348	0x002a9540	UpdateMoby_2652	proto
moby	12_todano	2653		0x003cc850	0x002a9540	UpdateMoby_2653	proto
moby	12_todano	2657		0x003cede0	0x002a9540	UpdateMoby_2657	proto
moby	12_todano	2661		0x003cf7e0	0x002a9540	UpdateMoby_2661	proto
moby	12_todano	2663		0x003cfa48	0x002a9540	UpdateMoby_2663	proto
moby	12_todano	2690		0x003d0930	0x002a9540	UpdateMoby_2690	proto
moby	12_todano	2715		0x003d16e8	0x002a9540	UpdateMoby_2715	proto
moby	12_todano	2731		0x003d4110	0x002a9540	UpdateMoby_2731	proto
moby	12_todano	2732		0x003d4110	0x002a9540	UpdateMoby_2732	proto
moby	12_todano	2784		0x003d4410	0x002a9540	UpdateMoby_2784	proto
moby	12_todano	2801		0x003d4ee0	0x002a9540	UpdateMoby_2801	proto
moby	12_todano	2806		0x003beff0	0x002a9540	UpdateMoby_2806	proto
moby	12_todano	2812		0x003d6f98	0x002a9540	UpdateMoby_2812	proto
moby	12_todano	2818		0x003d7be0	0x002a9540	UpdateMoby_2818	proto
moby	12_todano	2834		0x003d8670	0x002a9540	UpdateMoby_2834	proto
moby	12_todano	2856		0x003d8678	0x002a9540	UpdateMoby_2856	proto
moby	12_todano	2857		0x003dab48	0x002a9540	UpdateMoby_2857	proto
moby	12_todano	2862		0x003db760	0x002a9540	UpdateMoby_2862	proto
moby	12_todano	2904		0x003dd900	0x002a9540	UpdateMoby_2904	proto
moby	12_todano	3000		0x003df9a0	0x002a9540	UpdateMoby_3000	proto
moby	12_todano	3007		0x003e2460	0x002a9540	UpdateMoby_3007	proto
moby	12_todano	3031		0x003e3f50	0x002a9540	UpdateMoby_3031	proto
moby	12_todano	3032		0x003e54b8	0x002a9540	UpdateMoby_3032	proto
moby	12_todano	3070		0x003e6220	0x002a9540	UpdateMoby_3070	proto
moby	12_todano	3076		0x003e7728	0x002a9540	UpdateMoby_3076	proto
moby	12_todano	3077		0x003e8658	0x002a9540	UpdateMoby_3077	proto
moby	12_todano	3078		0x003e8900	0x002a9540	UpdateMoby_3078	proto
moby	12_todano	3079		0x003eaf80	0x002a9540	UpdateMoby_3079	proto
moby	12_todano	3118		0x003eb470	0x002a9540	UpdateMoby_3118	proto
moby	12_todano	3137		0x003eb6c8	0x002a9540	UpdateMoby_3137	proto
moby	12_todano	3146		0x003ebd08	0x002a9540	UpdateMoby_3146	proto
moby	12_todano	3161		0x003edf88	0x002a9540	UpdateMoby_3161	proto
moby	12_todano	3162		0x003ee4a0	0x002a9540	UpdateMoby_3162	proto
moby	12_todano	3171		0x003ee708	0x002a9540	UpdateMoby_3171	proto
moby	12_todano	3250		0x003ef400	0x002a9540	UpdateMoby_3250	proto
moby	12_todano	3259		0x003f0458	0x002a9540	UpdateMoby_3259	proto
moby	12_todano	3291		0x003d4410	0x002a9540	UpdateMoby_3291	proto
moby	12_todano	3299		0x003f1548	0x002a9540	UpdateMoby_3299	proto
moby	12_todano	3300		0x003f19a8	0x002a9540	UpdateMoby_3300	proto
moby	12_todano	3301		0x003f1f18	0x002a9540	UpdateMoby_3301	proto
moby	12_todano	3303		0x003f3d50	0x002a9540	UpdateMoby_3303	proto
moby	12_todano	3307		0x003f61e8	0x002a9540	UpdateMoby_3307	proto
moby	12_todano	3308		0x003f64d0	0x002a9540	UpdateMoby_3308	proto
moby	12_todano	3310		0x003f67b8	0x002a9540	UpdateMoby_3310	proto
moby	12_todano	3315		0x003f6c58	0x002a9540	UpdateMoby_3315	proto
moby	12_todano	3319		0x003f7910	0x002a9540	UpdateMoby_3319	proto
moby	12_todano	3325		0x003f98f0	0x002a9540	UpdateMoby_3325	proto
moby	12_todano	3329		0x003b2b08	0x002a9540	UpdateMoby_3329	proto
moby	12_todano	3332		0x003fb5b0	0x002a9540	UpdateMoby_3332	proto
moby	12_todano	3406		0x003fc450	0x002a9540	UpdateMoby_3406	proto
moby	12_todano	3422		0x003fec40	0x002a9540	UpdateMoby_3422	proto
moby	12_todano	3430		0x003ff458	0x002a9540	UpdateMoby_3430	proto
moby	12_todano	3484		0x003ff950	0x002a9540	UpdateMoby_3484	proto
moby	12_todano	3521		0x00400490	0x002a9540	UpdateMoby_3521	proto
moby	12_todano	3546		0x00400b98	0x002a9540	UpdateMoby_3546	proto
moby	12_todano	3604		0x00400d28	0x002a9540	UpdateMoby_3604	proto
moby	12_todano	3631		0x004013a8	0x002a9540	UpdateMoby_3631	proto
moby	12_todano	3652		0x00401c40	0x002a9540	UpdateMoby_3652	proto
moby	12_todano	3684		0x00402230	0x002a9540	UpdateMoby_3684	proto
moby	12_todano	3690		0x00402df8	0x002a9540	UpdateMoby_3690	proto
moby	12_todano	3696		0x004032b8	0x002a9540	UpdateMoby_3696	proto
moby	12_todano	3705		0x004033e8	0x002a9540	UpdateMoby_3705	proto
moby	12_todano	3706		0x00406270	0x002a9540	UpdateMoby_3706	proto
moby	12_todano	3709		0x004066d8	0x002a9540	UpdateMoby_3709	proto
moby	12_todano	3716		0x004075e0	0x002a9540	UpdateMoby_3716	proto
moby	12_todano	3742		0x00400d28	0x002a9540	UpdateMoby_3742	proto
moby	12_todano	3749		0x00407de8	0x002a9540	UpdateMoby_3749	proto
moby	12_todano	3754		0x00408bc0	0x002a9540	UpdateMoby_3754	proto
moby	12_todano	3755		0x00409450	0x002a9540	UpdateMoby_3755	proto
moby	12_todano	3757		0x0040a670	0x002a9540	UpdateMoby_3757	proto
moby	12_todano	3760		0x0040cca0	0x002a9540	UpdateMoby_3760	proto
moby	12_todano	3784		0x0040dcc0	0x002a9540	UpdateMoby_3784	proto
moby	12_todano	3790		0x0040e518	0x002a9540	UpdateMoby_3790	proto
moby	12_todano	3799		0x0040f318	0x002a9540	UpdateMoby_3799	proto
moby	12_todano	3800		0x00410898	0x002a9540	UpdateMoby_3800	proto
moby	12_todano	3816		0x004124b0	0x002a9540	UpdateMoby_3816	proto
moby	12_todano	3840		0x00412898	0x002a9540	UpdateMoby_3840	proto
moby	12_todano	3889		0x00415128	0x002a9540	UpdateMoby_3889	proto
moby	12_todano	3945		0x00416390	0x002a9540	UpdateMoby_3945	proto
moby	12_todano	3946		0x004163e8	0x002a9540	UpdateMoby_3946	proto
moby	12_todano	3949		0x00416af8	0x002a9540	UpdateMoby_3949	proto
moby	12_todano	3950		0x00417698	0x002a9540	UpdateMoby_3950	proto
moby	12_todano	3959		0x00417ca0	0x002a9540	UpdateMoby_3959	proto
moby	12_todano	3999		0x00417ca8	0x002a9540	UpdateMoby_3999	proto
moby	12_todano	4000		0x00418c78	0x002a9540		
moby	12_todano	4005		0x004190a8	0x002a9540	UpdateMoby_4005	proto
moby	12_todano	4011		0x0041a790	0x002a9540	UpdateMoby_4011	proto
moby	12_todano	4014		0x0041b2a8	0x002a9540	UpdateMoby_4014	proto
moby	12_todano	4016		0x0041c918	0x002a9540	UpdateMoby_4016	proto
moby	12_todano	4020		0x003e0bf0	0x002a9540	UpdateMoby_4020	proto
moby	12_todano	4024		0x0041cf10	0x002a9540	UpdateMoby_4024	proto
moby	12_todano	4025		0x0041d3b0	0x002a9540	UpdateMoby_4025	proto
moby	12_todano	4028		0x0041d808	0x002a9540	UpdateMoby_4028	proto
moby	12_todano	4036		0x0041dda8	0x002a9540	UpdateMoby_4036	proto
moby	12_todano	4037		0x0041dda8	0x002a9540	UpdateMoby_4037	proto
moby	12_todano	4038		0x0041e3e8	0x002a9540	UpdateMoby_4038	proto
moby	12_todano	4039		0x0041e3e8	0x002a9540	UpdateMoby_4039	proto
moby	12_todano	4040		0x0041e3e8	0x002a9540	UpdateMoby_4040	proto
moby	12_todano	4056		0x0041ea18	0x002a9540	UpdateMoby_4056	proto
moby	12_todano	4057		0x0041edb8	0x002a9540	UpdateMoby_4057	proto
moby	12_todano	4076		0x00419e40	0x002a9540	UpdateMoby_4076	proto
moby	12_todano	4086		0x003ff458	0x002a9540	UpdateMoby_4086	proto
moby	12_todano	4100		0x0041efe0	0x002a9540	UpdateMoby_4100	proto
moby	12_todano	4308		0x00420658	0x002a9540	UpdateMoby_4308	proto
moby	12_todano	4309		0x00420658	0x002a9540	UpdateMoby_4309	proto
moby	12_todano	4310		0x00420658	0x002a9540	UpdateMoby_4310	proto
moby	12_todano	4311		0x00420658	0x002a9540	UpdateMoby_4311	proto
moby	12_todano	4312		0x00420658	0x002a9540	UpdateMoby_4312	proto
moby	12_todano	4313		0x00420658	0x002a9540	UpdateMoby_4313	proto
moby	12_todano	4314		0x00420658	0x002a9540	UpdateMoby_4314	proto
moby	12_todano	4315		0x00420658	0x002a9540	UpdateMoby_4315	proto
moby	12_todano	4316		0x00420658	0x002a9540	UpdateMoby_4316	proto
moby	12_todano	4317		0x00420658	0x002a9540	UpdateMoby_4317	proto
moby	12_todano	4318		0x00420658	0x002a9540	UpdateMoby_4318	proto
moby	12_todano	4319		0x00420658	0x002a9540	UpdateMoby_4319	proto
moby	12_todano	4320		0x00420658	0x002a9540	UpdateMoby_4320	proto
moby	12_todano	4321		0x00420658	0x002a9540	UpdateMoby_4321	proto
moby	12_todano	4325		0x00420658	0x002a9540	UpdateMoby_4325	proto
moby	12_todano	4361		0x00420668	0x002a9540	UpdateMoby_4361	proto
moby	12_todano	4364		0x00420838	0x002a9540		
moby	12_todano	4371		0x00420b78	0x002a9540	UpdateMoby_4371	proto
moby	12_todano	4372		0x00421110	0x002a9540		
moby	12_todano	4402		0x004212c0	0x002a9540	UpdateMoby_4402	proto
moby	12_todano	4406		0x004215a8	0x002a9540	UpdateMoby_4406	proto
moby	12_todano	4407		0x004236e8	0x002a9540	UpdateMoby_4407	proto
moby	12_todano	4427		0x00424010	0x002a9540	UpdateMoby_4427	proto
moby	12_todano	4447		0x00424078	0x002a9540	UpdateMoby_4447	proto
moby	12_todano	4457		0x00424370	0x002a9540	UpdateMoby_4457	proto
moby	12_todano	4475		0x004254a8	0x002a9540	UpdateMoby_4475	proto
moby	12_todano	4498		0x003ca348	0x002a9540	UpdateMoby_4498	proto
moby	12_todano	4501		0x00425640	0x002a9540	UpdateMoby_4501	proto
moby	12_todano	4548		0x00426538	0x002a9540	UpdateMoby_4548	proto
moby	12_todano	4587		0x00426c08	0x002a9540		
moby	12_todano	4769		0x004284a0	0x002a9540		
moby	12_todano	4785		0x004285a8	0x002a9540		
moby	12_todano	4794		0x00429a50	0x002a9540		
moby	12_todano	5020		0x0042aa70	0x002a9540	UpdateMoby_5020	proto
moby	12_todano	5021		0x0042c158	0x002a9540	UpdateMoby_5021	proto
moby	12_todano	5022		0x0042d7c8	0x002a9540	UpdateMoby_5022	proto
moby	12_todano	5023		0x0042f148	0x002a9540	UpdateMoby_5023	proto
moby	12_todano	5024		0x003f9fe8	0x002a9540	UpdateMoby_5024	proto
moby	12_todano	1086		0x0042fcf0	0x002a9540	UpdateMoby_1086	proto
moby	12_todano	1481		0x0042fdb8	0x002a9540	UpdateMoby_1481	proto
moby	12_todano	2170		0x00432ca0	0x002a9540	UpdateMoby_2170	proto
moby	12_todano	3209		0x00434f78	0x002a9540	UpdateMoby_3209	proto
cam	12_todano	0	InitCamera	0x0043c4f0		InitCamera_0	proto
cam	12_todano	0	ActivateCamera	0x00439518		ActivateCamera_0	proto
cam	12_todano	0	UpdateCamera	0x0043c4f8		UpdateCamera_0	proto
cam	12_todano	0	ExitCamera	0x0043c5b8		ExitCamera_0	proto
cam	12_todano	4	InitCamera	0x0043cdb8		InitCamera_4	proto
cam	12_todano	4	ActivateCamera	0x0043d148		ActivateCamera_4	proto
cam	12_todano	4	UpdateCamera	0x0043c828		UpdateCamera_4	proto
cam	12_todano	4	ExitCamera	0x0043d200		ExitCamera_4	proto
cam	12_todano	5	InitCamera	0x0043dc18		InitCamera_5	proto
cam	12_todano	5	ActivateCamera	0x0043d768		ActivateCamera_5	proto
cam	12_todano	5	UpdateCamera	0x0043dc20		UpdateCamera_5	proto
cam	12_todano	5	ExitCamera	0x0043dc78		ExitCamera_5	proto
cam	12_todano	6	InitCamera	0x0043e5e8		InitCamera_6	proto
cam	12_todano	6	ActivateCamera	0x0043e5f0		ActivateCamera_6	proto
cam	12_todano	6	UpdateCamera	0x0043e6a0		UpdateCamera_6	proto
cam	12_todano	6	ExitCamera	0x0043e6c0		ExitCamera_6	proto
cam	12_todano	7	InitCamera	0x0043f038		InitCamera_7	proto
cam	12_todano	7	ActivateCamera	0x0043e6c8		ActivateCamera_7	proto
cam	12_todano	7	UpdateCamera	0x0043f040		UpdateCamera_7	proto
cam	12_todano	7	ExitCamera	0x0043f128		ExitCamera_7	proto
cam	12_todano	17	InitCamera	0x0043fb60		InitCamera_17	proto
cam	12_todano	17	ActivateCamera	0x0043fc60		ActivateCamera_17	proto
cam	12_todano	17	UpdateCamera	0x0043fc68		UpdateCamera_17	proto
cam	12_todano	17	ExitCamera	0x0043fc70		ExitCamera_17	proto
cam	12_todano	19	InitCamera	0x004407d8		InitCamera_19	proto
cam	12_todano	19	ActivateCamera	0x0043fd60		ActivateCamera_19	proto
cam	12_todano	19	UpdateCamera	0x00440128		UpdateCamera_19	proto
cam	12_todano	19	ExitCamera	0x004408a0		ExitCamera_19	proto
cam	12_todano	23	InitCamera	0x00441020		InitCamera_23	proto
cam	12_todano	23	ActivateCamera	0x004410a8		ActivateCamera_23	proto
cam	12_todano	23	UpdateCamera	0x004410b0		UpdateCamera_23	proto
cam	12_todano	23	ExitCamera	0x004410b8		ExitCamera_23	proto
cam	12_todano	27	InitCamera	0x00441700		InitCamera_27	proto
cam	12_todano	27	ActivateCamera	0x004410e0		ActivateCamera_27	proto
cam	12_todano	27	UpdateCamera	0x00441258		UpdateCamera_27	proto
cam	12_todano	27	ExitCamera	0x00441708		ExitCamera_27	proto
snd	12_todano	3	UpdateSound	0x004417d8		UpdateSound_3	proto
moby	13_boldan	2		0x0038a480	0x002ae940	UpdateMoby_2	proto
moby	13_boldan	14		0x0038a488	0x002ae940	UpdateMoby_14	proto
moby	13_boldan	1007		0x0038bfc0	0x002ae940	UpdateMoby_1007	proto
moby	13_boldan	1039		0x0038c1b8	0x002ae940		
moby	13_boldan	3872		0x0038c328	0x002ae940		
moby	13_boldan	4810		0x0038c3d8	0x002ae940		
moby	13_boldan	4845		0x0038c470	0x002ae940		
moby	13_boldan	4853		0x0038c558	0x002ae940		
moby	13_boldan	4874		0x0038c578	0x002ae940		
moby	13_boldan	4875		0x0038c718	0x002ae940		
moby	13_boldan	4877		0x0038c810	0x002ae940		
moby	13_boldan	4879		0x0038ca20	0x002ae940		
moby	13_boldan	4917		0x0038cb68	0x002ae940		
moby	13_boldan	4959		0x0038e348	0x002ae940		
moby	13_boldan	4966		0x0038faf0	0x002ae940		
moby	13_boldan	4967		0x00392598	0x002ae940		
moby	13_boldan	11		0x003948e8	0x002ae940	UpdateMoby_11	proto
moby	13_boldan	13		0x0038a488	0x002ae940	UpdateMoby_13	proto
moby	13_boldan	15		0x0038a488	0x002ae940	UpdateMoby_15	proto
moby	13_boldan	16		0x0038a488	0x002ae940	UpdateMoby_16	proto
moby	13_boldan	17		0x0038a488	0x002ae940	UpdateMoby_17	proto
moby	13_boldan	18		0x0038a488	0x002ae940	UpdateMoby_18	proto
moby	13_boldan	19		0x0038a488	0x002ae940	UpdateMoby_19	proto
moby	13_boldan	71		0x00395dc8	0x002ae940	UpdateMoby_71	proto
moby	13_boldan	112		0x00397218	0x002ae940	UpdateMoby_112	proto
moby	13_boldan	121		0x00397318	0x002ae940	UpdateMoby_121	proto
moby	13_boldan	122		0x003994a0	0x002ae940	UpdateMoby_122	proto
moby	13_boldan	163		0x00399768	0x002ae940	UpdateMoby_163	proto
moby	13_boldan	166		0x00399af8	0x002ae940	UpdateMoby_166	proto
moby	13_boldan	167		0x0039a848	0x002ae940	UpdateMoby_167	proto
moby	13_boldan	172		0x0039b778	0x002ae940	UpdateMoby_172	proto
moby	13_boldan	177		0x0039c3e0	0x002ae940	UpdateMoby_177	proto
moby	13_boldan	179		0x0039f190	0x002ae940	UpdateMoby_179	proto
moby	13_boldan	180		0x0039f2d8	0x002ae940	UpdateMoby_180	proto
moby	13_boldan	188		0x003a0138	0x002ae940	UpdateMoby_188	proto
moby	13_boldan	192		0x003a1d10	0x002ae940	UpdateMoby_192	proto
moby	13_boldan	203		0x003a2000	0x002ae940	UpdateMoby_203	proto
moby	13_boldan	208		0x003a3308	0x002ae940	UpdateMoby_208	proto
moby	13_boldan	209		0x003a4598	0x002ae940	UpdateMoby_209	proto
moby	13_boldan	258		0x003a4a78	0x002ae940	UpdateMoby_258	proto
moby	13_boldan	357		0x003a4c88	0x002ae940	UpdateMoby_357	proto
moby	13_boldan	358		0x003a4e98	0x002ae940	UpdateMoby_358	proto
moby	13_boldan	500		0x003a5050	0x002ae940	UpdateMoby_500	proto
moby	13_boldan	501		0x003a5050	0x002ae940	UpdateMoby_501	proto
moby	13_boldan	505		0x003a5050	0x002ae940	UpdateMoby_505	proto
moby	13_boldan	511		0x003a5050	0x002ae940	UpdateMoby_511	proto
moby	13_boldan	512		0x003a5050	0x002ae940	UpdateMoby_512	proto
moby	13_boldan	562		0x003a6d20	0x002ae940	UpdateMoby_562	proto
moby	13_boldan	607		0x003a6f88	0x002ae940	UpdateMoby_607	proto
moby	13_boldan	639		0x003a71a8	0x002ae940	UpdateMoby_639	proto
moby	13_boldan	758		0x003a7d68	0x002ae940	UpdateMoby_758	proto
moby	13_boldan	775		0x003a80e0	0x002ae940	UpdateMoby_775	proto
moby	13_boldan	794		0x003a8428	0x002ae940	UpdateMoby_794	proto
moby	13_boldan	803		0x003a7d68	0x002ae940	UpdateMoby_803	proto
moby	13_boldan	804		0x003a8860	0x002ae940	UpdateMoby_804	proto
moby	13_boldan	805		0x003a8a08	0x002ae940	UpdateMoby_805	proto
moby	13_boldan	806		0x003a9630	0x002ae940	UpdateMoby_806	proto
moby	13_boldan	816		0x003aaeb8	0x002ae940	UpdateMoby_816	proto
moby	13_boldan	832		0x003ac218	0x002ae940	UpdateMoby_832	proto
moby	13_boldan	1067		0x003ac3b8	0x002ae940	UpdateMoby_1067	proto
moby	13_boldan	1073		0x003accc0	0x002ae940	UpdateMoby_1073	proto
moby	13_boldan	1134		0x003ad320	0x002ae940	UpdateMoby_1134	proto
moby	13_boldan	1143		0x003adf88	0x002ae940	UpdateMoby_1143	proto
moby	13_boldan	1192		0x00397218	0x002ae940	UpdateMoby_1192	proto
moby	13_boldan	1482		0x003ae1e0	0x002ae940	UpdateMoby_1482	proto
moby	13_boldan	1483		0x003b0190	0x002ae940	UpdateMoby_1483	proto
moby	13_boldan	1486		0x003b11e0	0x002ae940	UpdateMoby_1486	proto
moby	13_boldan	1487		0x003b1b80	0x002ae940	UpdateMoby_1487	proto
moby	13_boldan	1489		0x003b2698	0x002ae940	UpdateMoby_1489	proto
moby	13_boldan	1490		0x003b3ee0	0x002ae940	UpdateMoby_1490	proto
moby	13_boldan	1494		0x003b5128	0x002ae940	UpdateMoby_1494	proto
moby	13_boldan	1496		0x003b6f08	0x002ae940	UpdateMoby_1496	proto
moby	13_boldan	1497		0x003b79b8	0x002ae940	UpdateMoby_1497	proto
moby	13_boldan	1498		0x003b9178	0x002ae940	UpdateMoby_1498	proto
moby	13_boldan	2078		0x003ba1b8	0x002ae940	UpdateMoby_2078	proto
moby	13_boldan	2079		0x003bbbb0	0x002ae940	UpdateMoby_2079	proto
moby	13_boldan	2080		0x003be520	0x002ae940	UpdateMoby_2080	proto
moby	13_boldan	2085		0x003bee90	0x002ae940	UpdateMoby_2085	proto
moby	13_boldan	2088		0x003c0410	0x002ae940	UpdateMoby_2088	proto
moby	13_boldan	2143		0x003c0708	0x002ae940	UpdateMoby_2143	proto
moby	13_boldan	2160		0x003c2b68	0x002ae940	UpdateMoby_2160	proto
moby	13_boldan	2169		0x003c2ea8	0x002ae940	UpdateMoby_2169	proto
moby	13_boldan	2189		0x003c3688	0x002ae940		
moby	13_boldan	2208		0x003c4c50	0x002ae940	UpdateMoby_2208	proto
moby	13_boldan	2209		0x003c5560	0x002ae940	UpdateMoby_2209	proto
moby	13_boldan	2274		0x003c5910	0x002ae940	UpdateMoby_2274	proto
moby	13_boldan	2311		0x003c5ad0	0x002ae940	UpdateMoby_2311	proto
moby	13_boldan	2366		0x003c6b10	0x002ae940	UpdateMoby_2366	proto
moby	13_boldan	2384		0x003c88b8	0x002ae940	UpdateMoby_2384	proto
moby	13_boldan	2473		0x003c88d8	0x002ae940	UpdateMoby_2473	proto
moby	13_boldan	2480		0x003cb488	0x002ae940	UpdateMoby_2480	proto
moby	13_boldan	2487		0x003cb488	0x002ae940	UpdateMoby_2487	proto
moby	13_boldan	2491		0x003ce488	0x002ae940	UpdateMoby_2491	proto
moby	13_boldan	2650		0x003cebb8	0x002ae940	UpdateMoby_2650	proto
moby	13_boldan	2651		0x003cf008	0x002ae940	UpdateMoby_2651	proto
moby	13_boldan	2652		0x003cf980	0x002ae940	UpdateMoby_2652	proto
moby	13_boldan	2653		0x003d1e88	0x002ae940	UpdateMoby_2653	proto
moby	13_boldan	2661		0x003d4418	0x002ae940	UpdateMoby_2661	proto
moby	13_boldan	2663		0x003d4680	0x002ae940	UpdateMoby_2663	proto
moby	13_boldan	2690		0x003d5568	0x002ae940	UpdateMoby_2690	proto
moby	13_boldan	2715		0x003d6320	0x002ae940	UpdateMoby_2715	proto
moby	13_boldan	2784		0x003d8d48	0x002ae940	UpdateMoby_2784	proto
moby	13_boldan	2801		0x003d9818	0x002ae940	UpdateMoby_2801	proto
moby	13_boldan	2806		0x003c2ea8	0x002ae940	UpdateMoby_2806	proto
moby	13_boldan	2818		0x003dc510	0x002ae940	UpdateMoby_2818	proto
moby	13_boldan	2835		0x003cb488	0x002ae940	UpdateMoby_2835	proto
moby	13_boldan	2837		0x003cb488	0x002ae940	UpdateMoby_2837	proto
moby	13_boldan	2862		0x003dd010	0x002ae940	UpdateMoby_2862	proto
moby	13_boldan	2904		0x003df1b0	0x002ae940	UpdateMoby_2904	proto
moby	13_boldan	2907		0x003e1218	0x002ae940	UpdateMoby_2907	proto
moby	13_boldan	2908		0x003e1250	0x002ae940	UpdateMoby_2908	proto
moby	13_boldan	2913		0x003e1288	0x002ae940	UpdateMoby_2913	proto
moby	13_boldan	2919		0x003e12c0	0x002ae940	UpdateMoby_2919	proto
moby	13_boldan	2920		0x003e12f8	0x002ae940	UpdateMoby_2920	proto
moby	13_boldan	3031		0x003e1330	0x002ae940	UpdateMoby_3031	proto
moby	13_boldan	3032		0x003e2898	0x002ae940	UpdateMoby_3032	proto
moby	13_boldan	3070		0x003e3600	0x002ae940	UpdateMoby_3070	proto
moby	13_boldan	3076		0x003e4b08	0x002ae940	UpdateMoby_3076	proto
moby	13_boldan	3077		0x003e5a38	0x002ae940	UpdateMoby_3077	proto
moby	13_boldan	3078		0x003e5ce0	0x002ae940	UpdateMoby_3078	proto
moby	13_boldan	3079		0x003e8360	0x002ae940	UpdateMoby_3079	proto
moby	13_boldan	3119		0x003e8850	0x002ae940	UpdateMoby_3119	proto
moby	13_boldan	3137		0x003e8a08	0x002ae940	UpdateMoby_3137	proto
moby	13_boldan	3146		0x003e9048	0x002ae940	UpdateMoby_3146	proto
moby	13_boldan	3161		0x003eb2c8	0x002ae940	UpdateMoby_3161	proto
moby	13_boldan	3162		0x003eb7e0	0x002ae940	UpdateMoby_3162	proto
moby	13_boldan	3168		0x003eba48	0x002ae940	UpdateMoby_3168	proto
moby	13_boldan	3169		0x003ecb78	0x002ae940	UpdateMoby_3169	proto
moby	13_boldan	3171		0x003ecb80	0x002ae940	UpdateMoby_3171	proto
moby	13_boldan	3206		0x003ecd48	0x002ae940	UpdateMoby_3206	proto
moby	13_boldan	3207		0x003ecea8	0x002ae940	UpdateMoby_3207	proto
moby	13_boldan	3250		0x003edc10	0x002ae940	UpdateMoby_3250	proto
moby	13_boldan	3259		0x003eec68	0x002ae940	UpdateMoby_3259	proto
moby	13_boldan	3288		0x003efd58	0x002ae940	UpdateMoby_3288	proto
moby	13_boldan	3291		0x003d8d48	0x002ae940	UpdateMoby_3291	proto
moby	13_boldan	3299		0x003efec8	0x002ae940	UpdateMoby_3299	proto
moby	13_boldan	3300		0x003f0328	0x002ae940	UpdateMoby_3300	proto
moby	13_boldan	3301		0x003f0898	0x002ae940	UpdateMoby_3301	proto
moby	13_boldan	3303		0x003f26d0	0x002ae940	UpdateMoby_3303	proto
moby	13_boldan	3305		0x003f4b68	0x002ae940	UpdateMoby_3305	proto
moby	13_boldan	3307		0x003f51a8	0x002ae940	UpdateMoby_3307	proto
moby	13_boldan	3308		0x003f5490	0x002ae940	UpdateMoby_3308	proto
moby	13_boldan	3310		0x003f5778	0x002ae940	UpdateMoby_3310	proto
moby	13_boldan	3315		0x003f5c18	0x002ae940	UpdateMoby_3315	proto
moby	13_boldan	3319		0x003f68d0	0x002ae940	UpdateMoby_3319	proto
moby	13_boldan	3325		0x003f88b0	0x002ae940	UpdateMoby_3325	proto
moby	13_boldan	3329		0x003b79b8	0x002ae940	UpdateMoby_3329	proto
moby	13_boldan	3332		0x003fa570	0x002ae940	UpdateMoby_3332	proto
moby	13_boldan	3372		0x003cb488	0x002ae940	UpdateMoby_3372	proto
moby	13_boldan	3406		0x003fb410	0x002ae940	UpdateMoby_3406	proto
moby	13_boldan	3412		0x003fdae0	0x002ae940		
moby	13_boldan	3422		0x003fdc08	0x002ae940	UpdateMoby_3422	proto
moby	13_boldan	3429		0x003fe420	0x002ae940	UpdateMoby_3429	proto
moby	13_boldan	3477		0x003fe708	0x002ae940	UpdateMoby_3477	proto
moby	13_boldan	3479		0x003fe970	0x002ae940	UpdateMoby_3479	proto
moby	13_boldan	3484		0x003fed08	0x002ae940	UpdateMoby_3484	proto
moby	13_boldan	3521		0x003ff848	0x002ae940	UpdateMoby_3521	proto
moby	13_boldan	3546		0x003fff50	0x002ae940	UpdateMoby_3546	proto
moby	13_boldan	3548		0x004000e0	0x002ae940	UpdateMoby_3548	proto
moby	13_boldan	3597		0x00400620	0x002ae940	UpdateMoby_3597	proto
moby	13_boldan	3604		0x004008e8	0x002ae940	UpdateMoby_3604	proto
moby	13_boldan	3631		0x00400f68	0x002ae940	UpdateMoby_3631	proto
moby	13_boldan	3684		0x00401940	0x002ae940	UpdateMoby_3684	proto
moby	13_boldan	3696		0x00402510	0x002ae940	UpdateMoby_3696	proto
moby	13_boldan	3705		0x00402640	0x002ae940	UpdateMoby_3705	proto
moby	13_boldan	3706		0x00405488	0x002ae940	UpdateMoby_3706	proto
moby	13_boldan	3709		0x004058f0	0x002ae940	UpdateMoby_3709	proto
moby	13_boldan	3741		0x004067f8	0x002ae940	UpdateMoby_3741	proto
moby	13_boldan	3742		0x004008e8	0x002ae940	UpdateMoby_3742	proto
moby	13_boldan	3743		0x00406e18	0x002ae940	UpdateMoby_3743	proto
moby	13_boldan	3744		0x00406e20	0x002ae940	UpdateMoby_3744	proto
moby	13_boldan	3745		0x00406e28	0x002ae940	UpdateMoby_3745	proto
moby	13_boldan	3747		0x00406f18	0x002ae940	UpdateMoby_3747	proto
moby	13_boldan	3748		0x0040a720	0x002ae940	UpdateMoby_3748	proto
moby	13_boldan	3749		0x0040cb58	0x002ae940	UpdateMoby_3749	proto
moby	13_boldan	3751		0x0040d930	0x002ae940	UpdateMoby_3751	proto
moby	13_boldan	3754		0x0040e668	0x002ae940	UpdateMoby_3754	proto
moby	13_boldan	3755		0x0040eef8	0x002ae940	UpdateMoby_3755	proto
moby	13_boldan	3757		0x00410118	0x002ae940	UpdateMoby_3757	proto
moby	13_boldan	3758		0x00412a40	0x002ae940	UpdateMoby_3758	proto
moby	13_boldan	3760		0x00413da8	0x002ae940	UpdateMoby_3760	proto
moby	13_boldan	3784		0x00414dc8	0x002ae940	UpdateMoby_3784	proto
moby	13_boldan	3790		0x00415620	0x002ae940	UpdateMoby_3790	proto
moby	13_boldan	3799		0x00416420	0x002ae940	UpdateMoby_3799	proto
moby	13_boldan	3800		0x004179a0	0x002ae940	UpdateMoby_3800	proto
moby	13_boldan	3808		0x004195b8	0x002ae940	UpdateMoby_3808	proto
moby	13_boldan	3815		0x0041a398	0x002ae940	UpdateMoby_3815	proto
moby	13_boldan	3834		0x0041b260	0x002ae940	UpdateMoby_3834	proto
moby	13_boldan	3836		0x0041b2d8	0x002ae940	UpdateMoby_3836	proto
moby	13_boldan	3921		0x0041b670	0x002ae940	UpdateMoby_3921	proto
moby	13_boldan	3925		0x0041bda8	0x002ae940	UpdateMoby_3925	proto
moby	13_boldan	3949		0x0041c180	0x002ae940	UpdateMoby_3949	proto
moby	13_boldan	3950		0x0041cd20	0x002ae940	UpdateMoby_3950	proto
moby	13_boldan	4000		0x0041d328	0x002ae940		
moby	13_boldan	4016		0x0041d3d0	0x002ae940	UpdateMoby_4016	proto
moby	13_boldan	4076		0x0041d9c8	0x002ae940	UpdateMoby_4076	proto
moby	13_boldan	4100		0x0041e238	0x002ae940	UpdateMoby_4100	proto
moby	13_boldan	4308		0x0041f8b0	0x002ae940	UpdateMoby_4308	proto
moby	13_boldan	4309		0x0041f8b0	0x002ae940	UpdateMoby_4309	proto
moby	13_boldan	4310		0x0041f8b0	0x002ae940	UpdateMoby_4310	proto
moby	13_boldan	4311		0x0041f8b0	0x002ae940	UpdateMoby_4311	proto
moby	13_boldan	4312		0x0041f8b0	0x002ae940	UpdateMoby_4312	proto
moby	13_boldan	4313		0x0041f8b0	0x002ae940	UpdateMoby_4313	proto
moby	13_boldan	4314		0x0041f8b0	0x002ae940	UpdateMoby_4314	proto
moby	13_boldan	4315		0x0041f8b0	0x002ae940	UpdateMoby_4315	proto
moby	13_boldan	4316		0x0041f8b0	0x002ae940	UpdateMoby_4316	proto
moby	13_boldan	4317		0x0041f8b0	0x002ae940	UpdateMoby_4317	proto
moby	13_boldan	4318		0x0041f8b0	0x002ae940	UpdateMoby_4318	proto
moby	13_boldan	4319		0x0041f8b0	0x002ae940	UpdateMoby_4319	proto
moby	13_boldan	4320		0x0041f8b0	0x002ae940	UpdateMoby_4320	proto
moby	13_boldan	4321		0x0041f8b0	0x002ae940	UpdateMoby_4321	proto
moby	13_boldan	4325		0x0041f8b0	0x002ae940	UpdateMoby_4325	proto
moby	13_boldan	4398		0x0041f8c0	0x002ae940	UpdateMoby_4398	proto
moby	13_boldan	4406		0x00420250	0x002ae940	UpdateMoby_4406	proto
moby	13_boldan	4407		0x00422390	0x002ae940	UpdateMoby_4407	proto
moby	13_boldan	4432		0x00422cb8	0x002ae940	UpdateMoby_4432	proto
moby	13_boldan	4461		0x004230b0	0x002ae940	UpdateMoby_4461	proto
moby	13_boldan	4498		0x003cf980	0x002ae940	UpdateMoby_4498	proto
moby	13_boldan	4501		0x00423830	0x002ae940	UpdateMoby_4501	proto
moby	13_boldan	4528		0x00424728	0x002ae940	UpdateMoby_4528	proto
moby	13_boldan	4548		0x00424848	0x002ae940	UpdateMoby_4548	proto
moby	13_boldan	4587		0x00424f18	0x002ae940		
moby	13_boldan	4645		0x004267b0	0x002ae940	UpdateMoby_4645	proto
moby	13_boldan	4666		0x00426820	0x002ae940	UpdateMoby_4666	proto
moby	13_boldan	5020		0x00426be8	0x002ae940	UpdateMoby_5020	proto
moby	13_boldan	5021		0x004282d0	0x002ae940	UpdateMoby_5021	proto
moby	13_boldan	5022		0x00429940	0x002ae940	UpdateMoby_5022	proto
moby	13_boldan	5023		0x0042b2c0	0x002ae940	UpdateMoby_5023	proto
moby	13_boldan	5024		0x003f8fa8	0x002ae940	UpdateMoby_5024	proto
moby	13_boldan	3489		0x0042be68	0x002ae940	UpdateMoby_3489	proto
moby	13_boldan	3491		0x0042be90	0x002ae940	UpdateMoby_3491	proto
moby	13_boldan	3537		0x0042beb8	0x002ae940	UpdateMoby_3537	proto
moby	13_boldan	3826		0x0042bee0	0x002ae940	UpdateMoby_3826	proto
moby	13_boldan	4353		0x0042bfd0	0x002ae940	UpdateMoby_4353	proto
moby	13_boldan	4412		0x0042bfd8	0x002ae940	UpdateMoby_4412	proto
moby	13_boldan	1481		0x0042c0c0	0x002ae940	UpdateMoby_1481	proto
moby	13_boldan	2170		0x0042efa8	0x002ae940	UpdateMoby_2170	proto
moby	13_boldan	3209		0x00431280	0x002ae940	UpdateMoby_3209	proto
cam	13_boldan	0	InitCamera	0x004387f8		InitCamera_0	proto
cam	13_boldan	0	ActivateCamera	0x00435820		ActivateCamera_0	proto
cam	13_boldan	0	UpdateCamera	0x00438800		UpdateCamera_0	proto
cam	13_boldan	0	ExitCamera	0x004388c0		ExitCamera_0	proto
cam	13_boldan	3	InitCamera	0x00439818		InitCamera_3	proto
cam	13_boldan	3	ActivateCamera	0x00439820		ActivateCamera_3	proto
cam	13_boldan	3	UpdateCamera	0x00438d88		UpdateCamera_3	proto
cam	13_boldan	3	ExitCamera	0x00439a70		ExitCamera_3	proto
cam	13_boldan	4	InitCamera	0x0043a2d8		InitCamera_4	proto
cam	13_boldan	4	ActivateCamera	0x0043a668		ActivateCamera_4	proto
cam	13_boldan	4	UpdateCamera	0x00439d48		UpdateCamera_4	proto
cam	13_boldan	4	ExitCamera	0x0043a720		ExitCamera_4	proto
cam	13_boldan	5	InitCamera	0x0043b138		InitCamera_5	proto
cam	13_boldan	5	ActivateCamera	0x0043ac88		ActivateCamera_5	proto
cam	13_boldan	5	UpdateCamera	0x0043b140		UpdateCamera_5	proto
cam	13_boldan	5	ExitCamera	0x0043b198		ExitCamera_5	proto
cam	13_boldan	6	InitCamera	0x0043bb08		InitCamera_6	proto
cam	13_boldan	6	ActivateCamera	0x0043bb10		ActivateCamera_6	proto
cam	13_boldan	6	UpdateCamera	0x0043bbc0		UpdateCamera_6	proto
cam	13_boldan	6	ExitCamera	0x0043bbe0		ExitCamera_6	proto
cam	13_boldan	7	InitCamera	0x0043c830		InitCamera_7	proto
cam	13_boldan	7	ActivateCamera	0x0043bbe8		ActivateCamera_7	proto
cam	13_boldan	7	UpdateCamera	0x0043c838		UpdateCamera_7	proto
cam	13_boldan	7	ExitCamera	0x0043c920		ExitCamera_7	proto
cam	13_boldan	17	InitCamera	0x0043d358		InitCamera_17	proto
cam	13_boldan	17	ActivateCamera	0x0043d458		ActivateCamera_17	proto
cam	13_boldan	17	UpdateCamera	0x0043d460		UpdateCamera_17	proto
cam	13_boldan	17	ExitCamera	0x0043d468		ExitCamera_17	proto
cam	13_boldan	19	InitCamera	0x0043dff0		InitCamera_19	proto
cam	13_boldan	19	ActivateCamera	0x0043d578		ActivateCamera_19	proto
cam	13_boldan	19	UpdateCamera	0x0043d940		UpdateCamera_19	proto
cam	13_boldan	19	ExitCamera	0x0043e0b8		ExitCamera_19	proto
cam	13_boldan	23	InitCamera	0x0043e838		InitCamera_23	proto
cam	13_boldan	23	ActivateCamera	0x0043e8c0		ActivateCamera_23	proto
cam	13_boldan	23	UpdateCamera	0x0043e8c8		UpdateCamera_23	proto
cam	13_boldan	23	ExitCamera	0x0043e8d0		ExitCamera_23	proto
cam	13_boldan	27	InitCamera	0x0043ef18		InitCamera_27	proto
cam	13_boldan	27	ActivateCamera	0x0043e8f8		ActivateCamera_27	proto
cam	13_boldan	27	UpdateCamera	0x0043ea70		UpdateCamera_27	proto
cam	13_boldan	27	ExitCamera	0x0043ef20		ExitCamera_27	proto
snd	13_boldan	1	UpdateSound	0x0043eff0		UpdateSound_1	proto
moby	14_aranos_prison	2		0x0038b2d0	0x002ab128	UpdateMoby_2	proto
moby	14_aranos_prison	14		0x0038b2d8	0x002ab128	UpdateMoby_14	proto
moby	14_aranos_prison	1007		0x0038ce10	0x002ab128	UpdateMoby_1007	proto
moby	14_aranos_prison	1039		0x0038d008	0x002ab128		
moby	14_aranos_prison	4853		0x0038d178	0x002ab128		
moby	14_aranos_prison	4858		0x0038d198	0x002ab128		
moby	14_aranos_prison	4909		0x0038d370	0x002ab128		
moby	14_aranos_prison	4917		0x0038db88	0x002ab128		
moby	14_aranos_prison	4959		0x0038f368	0x002ab128		
moby	14_aranos_prison	4966		0x003922b0	0x002ab128		
moby	14_aranos_prison	4967		0x00394d58	0x002ab128		
moby	14_aranos_prison	11		0x003970a8	0x002ab128	UpdateMoby_11	proto
moby	14_aranos_prison	13		0x0038b2d8	0x002ab128	UpdateMoby_13	proto
moby	14_aranos_prison	15		0x0038b2d8	0x002ab128	UpdateMoby_15	proto
moby	14_aranos_prison	16		0x0038b2d8	0x002ab128	UpdateMoby_16	proto
moby	14_aranos_prison	17		0x0038b2d8	0x002ab128	UpdateMoby_17	proto
moby	14_aranos_prison	18		0x0038b2d8	0x002ab128	UpdateMoby_18	proto
moby	14_aranos_prison	19		0x0038b2d8	0x002ab128	UpdateMoby_19	proto
moby	14_aranos_prison	71		0x00398588	0x002ab128	UpdateMoby_71	proto
moby	14_aranos_prison	87		0x00399818	0x002ab128	UpdateMoby_87	proto
moby	14_aranos_prison	112		0x00399a40	0x002ab128	UpdateMoby_112	proto
moby	14_aranos_prison	121		0x00399b40	0x002ab128	UpdateMoby_121	proto
moby	14_aranos_prison	122		0x0039bcc8	0x002ab128	UpdateMoby_122	proto
moby	14_aranos_prison	163		0x0039bf90	0x002ab128	UpdateMoby_163	proto
moby	14_aranos_prison	166		0x0039c320	0x002ab128	UpdateMoby_166	proto
moby	14_aranos_prison	167		0x0039d070	0x002ab128	UpdateMoby_167	proto
moby	14_aranos_prison	172		0x0039dfa0	0x002ab128	UpdateMoby_172	proto
moby	14_aranos_prison	177		0x0039ec08	0x002ab128	UpdateMoby_177	proto
moby	14_aranos_prison	179		0x003a19b8	0x002ab128	UpdateMoby_179	proto
moby	14_aranos_prison	180		0x003a1b00	0x002ab128	UpdateMoby_180	proto
moby	14_aranos_prison	188		0x003a2960	0x002ab128	UpdateMoby_188	proto
moby	14_aranos_prison	192		0x003a4538	0x002ab128	UpdateMoby_192	proto
moby	14_aranos_prison	203		0x003a4828	0x002ab128	UpdateMoby_203	proto
moby	14_aranos_prison	208		0x003a5b30	0x002ab128	UpdateMoby_208	proto
moby	14_aranos_prison	209		0x003a6dc0	0x002ab128	UpdateMoby_209	proto
moby	14_aranos_prison	357		0x003a7008	0x002ab128	UpdateMoby_357	proto
moby	14_aranos_prison	358		0x003a7218	0x002ab128	UpdateMoby_358	proto
moby	14_aranos_prison	500		0x003a73d0	0x002ab128	UpdateMoby_500	proto
moby	14_aranos_prison	505		0x003a73d0	0x002ab128	UpdateMoby_505	proto
moby	14_aranos_prison	511		0x003a73d0	0x002ab128	UpdateMoby_511	proto
moby	14_aranos_prison	512		0x003a73d0	0x002ab128	UpdateMoby_512	proto
moby	14_aranos_prison	562		0x003a90a0	0x002ab128	UpdateMoby_562	proto
moby	14_aranos_prison	607		0x003a9308	0x002ab128	UpdateMoby_607	proto
moby	14_aranos_prison	639		0x003a9528	0x002ab128	UpdateMoby_639	proto
moby	14_aranos_prison	775		0x003aa190	0x002ab128	UpdateMoby_775	proto
moby	14_aranos_prison	804		0x003aa1e0	0x002ab128	UpdateMoby_804	proto
moby	14_aranos_prison	805		0x003aa388	0x002ab128	UpdateMoby_805	proto
moby	14_aranos_prison	806		0x003aafb0	0x002ab128	UpdateMoby_806	proto
moby	14_aranos_prison	832		0x003ac7e0	0x002ab128	UpdateMoby_832	proto
moby	14_aranos_prison	1134		0x003acc10	0x002ab128	UpdateMoby_1134	proto
moby	14_aranos_prison	1143		0x003ad878	0x002ab128	UpdateMoby_1143	proto
moby	14_aranos_prison	1192		0x00399a40	0x002ab128	UpdateMoby_1192	proto
moby	14_aranos_prison	1482		0x003adad0	0x002ab128	UpdateMoby_1482	proto
moby	14_aranos_prison	1483		0x003afa80	0x002ab128	UpdateMoby_1483	proto
moby	14_aranos_prison	1486		0x003b0ad0	0x002ab128	UpdateMoby_1486	proto
moby	14_aranos_prison	1487		0x003b1470	0x002ab128	UpdateMoby_1487	proto
moby	14_aranos_prison	1489		0x003b1f88	0x002ab128	UpdateMoby_1489	proto
moby	14_aranos_prison	1490		0x003b37d0	0x002ab128	UpdateMoby_1490	proto
moby	14_aranos_prison	1494		0x003b4a18	0x002ab128	UpdateMoby_1494	proto
moby	14_aranos_prison	1496		0x003b67f8	0x002ab128	UpdateMoby_1496	proto
moby	14_aranos_prison	1497		0x003b72a8	0x002ab128	UpdateMoby_1497	proto
moby	14_aranos_prison	1498		0x003b8a68	0x002ab128	UpdateMoby_1498	proto
moby	14_aranos_prison	2078		0x003b9aa8	0x002ab128	UpdateMoby_2078	proto
moby	14_aranos_prison	2079		0x003bb4a0	0x002ab128	UpdateMoby_2079	proto
moby	14_aranos_prison	2080		0x003bde10	0x002ab128	UpdateMoby_2080	proto
moby	14_aranos_prison	2085		0x003be780	0x002ab128	UpdateMoby_2085	proto
moby	14_aranos_prison	2088		0x003bfd00	0x002ab128	UpdateMoby_2088	proto
moby	14_aranos_prison	2143		0x003bfff8	0x002ab128	UpdateMoby_2143	proto
moby	14_aranos_prison	2160		0x003c2458	0x002ab128	UpdateMoby_2160	proto
moby	14_aranos_prison	2169		0x003c2798	0x002ab128	UpdateMoby_2169	proto
moby	14_aranos_prison	2189		0x003c2f78	0x002ab128		
moby	14_aranos_prison	2209		0x003c4540	0x002ab128	UpdateMoby_2209	proto
moby	14_aranos_prison	2274		0x003c48f0	0x002ab128	UpdateMoby_2274	proto
moby	14_aranos_prison	2311		0x003c4ab0	0x002ab128	UpdateMoby_2311	proto
moby	14_aranos_prison	2329		0x003c5180	0x002ab128	UpdateMoby_2329	proto
moby	14_aranos_prison	2368		0x003c5250	0x002ab128	UpdateMoby_2368	proto
moby	14_aranos_prison	2384		0x003cafc0	0x002ab128	UpdateMoby_2384	proto
moby	14_aranos_prison	2401		0x003cafe0	0x002ab128	UpdateMoby_2401	proto
moby	14_aranos_prison	2404		0x003c5250	0x002ab128	UpdateMoby_2404	proto
moby	14_aranos_prison	2418		0x003cbc38	0x002ab128	UpdateMoby_2418	proto
moby	14_aranos_prison	2426		0x003cc2e0	0x002ab128	UpdateMoby_2426	proto
moby	14_aranos_prison	2473		0x003cc590	0x002ab128	UpdateMoby_2473	proto
moby	14_aranos_prison	2484		0x003cf140	0x002ab128	UpdateMoby_2484	proto
moby	14_aranos_prison	2491		0x003d1990	0x002ab128	UpdateMoby_2491	proto
moby	14_aranos_prison	2503		0x003d20c0	0x002ab128	UpdateMoby_2503	proto
moby	14_aranos_prison	2616		0x003d2830	0x002ab128	UpdateMoby_2616	proto
moby	14_aranos_prison	2649		0x003c5250	0x002ab128	UpdateMoby_2649	proto
moby	14_aranos_prison	2650		0x003d28e8	0x002ab128	UpdateMoby_2650	proto
moby	14_aranos_prison	2651		0x003d2d38	0x002ab128	UpdateMoby_2651	proto
moby	14_aranos_prison	2652		0x003d36b0	0x002ab128	UpdateMoby_2652	proto
moby	14_aranos_prison	2653		0x003d5bb8	0x002ab128	UpdateMoby_2653	proto
moby	14_aranos_prison	2661		0x003d8148	0x002ab128	UpdateMoby_2661	proto
moby	14_aranos_prison	2663		0x003d83b0	0x002ab128	UpdateMoby_2663	proto
moby	14_aranos_prison	2690		0x003d9298	0x002ab128	UpdateMoby_2690	proto
moby	14_aranos_prison	2715		0x003da050	0x002ab128	UpdateMoby_2715	proto
moby	14_aranos_prison	2743		0x003dca78	0x002ab128	UpdateMoby_2743	proto
moby	14_aranos_prison	2755		0x003dca80	0x002ab128	UpdateMoby_2755	proto
moby	14_aranos_prison	2756		0x003dcb80	0x002ab128	UpdateMoby_2756	proto
moby	14_aranos_prison	2784		0x003dd268	0x002ab128	UpdateMoby_2784	proto
moby	14_aranos_prison	2788		0x003ddd38	0x002ab128	UpdateMoby_2788	proto
moby	14_aranos_prison	2789		0x003de4e8	0x002ab128	UpdateMoby_2789	proto
moby	14_aranos_prison	2791		0x003de9b0	0x002ab128	UpdateMoby_2791	proto
moby	14_aranos_prison	2792		0x003dece0	0x002ab128	UpdateMoby_2792	proto
moby	14_aranos_prison	2793		0x003dece0	0x002ab128	UpdateMoby_2793	proto
moby	14_aranos_prison	2795		0x003df7f8	0x002ab128	UpdateMoby_2795	proto
moby	14_aranos_prison	2801		0x003dfd18	0x002ab128	UpdateMoby_2801	proto
moby	14_aranos_prison	2802		0x003e1dd0	0x002ab128		
moby	14_aranos_prison	2806		0x003c2798	0x002ab128	UpdateMoby_2806	proto
moby	14_aranos_prison	2814		0x003e1e78	0x002ab128	UpdateMoby_2814	proto
moby	14_aranos_prison	2818		0x003e3780	0x002ab128	UpdateMoby_2818	proto
moby	14_aranos_prison	2829		0x003e4210	0x002ab128	UpdateMoby_2829	proto
moby	14_aranos_prison	2832		0x00390aa8	0x002ab128	UpdateMoby_2832	proto
moby	14_aranos_prison	2833		0x003e4a40	0x002ab128	UpdateMoby_2833	proto
moby	14_aranos_prison	2840		0x003e4b98	0x002ab128	UpdateMoby_2840	proto
moby	14_aranos_prison	2841		0x003e4ba0	0x002ab128	UpdateMoby_2841	proto
moby	14_aranos_prison	2856		0x003e5390	0x002ab128	UpdateMoby_2856	proto
moby	14_aranos_prison	2857		0x003e7860	0x002ab128	UpdateMoby_2857	proto
moby	14_aranos_prison	2862		0x003e8478	0x002ab128	UpdateMoby_2862	proto
moby	14_aranos_prison	2865		0x003ea618	0x002ab128	UpdateMoby_2865	proto
moby	14_aranos_prison	2866		0x003ea618	0x002ab128	UpdateMoby_2866	proto
moby	14_aranos_prison	2867		0x003ea618	0x002ab128	UpdateMoby_2867	proto
moby	14_aranos_prison	2868		0x003ea618	0x002ab128	UpdateMoby_2868	proto
moby	14_aranos_prison	2875		0x003ea618	0x002ab128	UpdateMoby_2875	proto
moby	14_aranos_prison	2904		0x003ea9e0	0x002ab128	UpdateMoby_2904	proto
moby	14_aranos_prison	2943		0x003eca48	0x002ab128	UpdateMoby_2943	proto
moby	14_aranos_prison	3031		0x003ed578	0x002ab128	UpdateMoby_3031	proto
moby	14_aranos_prison	3032		0x003eeae0	0x002ab128	UpdateMoby_3032	proto
moby	14_aranos_prison	3070		0x003ef848	0x002ab128	UpdateMoby_3070	proto
moby	14_aranos_prison	3071		0x003f0d50	0x002ab128	UpdateMoby_3071	proto
moby	14_aranos_prison	3076		0x003f1250	0x002ab128	UpdateMoby_3076	proto
moby	14_aranos_prison	3077		0x003f2180	0x002ab128	UpdateMoby_3077	proto
moby	14_aranos_prison	3078		0x003f2428	0x002ab128	UpdateMoby_3078	proto
moby	14_aranos_prison	3079		0x003f4aa8	0x002ab128	UpdateMoby_3079	proto
moby	14_aranos_prison	3120		0x003f4f98	0x002ab128	UpdateMoby_3120	proto
moby	14_aranos_prison	3137		0x003f54d8	0x002ab128	UpdateMoby_3137	proto
moby	14_aranos_prison	3146		0x003f5b18	0x002ab128	UpdateMoby_3146	proto
moby	14_aranos_prison	3148		0x003f7d98	0x002ab128	UpdateMoby_3148	proto
moby	14_aranos_prison	3161		0x003f7ed0	0x002ab128	UpdateMoby_3161	proto
moby	14_aranos_prison	3162		0x003f83e8	0x002ab128	UpdateMoby_3162	proto
moby	14_aranos_prison	3174		0x003f8650	0x002ab128	UpdateMoby_3174	proto
moby	14_aranos_prison	3207		0x003f8948	0x002ab128	UpdateMoby_3207	proto
moby	14_aranos_prison	3250		0x003f96b0	0x002ab128	UpdateMoby_3250	proto
moby	14_aranos_prison	3259		0x003fa708	0x002ab128	UpdateMoby_3259	proto
moby	14_aranos_prison	3291		0x003dd268	0x002ab128	UpdateMoby_3291	proto
moby	14_aranos_prison	3299		0x003fb7f8	0x002ab128	UpdateMoby_3299	proto
moby	14_aranos_prison	3300		0x003fbc58	0x002ab128	UpdateMoby_3300	proto
moby	14_aranos_prison	3301		0x003fc1c8	0x002ab128	UpdateMoby_3301	proto
moby	14_aranos_prison	3303		0x003fe000	0x002ab128	UpdateMoby_3303	proto
moby	14_aranos_prison	3305		0x00400498	0x002ab128	UpdateMoby_3305	proto
moby	14_aranos_prison	3307		0x00400ad8	0x002ab128	UpdateMoby_3307	proto
moby	14_aranos_prison	3308		0x00400dc0	0x002ab128	UpdateMoby_3308	proto
moby	14_aranos_prison	3310		0x004010a8	0x002ab128	UpdateMoby_3310	proto
moby	14_aranos_prison	3315		0x00401548	0x002ab128	UpdateMoby_3315	proto
moby	14_aranos_prison	3319		0x00402200	0x002ab128	UpdateMoby_3319	proto
moby	14_aranos_prison	3329		0x003b72a8	0x002ab128	UpdateMoby_3329	proto
moby	14_aranos_prison	3332		0x00405ae8	0x002ab128	UpdateMoby_3332	proto
moby	14_aranos_prison	3358		0x004066a0	0x002ab128	UpdateMoby_3358	proto
moby	14_aranos_prison	3406		0x00406b18	0x002ab128	UpdateMoby_3406	proto
moby	14_aranos_prison	3422		0x00409308	0x002ab128	UpdateMoby_3422	proto
moby	14_aranos_prison	3424		0x00409b20	0x002ab128	UpdateMoby_3424	proto
moby	14_aranos_prison	3445		0x00409c50	0x002ab128	UpdateMoby_3445	proto
moby	14_aranos_prison	3484		0x00409e80	0x002ab128	UpdateMoby_3484	proto
moby	14_aranos_prison	3521		0x0040a9c0	0x002ab128	UpdateMoby_3521	proto
moby	14_aranos_prison	3546		0x0040b0c8	0x002ab128	UpdateMoby_3546	proto
moby	14_aranos_prison	3604		0x0040b258	0x002ab128	UpdateMoby_3604	proto
moby	14_aranos_prison	3631		0x0040b8d8	0x002ab128	UpdateMoby_3631	proto
moby	14_aranos_prison	3684		0x0040c2b0	0x002ab128	UpdateMoby_3684	proto
moby	14_aranos_prison	3696		0x0040ce80	0x002ab128	UpdateMoby_3696	proto
moby	14_aranos_prison	3705		0x0040cfb0	0x002ab128	UpdateMoby_3705	proto
moby	14_aranos_prison	3706		0x0040fdf8	0x002ab128	UpdateMoby_3706	proto
moby	14_aranos_prison	3709		0x00410260	0x002ab128	UpdateMoby_3709	proto
moby	14_aranos_prison	3742		0x0040b258	0x002ab128	UpdateMoby_3742	proto
moby	14_aranos_prison	3747		0x00411250	0x002ab128	UpdateMoby_3747	proto
moby	14_aranos_prison	3751		0x00414970	0x002ab128	UpdateMoby_3751	proto
moby	14_aranos_prison	3754		0x004156a8	0x002ab128	UpdateMoby_3754	proto
moby	14_aranos_prison	3755		0x00415f38	0x002ab128	UpdateMoby_3755	proto
moby	14_aranos_prison	3757		0x00417158	0x002ab128	UpdateMoby_3757	proto
moby	14_aranos_prison	3758		0x00419a80	0x002ab128	UpdateMoby_3758	proto
moby	14_aranos_prison	3760		0x0041ade8	0x002ab128	UpdateMoby_3760	proto
moby	14_aranos_prison	3784		0x0041be08	0x002ab128	UpdateMoby_3784	proto
moby	14_aranos_prison	3790		0x0041c660	0x002ab128	UpdateMoby_3790	proto
moby	14_aranos_prison	3799		0x0041d460	0x002ab128	UpdateMoby_3799	proto
moby	14_aranos_prison	3800		0x0041e9e0	0x002ab128	UpdateMoby_3800	proto
moby	14_aranos_prison	3833		0x004205f8	0x002ab128	UpdateMoby_3833	proto
moby	14_aranos_prison	3885		0x00420930	0x002ab128	UpdateMoby_3885	proto
moby	14_aranos_prison	3917		0x003cb258	0x002ab128	UpdateMoby_3917	proto
moby	14_aranos_prison	3949		0x00421028	0x002ab128	UpdateMoby_3949	proto
moby	14_aranos_prison	3950		0x00421bc8	0x002ab128	UpdateMoby_3950	proto
moby	14_aranos_prison	3959		0x004221d0	0x002ab128	UpdateMoby_3959	proto
moby	14_aranos_prison	3968		0x004221d8	0x002ab128	UpdateMoby_3968	proto
moby	14_aranos_prison	3985		0x00422fa0	0x002ab128	UpdateMoby_3985	proto
moby	14_aranos_prison	4000		0x00423ee0	0x002ab128		
moby	14_aranos_prison	4016		0x00423f88	0x002ab128	UpdateMoby_4016	proto
moby	14_aranos_prison	4100		0x00424580	0x002ab128	UpdateMoby_4100	proto
moby	14_aranos_prison	4308		0x00425bf8	0x002ab128	UpdateMoby_4308	proto
moby	14_aranos_prison	4309		0x00425bf8	0x002ab128	UpdateMoby_4309	proto
moby	14_aranos_prison	4310		0x00425bf8	0x002ab128	UpdateMoby_4310	proto
moby	14_aranos_prison	4311		0x00425bf8	0x002ab128	UpdateMoby_4311	proto
moby	14_aranos_prison	4312		0x00425bf8	0x002ab128	UpdateMoby_4312	proto
moby	14_aranos_prison	4313		0x00425bf8	0x002ab128	UpdateMoby_4313	proto
moby	14_aranos_prison	4314		0x00425bf8	0x002ab128	UpdateMoby_4314	proto
moby	14_aranos_prison	4315		0x00425bf8	0x002ab128	UpdateMoby_4315	proto
moby	14_aranos_prison	4316		0x00425bf8	0x002ab128	UpdateMoby_4316	proto
moby	14_aranos_prison	4317		0x00425bf8	0x002ab128	UpdateMoby_4317	proto
moby	14_aranos_prison	4318		0x00425bf8	0x002ab128	UpdateMoby_4318	proto
moby	14_aranos_prison	4319		0x00425bf8	0x002ab128	UpdateMoby_4319	proto
moby	14_aranos_prison	4320		0x00425bf8	0x002ab128	UpdateMoby_4320	proto
moby	14_aranos_prison	4321		0x00425bf8	0x002ab128	UpdateMoby_4321	proto
moby	14_aranos_prison	4325		0x00425bf8	0x002ab128	UpdateMoby_4325	proto
moby	14_aranos_prison	4339		0x00425cb0	0x002ab128	UpdateMoby_4339	proto
moby	14_aranos_prison	4351		0x004265b8	0x002ab128	UpdateMoby_4351	proto
moby	14_aranos_prison	4352		0x00426f28	0x002ab128	UpdateMoby_4352	proto
moby	14_aranos_prison	4360		0x00427458	0x002ab128	UpdateMoby_4360	proto
moby	14_aranos_prison	4388		0x003df7f8	0x002ab128	UpdateMoby_4388	proto
moby	14_aranos_prison	4395		0x004275e0	0x002ab128	UpdateMoby_4395	proto
moby	14_aranos_prison	4396		0x00428e68	0x002ab128	UpdateMoby_4396	proto
moby	14_aranos_prison	4400		0x0042d018	0x002ab128	UpdateMoby_4400	proto
moby	14_aranos_prison	4406		0x0042d0a8	0x002ab128	UpdateMoby_4406	proto
moby	14_aranos_prison	4407		0x0042f1e8	0x002ab128	UpdateMoby_4407	proto
moby	14_aranos_prison	4411		0x0042fb10	0x002ab128	UpdateMoby_4411	proto
moby	14_aranos_prison	4414		0x0042fda8	0x002ab128	UpdateMoby_4414	proto
moby	14_aranos_prison	4452		0x00430410	0x002ab128	UpdateMoby_4452	proto
moby	14_aranos_prison	4498		0x003d36b0	0x002ab128	UpdateMoby_4498	proto
moby	14_aranos_prison	4501		0x004312d0	0x002ab128	UpdateMoby_4501	proto
moby	14_aranos_prison	4563		0x004321c8	0x002ab128		
moby	14_aranos_prison	4793		0x004321d0	0x002ab128		
moby	14_aranos_prison	5020		0x00432978	0x002ab128	UpdateMoby_5020	proto
moby	14_aranos_prison	5021		0x00434060	0x002ab128	UpdateMoby_5021	proto
moby	14_aranos_prison	5022		0x004356d0	0x002ab128	UpdateMoby_5022	proto
moby	14_aranos_prison	5023		0x00437050	0x002ab128	UpdateMoby_5023	proto
moby	14_aranos_prison	5024		0x00404520	0x002ab128	UpdateMoby_5024	proto
moby	14_aranos_prison	5050		0x00437bf8	0x002ab128	UpdateMoby_5050	proto
moby	14_aranos_prison	1086		0x004380b8	0x002ab128	UpdateMoby_1086	proto
moby	14_aranos_prison	1481		0x00438180	0x002ab128	UpdateMoby_1481	proto
moby	14_aranos_prison	2170		0x0043b068	0x002ab128	UpdateMoby_2170	proto
moby	14_aranos_prison	3209		0x0043d340	0x002ab128	UpdateMoby_3209	proto
cam	14_aranos_prison	0	InitCamera	0x00444898		InitCamera_0	proto
cam	14_aranos_prison	0	ActivateCamera	0x004418e0		ActivateCamera_0	proto
cam	14_aranos_prison	0	UpdateCamera	0x004448a0		UpdateCamera_0	proto
cam	14_aranos_prison	0	ExitCamera	0x00444960		ExitCamera_0	proto
cam	14_aranos_prison	4	InitCamera	0x00445160		InitCamera_4	proto
cam	14_aranos_prison	4	ActivateCamera	0x004454f0		ActivateCamera_4	proto
cam	14_aranos_prison	4	UpdateCamera	0x00444bd0		UpdateCamera_4	proto
cam	14_aranos_prison	4	ExitCamera	0x004455a8		ExitCamera_4	proto
cam	14_aranos_prison	5	InitCamera	0x00445fc0		InitCamera_5	proto
cam	14_aranos_prison	5	ActivateCamera	0x00445b10		ActivateCamera_5	proto
cam	14_aranos_prison	5	UpdateCamera	0x00445fc8		UpdateCamera_5	proto
cam	14_aranos_prison	5	ExitCamera	0x00446020		ExitCamera_5	proto
cam	14_aranos_prison	6	InitCamera	0x00446990		InitCamera_6	proto
cam	14_aranos_prison	6	ActivateCamera	0x00446998		ActivateCamera_6	proto
cam	14_aranos_prison	6	UpdateCamera	0x00446a48		UpdateCamera_6	proto
cam	14_aranos_prison	6	ExitCamera	0x00446a68		ExitCamera_6	proto
cam	14_aranos_prison	7	InitCamera	0x004473e0		InitCamera_7	proto
cam	14_aranos_prison	7	ActivateCamera	0x00446a70		ActivateCamera_7	proto
cam	14_aranos_prison	7	UpdateCamera	0x004473e8		UpdateCamera_7	proto
cam	14_aranos_prison	7	ExitCamera	0x004474d0		ExitCamera_7	proto
cam	14_aranos_prison	19	InitCamera	0x00448088		InitCamera_19	proto
cam	14_aranos_prison	19	ActivateCamera	0x00447610		ActivateCamera_19	proto
cam	14_aranos_prison	19	UpdateCamera	0x004479d8		UpdateCamera_19	proto
cam	14_aranos_prison	19	ExitCamera	0x00448150		ExitCamera_19	proto
cam	14_aranos_prison	23	InitCamera	0x004488d0		InitCamera_23	proto
cam	14_aranos_prison	23	ActivateCamera	0x00448958		ActivateCamera_23	proto
cam	14_aranos_prison	23	UpdateCamera	0x00448960		UpdateCamera_23	proto
cam	14_aranos_prison	23	ExitCamera	0x00448968		ExitCamera_23	proto
cam	14_aranos_prison	27	InitCamera	0x00448fb0		InitCamera_27	proto
cam	14_aranos_prison	27	ActivateCamera	0x00448990		ActivateCamera_27	proto
cam	14_aranos_prison	27	UpdateCamera	0x00448b08		UpdateCamera_27	proto
cam	14_aranos_prison	27	ExitCamera	0x00448fb8		ExitCamera_27	proto
snd	14_aranos_prison	1	UpdateSound	0x00449088		UpdateSound_1	proto
snd	14_aranos_prison	3	UpdateSound	0x00449328		UpdateSound_3	proto
moby	15_gorn	2		0x0039c5e0	0x002bc80c	UpdateMoby_2	proto
moby	15_gorn	14		0x0039c5e8	0x002bc80c	UpdateMoby_14	proto
moby	15_gorn	1007		0x0039e120	0x002bc80c	UpdateMoby_1007	proto
moby	15_gorn	4824		0x0039e498	0x002bc80c		
moby	15_gorn	4917		0x0039f880	0x002bc80c		
moby	15_gorn	4926		0x003a11a8	0x002bc80c		
moby	15_gorn	4959		0x003a1aa0	0x002bc80c		
moby	15_gorn	4966		0x003a3248	0x002bc80c		
moby	15_gorn	4967		0x003a5cf0	0x002bc80c		
moby	15_gorn	13		0x0039c5e8	0x002bc80c	UpdateMoby_13	proto
moby	15_gorn	15		0x0039c5e8	0x002bc80c	UpdateMoby_15	proto
moby	15_gorn	16		0x0039c5e8	0x002bc80c	UpdateMoby_16	proto
moby	15_gorn	17		0x0039c5e8	0x002bc80c	UpdateMoby_17	proto
moby	15_gorn	18		0x0039c5e8	0x002bc80c	UpdateMoby_18	proto
moby	15_gorn	19		0x0039c5e8	0x002bc80c	UpdateMoby_19	proto
moby	15_gorn	71		0x003a8648	0x002bc80c	UpdateMoby_71	proto
moby	15_gorn	112		0x003a9a98	0x002bc80c	UpdateMoby_112	proto
moby	15_gorn	121		0x003a9b98	0x002bc80c	UpdateMoby_121	proto
moby	15_gorn	122		0x003abd20	0x002bc80c	UpdateMoby_122	proto
moby	15_gorn	163		0x003abfe8	0x002bc80c	UpdateMoby_163	proto
moby	15_gorn	166		0x003ac378	0x002bc80c	UpdateMoby_166	proto
moby	15_gorn	167		0x003ad0c8	0x002bc80c	UpdateMoby_167	proto
moby	15_gorn	172		0x003adff8	0x002bc80c	UpdateMoby_172	proto
moby	15_gorn	177		0x003aec60	0x002bc80c	UpdateMoby_177	proto
moby	15_gorn	179		0x003b1a10	0x002bc80c	UpdateMoby_179	proto
moby	15_gorn	180		0x003b1b58	0x002bc80c	UpdateMoby_180	proto
moby	15_gorn	188		0x003b29b8	0x002bc80c	UpdateMoby_188	proto
moby	15_gorn	192		0x003b4590	0x002bc80c	UpdateMoby_192	proto
moby	15_gorn	203		0x003b4880	0x002bc80c	UpdateMoby_203	proto
moby	15_gorn	208		0x003b5b88	0x002bc80c	UpdateMoby_208	proto
moby	15_gorn	209		0x003b6e18	0x002bc80c	UpdateMoby_209	proto
moby	15_gorn	357		0x003b7060	0x002bc80c	UpdateMoby_357	proto
moby	15_gorn	358		0x003b7270	0x002bc80c	UpdateMoby_358	proto
moby	15_gorn	500		0x003b7428	0x002bc80c	UpdateMoby_500	proto
moby	15_gorn	562		0x003b90f8	0x002bc80c	UpdateMoby_562	proto
moby	15_gorn	607		0x003b9360	0x002bc80c	UpdateMoby_607	proto
moby	15_gorn	639		0x003b9580	0x002bc80c	UpdateMoby_639	proto
moby	15_gorn	775		0x003ba1e8	0x002bc80c	UpdateMoby_775	proto
moby	15_gorn	804		0x003ba238	0x002bc80c	UpdateMoby_804	proto
moby	15_gorn	806		0x003baca0	0x002bc80c	UpdateMoby_806	proto
moby	15_gorn	1192		0x003a9a98	0x002bc80c	UpdateMoby_1192	proto
moby	15_gorn	1400		0x003bc5a0	0x002bc80c	UpdateMoby_1400	proto
moby	15_gorn	1482		0x003bce18	0x002bc80c	UpdateMoby_1482	proto
moby	15_gorn	1483		0x003bedc8	0x002bc80c	UpdateMoby_1483	proto
moby	15_gorn	1486		0x003bfe18	0x002bc80c	UpdateMoby_1486	proto
moby	15_gorn	1487		0x003c07b8	0x002bc80c	UpdateMoby_1487	proto
moby	15_gorn	1489		0x003c12d0	0x002bc80c	UpdateMoby_1489	proto
moby	15_gorn	1490		0x003c2b18	0x002bc80c	UpdateMoby_1490	proto
moby	15_gorn	1494		0x003c3d60	0x002bc80c	UpdateMoby_1494	proto
moby	15_gorn	1496		0x003c5b40	0x002bc80c	UpdateMoby_1496	proto
moby	15_gorn	1497		0x003c65f0	0x002bc80c	UpdateMoby_1497	proto
moby	15_gorn	1498		0x003c7db0	0x002bc80c	UpdateMoby_1498	proto
moby	15_gorn	2078		0x003c8df0	0x002bc80c	UpdateMoby_2078	proto
moby	15_gorn	2079		0x003ca7e8	0x002bc80c	UpdateMoby_2079	proto
moby	15_gorn	2080		0x003cd158	0x002bc80c	UpdateMoby_2080	proto
moby	15_gorn	2085		0x003cdac8	0x002bc80c	UpdateMoby_2085	proto
moby	15_gorn	2088		0x003cf048	0x002bc80c	UpdateMoby_2088	proto
moby	15_gorn	2143		0x003cf340	0x002bc80c	UpdateMoby_2143	proto
moby	15_gorn	2160		0x003d17a0	0x002bc80c	UpdateMoby_2160	proto
moby	15_gorn	2169		0x003d1ae0	0x002bc80c	UpdateMoby_2169	proto
moby	15_gorn	2189		0x003d22c0	0x002bc80c		
moby	15_gorn	2311		0x003d3888	0x002bc80c	UpdateMoby_2311	proto
moby	15_gorn	2374		0x003d3de0	0x002bc80c	UpdateMoby_2374	proto
moby	15_gorn	2384		0x003d5ae0	0x002bc80c	UpdateMoby_2384	proto
moby	15_gorn	2391		0x003d5b00	0x002bc80c	UpdateMoby_2391	proto
moby	15_gorn	2420		0x003d6458	0x002bc80c	UpdateMoby_2420	proto
moby	15_gorn	2438		0x003d7148	0x002bc80c	UpdateMoby_2438	proto
moby	15_gorn	2473		0x003d8828	0x002bc80c	UpdateMoby_2473	proto
moby	15_gorn	2491		0x003db3d8	0x002bc80c	UpdateMoby_2491	proto
moby	15_gorn	2501		0x003dbb08	0x002bc80c	UpdateMoby_2501	proto
moby	15_gorn	2650		0x003dfbc8	0x002bc80c	UpdateMoby_2650	proto
moby	15_gorn	2651		0x003e0018	0x002bc80c	UpdateMoby_2651	proto
moby	15_gorn	2652		0x003e0990	0x002bc80c	UpdateMoby_2652	proto
moby	15_gorn	2653		0x003e2e98	0x002bc80c	UpdateMoby_2653	proto
moby	15_gorn	2661		0x003e5428	0x002bc80c	UpdateMoby_2661	proto
moby	15_gorn	2663		0x003e5690	0x002bc80c	UpdateMoby_2663	proto
moby	15_gorn	2690		0x003e6578	0x002bc80c	UpdateMoby_2690	proto
moby	15_gorn	2715		0x003e7330	0x002bc80c	UpdateMoby_2715	proto
moby	15_gorn	2784		0x003e9d58	0x002bc80c	UpdateMoby_2784	proto
moby	15_gorn	2801		0x003ea828	0x002bc80c	UpdateMoby_2801	proto
moby	15_gorn	2806		0x003d1ae0	0x002bc80c	UpdateMoby_2806	proto
moby	15_gorn	2818		0x003ed520	0x002bc80c	UpdateMoby_2818	proto
moby	15_gorn	2862		0x003ee020	0x002bc80c	UpdateMoby_2862	proto
moby	15_gorn	2904		0x003f01c0	0x002bc80c	UpdateMoby_2904	proto
moby	15_gorn	2906		0x003f2228	0x002bc80c	UpdateMoby_2906	proto
moby	15_gorn	3031		0x003f2b58	0x002bc80c	UpdateMoby_3031	proto
moby	15_gorn	3032		0x003f40c0	0x002bc80c	UpdateMoby_3032	proto
moby	15_gorn	3070		0x003f4e28	0x002bc80c	UpdateMoby_3070	proto
moby	15_gorn	3076		0x003f6330	0x002bc80c	UpdateMoby_3076	proto
moby	15_gorn	3077		0x003f7260	0x002bc80c	UpdateMoby_3077	proto
moby	15_gorn	3078		0x003f7508	0x002bc80c	UpdateMoby_3078	proto
moby	15_gorn	3079		0x003f9b88	0x002bc80c	UpdateMoby_3079	proto
moby	15_gorn	3137		0x003fa078	0x002bc80c	UpdateMoby_3137	proto
moby	15_gorn	3146		0x003fa6b8	0x002bc80c	UpdateMoby_3146	proto
moby	15_gorn	3161		0x003fc938	0x002bc80c	UpdateMoby_3161	proto
moby	15_gorn	3162		0x003fce50	0x002bc80c	UpdateMoby_3162	proto
moby	15_gorn	3174		0x003fd0b8	0x002bc80c	UpdateMoby_3174	proto
moby	15_gorn	3250		0x003fdee0	0x002bc80c	UpdateMoby_3250	proto
moby	15_gorn	3259		0x003fef38	0x002bc80c	UpdateMoby_3259	proto
moby	15_gorn	3291		0x003e9d58	0x002bc80c	UpdateMoby_3291	proto
moby	15_gorn	3299		0x00400028	0x002bc80c	UpdateMoby_3299	proto
moby	15_gorn	3300		0x00400488	0x002bc80c	UpdateMoby_3300	proto
moby	15_gorn	3301		0x004009f8	0x002bc80c	UpdateMoby_3301	proto
moby	15_gorn	3303		0x00402830	0x002bc80c	UpdateMoby_3303	proto
moby	15_gorn	3307		0x00404cc8	0x002bc80c	UpdateMoby_3307	proto
moby	15_gorn	3308		0x00404fb0	0x002bc80c	UpdateMoby_3308	proto
moby	15_gorn	3310		0x00405298	0x002bc80c	UpdateMoby_3310	proto
moby	15_gorn	3315		0x00405738	0x002bc80c	UpdateMoby_3315	proto
moby	15_gorn	3319		0x004063f0	0x002bc80c	UpdateMoby_3319	proto
moby	15_gorn	3329		0x003c65f0	0x002bc80c	UpdateMoby_3329	proto
moby	15_gorn	3332		0x00409cd8	0x002bc80c	UpdateMoby_3332	proto
moby	15_gorn	3406		0x0040ab78	0x002bc80c	UpdateMoby_3406	proto
moby	15_gorn	3412		0x0040d248	0x002bc80c		
moby	15_gorn	3422		0x0040d370	0x002bc80c	UpdateMoby_3422	proto
moby	15_gorn	3484		0x0040dcb8	0x002bc80c	UpdateMoby_3484	proto
moby	15_gorn	3521		0x0040e7f8	0x002bc80c	UpdateMoby_3521	proto
moby	15_gorn	3604		0x0040ec68	0x002bc80c	UpdateMoby_3604	proto
moby	15_gorn	3631		0x0040f2e8	0x002bc80c	UpdateMoby_3631	proto
moby	15_gorn	3684		0x0040fcc0	0x002bc80c	UpdateMoby_3684	proto
moby	15_gorn	3696		0x00410890	0x002bc80c	UpdateMoby_3696	proto
moby	15_gorn	3705		0x004109c0	0x002bc80c	UpdateMoby_3705	proto
moby	15_gorn	3706		0x00413808	0x002bc80c	UpdateMoby_3706	proto
moby	15_gorn	3709		0x00413c70	0x002bc80c	UpdateMoby_3709	proto
moby	15_gorn	3742		0x0040ec68	0x002bc80c	UpdateMoby_3742	proto
moby	15_gorn	3754		0x00414b78	0x002bc80c	UpdateMoby_3754	proto
moby	15_gorn	3755		0x00415408	0x002bc80c	UpdateMoby_3755	proto
moby	15_gorn	3757		0x00416628	0x002bc80c	UpdateMoby_3757	proto
moby	15_gorn	3760		0x00418c58	0x002bc80c	UpdateMoby_3760	proto
moby	15_gorn	3784		0x00419c78	0x002bc80c	UpdateMoby_3784	proto
moby	15_gorn	3790		0x0041a4d0	0x002bc80c	UpdateMoby_3790	proto
moby	15_gorn	3799		0x0041b2d0	0x002bc80c	UpdateMoby_3799	proto
moby	15_gorn	3800		0x0041c850	0x002bc80c	UpdateMoby_3800	proto
moby	15_gorn	3949		0x0041e760	0x002bc80c	UpdateMoby_3949	proto
moby	15_gorn	3950		0x0041f300	0x002bc80c	UpdateMoby_3950	proto
moby	15_gorn	3970		0x0041f908	0x002bc80c	UpdateMoby_3970	proto
moby	15_gorn	3987		0x0041ff90	0x002bc80c	UpdateMoby_3987	proto
moby	15_gorn	4016		0x00420728	0x002bc80c	UpdateMoby_4016	proto
moby	15_gorn	4031		0x00420d20	0x002bc80c	UpdateMoby_4031	proto
moby	15_gorn	4090		0x00422870	0x002bc80c	UpdateMoby_4090	proto
moby	15_gorn	4100		0x00423a78	0x002bc80c	UpdateMoby_4100	proto
moby	15_gorn	4303		0x004251c8	0x002bc80c	UpdateMoby_4303	proto
moby	15_gorn	4305		0x004257b8	0x002bc80c	UpdateMoby_4305	proto
moby	15_gorn	4306		0x004257b8	0x002bc80c	UpdateMoby_4306	proto
moby	15_gorn	4307		0x004257b8	0x002bc80c	UpdateMoby_4307	proto
moby	15_gorn	4308		0x004257b8	0x002bc80c	UpdateMoby_4308	proto
moby	15_gorn	4309		0x004257b8	0x002bc80c	UpdateMoby_4309	proto
moby	15_gorn	4310		0x004257b8	0x002bc80c	UpdateMoby_4310	proto
moby	15_gorn	4311		0x004257b8	0x002bc80c	UpdateMoby_4311	proto
moby	15_gorn	4312		0x004257b8	0x002bc80c	UpdateMoby_4312	proto
moby	15_gorn	4313		0x004257b8	0x002bc80c	UpdateMoby_4313	proto
moby	15_gorn	4314		0x004257b8	0x002bc80c	UpdateMoby_4314	proto
moby	15_gorn	4315		0x004257b8	0x002bc80c	UpdateMoby_4315	proto
moby	15_gorn	4316		0x004257b8	0x002bc80c	UpdateMoby_4316	proto
moby	15_gorn	4317		0x004257b8	0x002bc80c	UpdateMoby_4317	proto
moby	15_gorn	4318		0x004257b8	0x002bc80c	UpdateMoby_4318	proto
moby	15_gorn	4319		0x004257b8	0x002bc80c	UpdateMoby_4319	proto
moby	15_gorn	4320		0x004257b8	0x002bc80c	UpdateMoby_4320	proto
moby	15_gorn	4321		0x004257b8	0x002bc80c	UpdateMoby_4321	proto
moby	15_gorn	4325		0x004257b8	0x002bc80c	UpdateMoby_4325	proto
moby	15_gorn	4345		0x00425910	0x002bc80c	UpdateMoby_4345	proto
moby	15_gorn	4406		0x00425dc0	0x002bc80c	UpdateMoby_4406	proto
moby	15_gorn	4426		0x00427f00	0x002bc80c	UpdateMoby_4426	proto
moby	15_gorn	4449		0x003d6458	0x002bc80c	UpdateMoby_4449	proto
moby	15_gorn	4458		0x00428408	0x002bc80c	UpdateMoby_4458	proto
moby	15_gorn	4467		0x0039e498	0x002bc80c	UpdateMoby_4467	proto
moby	15_gorn	4476		0x00429838	0x002bc80c	UpdateMoby_4476	proto
moby	15_gorn	4477		0x00429dd8	0x002bc80c	UpdateMoby_4477	proto
moby	15_gorn	4479		0x0042a360	0x002bc80c	UpdateMoby_4479	proto
moby	15_gorn	4482		0x0042a9b8	0x002bc80c	UpdateMoby_4482	proto
moby	15_gorn	4497		0x0042b2a0	0x002bc80c	UpdateMoby_4497	proto
moby	15_gorn	4498		0x003e0990	0x002bc80c	UpdateMoby_4498	proto
moby	15_gorn	4499		0x0042bad0	0x002bc80c	UpdateMoby_4499	proto
moby	15_gorn	4501		0x0042cde8	0x002bc80c	UpdateMoby_4501	proto
moby	15_gorn	4511		0x0042dce0	0x002bc80c	UpdateMoby_4511	proto
moby	15_gorn	4522		0x004321a8	0x002bc80c	UpdateMoby_4522	proto
moby	15_gorn	4582		0x00433050	0x002bc80c	UpdateMoby_4582	proto
moby	15_gorn	4625		0x00434100	0x002bc80c	UpdateMoby_4625	proto
moby	15_gorn	4630		0x00436990	0x002bc80c	UpdateMoby_4630	proto
moby	15_gorn	4646		0x00436df0	0x002bc80c	UpdateMoby_4646	proto
moby	15_gorn	4716		0x00436df8	0x002bc80c	UpdateMoby_4716	proto
moby	15_gorn	4724		0x00437b18	0x002bc80c	UpdateMoby_4724	proto
moby	15_gorn	4729		0x004390a0	0x002bc80c		
moby	15_gorn	5020		0x00439798	0x002bc80c	UpdateMoby_5020	proto
moby	15_gorn	5021		0x0043ae80	0x002bc80c	UpdateMoby_5021	proto
moby	15_gorn	5022		0x0043c4f0	0x002bc80c	UpdateMoby_5022	proto
moby	15_gorn	5023		0x0043de70	0x002bc80c	UpdateMoby_5023	proto
moby	15_gorn	5024		0x00408710	0x002bc80c	UpdateMoby_5024	proto
moby	15_gorn	4323		0x0043eae8	0x002bc80c	UpdateMoby_4323	proto
moby	15_gorn	1481		0x0043eb38	0x002bc80c	UpdateMoby_1481	proto
moby	15_gorn	2170		0x00441a20	0x002bc80c	UpdateMoby_2170	proto
moby	15_gorn	3209		0x00443cf8	0x002bc80c	UpdateMoby_3209	proto
cam	15_gorn	0	InitCamera	0x0044b250		InitCamera_0	proto
cam	15_gorn	0	ActivateCamera	0x00448298		ActivateCamera_0	proto
cam	15_gorn	0	UpdateCamera	0x0044b258		UpdateCamera_0	proto
cam	15_gorn	0	ExitCamera	0x0044b318		ExitCamera_0	proto
cam	15_gorn	4	InitCamera	0x0044bb18		InitCamera_4	proto
cam	15_gorn	4	ActivateCamera	0x0044bea8		ActivateCamera_4	proto
cam	15_gorn	4	UpdateCamera	0x0044b588		UpdateCamera_4	proto
cam	15_gorn	4	ExitCamera	0x0044bf60		ExitCamera_4	proto
cam	15_gorn	5	InitCamera	0x0044c978		InitCamera_5	proto
cam	15_gorn	5	ActivateCamera	0x0044c4c8		ActivateCamera_5	proto
cam	15_gorn	5	UpdateCamera	0x0044c980		UpdateCamera_5	proto
cam	15_gorn	5	ExitCamera	0x0044c9d8		ExitCamera_5	proto
cam	15_gorn	6	InitCamera	0x0044d348		InitCamera_6	proto
cam	15_gorn	6	ActivateCamera	0x0044d350		ActivateCamera_6	proto
cam	15_gorn	6	UpdateCamera	0x0044d400		UpdateCamera_6	proto
cam	15_gorn	6	ExitCamera	0x0044d420		ExitCamera_6	proto
cam	15_gorn	7	InitCamera	0x0044dd98		InitCamera_7	proto
cam	15_gorn	7	ActivateCamera	0x0044d428		ActivateCamera_7	proto
cam	15_gorn	7	UpdateCamera	0x0044dda0		UpdateCamera_7	proto
cam	15_gorn	7	ExitCamera	0x0044de88		ExitCamera_7	proto
cam	15_gorn	23	InitCamera	0x0044e638		InitCamera_23	proto
cam	15_gorn	23	ActivateCamera	0x0044e6c0		ActivateCamera_23	proto
cam	15_gorn	23	UpdateCamera	0x0044e6c8		UpdateCamera_23	proto
cam	15_gorn	23	ExitCamera	0x0044e6d0		ExitCamera_23	proto
cam	15_gorn	25	InitCamera	0x00452848		InitCamera_25	proto
cam	15_gorn	25	ActivateCamera	0x0044e6d8		ActivateCamera_25	proto
cam	15_gorn	25	UpdateCamera	0x0044e8d0		UpdateCamera_25	proto
cam	15_gorn	25	ExitCamera	0x004528e8		ExitCamera_25	proto
cam	15_gorn	27	InitCamera	0x00452f10		InitCamera_27	proto
cam	15_gorn	27	ActivateCamera	0x004528f0		ActivateCamera_27	proto
cam	15_gorn	27	UpdateCamera	0x00452a68		UpdateCamera_27	proto
cam	15_gorn	27	ExitCamera	0x00452f18		ExitCamera_27	proto
snd	15_gorn	1	UpdateSound	0x00452fe8		UpdateSound_1	proto
snd	15_gorn	4	UpdateSound	0x00453288		UpdateSound_4	proto
moby	16_snivelak	2		0x003787e8	0x002a5218	UpdateMoby_2	proto
moby	16_snivelak	14		0x003787f0	0x002a5218	UpdateMoby_14	proto
moby	16_snivelak	1007		0x0037a328	0x002a5218	UpdateMoby_1007	proto
moby	16_snivelak	4810		0x0037a520	0x002a5218		
moby	16_snivelak	4853		0x0037a5b8	0x002a5218		
moby	16_snivelak	4917		0x0037a5d8	0x002a5218		
moby	16_snivelak	4928		0x0037bdb8	0x002a5218		
moby	16_snivelak	4959		0x0037edb8	0x002a5218		
moby	16_snivelak	4966		0x00380560	0x002a5218		
moby	16_snivelak	4967		0x00383008	0x002a5218		
moby	16_snivelak	11		0x00385358	0x002a5218	UpdateMoby_11	proto
moby	16_snivelak	13		0x003787f0	0x002a5218	UpdateMoby_13	proto
moby	16_snivelak	15		0x003787f0	0x002a5218	UpdateMoby_15	proto
moby	16_snivelak	16		0x003787f0	0x002a5218	UpdateMoby_16	proto
moby	16_snivelak	17		0x003787f0	0x002a5218	UpdateMoby_17	proto
moby	16_snivelak	18		0x003787f0	0x002a5218	UpdateMoby_18	proto
moby	16_snivelak	19		0x003787f0	0x002a5218	UpdateMoby_19	proto
moby	16_snivelak	71		0x00386838	0x002a5218	UpdateMoby_71	proto
moby	16_snivelak	112		0x00387c88	0x002a5218	UpdateMoby_112	proto
moby	16_snivelak	121		0x00387d88	0x002a5218	UpdateMoby_121	proto
moby	16_snivelak	122		0x00389f10	0x002a5218	UpdateMoby_122	proto
moby	16_snivelak	163		0x0038a1d8	0x002a5218	UpdateMoby_163	proto
moby	16_snivelak	166		0x0038a568	0x002a5218	UpdateMoby_166	proto
moby	16_snivelak	167		0x0038b2b8	0x002a5218	UpdateMoby_167	proto
moby	16_snivelak	172		0x0038c1e8	0x002a5218	UpdateMoby_172	proto
moby	16_snivelak	177		0x0038ce50	0x002a5218	UpdateMoby_177	proto
moby	16_snivelak	179		0x0038fc00	0x002a5218	UpdateMoby_179	proto
moby	16_snivelak	180		0x0038fd48	0x002a5218	UpdateMoby_180	proto
moby	16_snivelak	188		0x00390ba8	0x002a5218	UpdateMoby_188	proto
moby	16_snivelak	192		0x00392780	0x002a5218	UpdateMoby_192	proto
moby	16_snivelak	203		0x00392a70	0x002a5218	UpdateMoby_203	proto
moby	16_snivelak	208		0x00393d78	0x002a5218	UpdateMoby_208	proto
moby	16_snivelak	209		0x00395008	0x002a5218	UpdateMoby_209	proto
moby	16_snivelak	280		0x00395250	0x002a5218	UpdateMoby_280	proto
moby	16_snivelak	357		0x00396190	0x002a5218	UpdateMoby_357	proto
moby	16_snivelak	358		0x003963a0	0x002a5218	UpdateMoby_358	proto
moby	16_snivelak	500		0x00396558	0x002a5218	UpdateMoby_500	proto
moby	16_snivelak	501		0x00396558	0x002a5218	UpdateMoby_501	proto
moby	16_snivelak	511		0x00396558	0x002a5218	UpdateMoby_511	proto
moby	16_snivelak	512		0x00396558	0x002a5218	UpdateMoby_512	proto
moby	16_snivelak	562		0x00398228	0x002a5218	UpdateMoby_562	proto
moby	16_snivelak	607		0x00398490	0x002a5218	UpdateMoby_607	proto
moby	16_snivelak	639		0x003986b0	0x002a5218	UpdateMoby_639	proto
moby	16_snivelak	775		0x00399318	0x002a5218	UpdateMoby_775	proto
moby	16_snivelak	803		0x00399368	0x002a5218	UpdateMoby_803	proto
moby	16_snivelak	804		0x00399638	0x002a5218	UpdateMoby_804	proto
moby	16_snivelak	805		0x003997e0	0x002a5218	UpdateMoby_805	proto
moby	16_snivelak	806		0x0039a408	0x002a5218	UpdateMoby_806	proto
moby	16_snivelak	832		0x0039bc38	0x002a5218	UpdateMoby_832	proto
moby	16_snivelak	1134		0x0039c068	0x002a5218	UpdateMoby_1134	proto
moby	16_snivelak	1143		0x0039ccd0	0x002a5218	UpdateMoby_1143	proto
moby	16_snivelak	1192		0x00387c88	0x002a5218	UpdateMoby_1192	proto
moby	16_snivelak	1482		0x0039cf28	0x002a5218	UpdateMoby_1482	proto
moby	16_snivelak	1483		0x0039eed8	0x002a5218	UpdateMoby_1483	proto
moby	16_snivelak	1486		0x0039ff28	0x002a5218	UpdateMoby_1486	proto
moby	16_snivelak	1487		0x003a08c8	0x002a5218	UpdateMoby_1487	proto
moby	16_snivelak	1489		0x003a13e0	0x002a5218	UpdateMoby_1489	proto
moby	16_snivelak	1490		0x003a2c28	0x002a5218	UpdateMoby_1490	proto
moby	16_snivelak	1494		0x003a3e70	0x002a5218	UpdateMoby_1494	proto
moby	16_snivelak	1496		0x003a5c50	0x002a5218	UpdateMoby_1496	proto
moby	16_snivelak	1497		0x003a6700	0x002a5218	UpdateMoby_1497	proto
moby	16_snivelak	1498		0x003a7ec0	0x002a5218	UpdateMoby_1498	proto
moby	16_snivelak	1502		0x003a8d60	0x002a5218	UpdateMoby_1502	proto
moby	16_snivelak	2024		0x003aa0c8	0x002a5218		
moby	16_snivelak	2043		0x003aa108	0x002a5218	UpdateMoby_2043	proto
moby	16_snivelak	2078		0x003ab358	0x002a5218	UpdateMoby_2078	proto
moby	16_snivelak	2079		0x003acd50	0x002a5218	UpdateMoby_2079	proto
moby	16_snivelak	2080		0x003af6c0	0x002a5218	UpdateMoby_2080	proto
moby	16_snivelak	2085		0x003b0030	0x002a5218	UpdateMoby_2085	proto
moby	16_snivelak	2088		0x003b15b0	0x002a5218	UpdateMoby_2088	proto
moby	16_snivelak	2143		0x003b18a8	0x002a5218	UpdateMoby_2143	proto
moby	16_snivelak	2160		0x003b3d08	0x002a5218	UpdateMoby_2160	proto
moby	16_snivelak	2169		0x003b4048	0x002a5218	UpdateMoby_2169	proto
moby	16_snivelak	2189		0x003b4828	0x002a5218		
moby	16_snivelak	2311		0x003b5df0	0x002a5218	UpdateMoby_2311	proto
moby	16_snivelak	2329		0x003b64c0	0x002a5218	UpdateMoby_2329	proto
moby	16_snivelak	2366		0x003b7150	0x002a5218	UpdateMoby_2366	proto
moby	16_snivelak	2384		0x003b8ef8	0x002a5218	UpdateMoby_2384	proto
moby	16_snivelak	2461		0x003b8f18	0x002a5218	UpdateMoby_2461	proto
moby	16_snivelak	2473		0x003b8f78	0x002a5218	UpdateMoby_2473	proto
moby	16_snivelak	2480		0x0037bdb8	0x002a5218	UpdateMoby_2480	proto
moby	16_snivelak	2491		0x003bbb28	0x002a5218	UpdateMoby_2491	proto
moby	16_snivelak	2650		0x003bc258	0x002a5218	UpdateMoby_2650	proto
moby	16_snivelak	2651		0x003bc6a8	0x002a5218	UpdateMoby_2651	proto
moby	16_snivelak	2652		0x003bd020	0x002a5218	UpdateMoby_2652	proto
moby	16_snivelak	2653		0x003bf528	0x002a5218	UpdateMoby_2653	proto
moby	16_snivelak	2661		0x003c1ab8	0x002a5218	UpdateMoby_2661	proto
moby	16_snivelak	2663		0x003c1d20	0x002a5218	UpdateMoby_2663	proto
moby	16_snivelak	2681		0x003c2c08	0x002a5218	UpdateMoby_2681	proto
moby	16_snivelak	2688		0x003c3870	0x002a5218	UpdateMoby_2688	proto
moby	16_snivelak	2690		0x003c3b30	0x002a5218	UpdateMoby_2690	proto
moby	16_snivelak	2715		0x003c48e8	0x002a5218	UpdateMoby_2715	proto
moby	16_snivelak	2784		0x003c7310	0x002a5218	UpdateMoby_2784	proto
moby	16_snivelak	2801		0x003c7de0	0x002a5218	UpdateMoby_2801	proto
moby	16_snivelak	2806		0x003b4048	0x002a5218	UpdateMoby_2806	proto
moby	16_snivelak	2818		0x003caad8	0x002a5218	UpdateMoby_2818	proto
moby	16_snivelak	2862		0x003cb5d8	0x002a5218	UpdateMoby_2862	proto
moby	16_snivelak	2904		0x003cd778	0x002a5218	UpdateMoby_2904	proto
moby	16_snivelak	3031		0x003cf7e0	0x002a5218	UpdateMoby_3031	proto
moby	16_snivelak	3032		0x003d0d48	0x002a5218	UpdateMoby_3032	proto
moby	16_snivelak	3070		0x003d1ab0	0x002a5218	UpdateMoby_3070	proto
moby	16_snivelak	3076		0x003d2fb8	0x002a5218	UpdateMoby_3076	proto
moby	16_snivelak	3077		0x003d3ee8	0x002a5218	UpdateMoby_3077	proto
moby	16_snivelak	3078		0x003d4190	0x002a5218	UpdateMoby_3078	proto
moby	16_snivelak	3079		0x003d6810	0x002a5218	UpdateMoby_3079	proto
moby	16_snivelak	3122		0x003d6d00	0x002a5218	UpdateMoby_3122	proto
moby	16_snivelak	3137		0x003d6e70	0x002a5218	UpdateMoby_3137	proto
moby	16_snivelak	3146		0x003d74b0	0x002a5218	UpdateMoby_3146	proto
moby	16_snivelak	3161		0x003d9730	0x002a5218	UpdateMoby_3161	proto
moby	16_snivelak	3162		0x003d9c48	0x002a5218	UpdateMoby_3162	proto
moby	16_snivelak	3168		0x003d9eb0	0x002a5218	UpdateMoby_3168	proto
moby	16_snivelak	3169		0x003dafe0	0x002a5218	UpdateMoby_3169	proto
moby	16_snivelak	3171		0x003dafe8	0x002a5218	UpdateMoby_3171	proto
moby	16_snivelak	3206		0x003db1b0	0x002a5218	UpdateMoby_3206	proto
moby	16_snivelak	3207		0x003db310	0x002a5218	UpdateMoby_3207	proto
moby	16_snivelak	3250		0x003dc078	0x002a5218	UpdateMoby_3250	proto
moby	16_snivelak	3253		0x003dccb8	0x002a5218	UpdateMoby_3253	proto
moby	16_snivelak	3259		0x003dd330	0x002a5218	UpdateMoby_3259	proto
moby	16_snivelak	3291		0x003c7310	0x002a5218	UpdateMoby_3291	proto
moby	16_snivelak	3299		0x003de420	0x002a5218	UpdateMoby_3299	proto
moby	16_snivelak	3300		0x003de880	0x002a5218	UpdateMoby_3300	proto
moby	16_snivelak	3301		0x003dedf0	0x002a5218	UpdateMoby_3301	proto
moby	16_snivelak	3303		0x003e0c28	0x002a5218	UpdateMoby_3303	proto
moby	16_snivelak	3305		0x003e30c0	0x002a5218	UpdateMoby_3305	proto
moby	16_snivelak	3307		0x003e3700	0x002a5218	UpdateMoby_3307	proto
moby	16_snivelak	3308		0x003e39e8	0x002a5218	UpdateMoby_3308	proto
moby	16_snivelak	3310		0x003e3cd0	0x002a5218	UpdateMoby_3310	proto
moby	16_snivelak	3315		0x003e4170	0x002a5218	UpdateMoby_3315	proto
moby	16_snivelak	3319		0x003e4e28	0x002a5218	UpdateMoby_3319	proto
moby	16_snivelak	3322		0x003e6e08	0x002a5218	UpdateMoby_3322	proto
moby	16_snivelak	3329		0x003a6700	0x002a5218	UpdateMoby_3329	proto
moby	16_snivelak	3332		0x003e91f8	0x002a5218	UpdateMoby_3332	proto
moby	16_snivelak	3334		0x003e9db0	0x002a5218	UpdateMoby_3334	proto
moby	16_snivelak	3406		0x003ea2d8	0x002a5218	UpdateMoby_3406	proto
moby	16_snivelak	3412		0x003ec9a8	0x002a5218		
moby	16_snivelak	3422		0x003ecad0	0x002a5218	UpdateMoby_3422	proto
moby	16_snivelak	3484		0x003ed418	0x002a5218	UpdateMoby_3484	proto
moby	16_snivelak	3521		0x003edf58	0x002a5218	UpdateMoby_3521	proto
moby	16_snivelak	3545		0x003ee3c8	0x002a5218	UpdateMoby_3545	proto
moby	16_snivelak	3546		0x003eef08	0x002a5218	UpdateMoby_3546	proto
moby	16_snivelak	3604		0x003ef098	0x002a5218	UpdateMoby_3604	proto
moby	16_snivelak	3631		0x003ef718	0x002a5218	UpdateMoby_3631	proto
moby	16_snivelak	3684		0x003f00f0	0x002a5218	UpdateMoby_3684	proto
moby	16_snivelak	3696		0x003f0cc0	0x002a5218	UpdateMoby_3696	proto
moby	16_snivelak	3705		0x003f0df0	0x002a5218	UpdateMoby_3705	proto
moby	16_snivelak	3706		0x003f3c38	0x002a5218	UpdateMoby_3706	proto
moby	16_snivelak	3709		0x003f40a0	0x002a5218	UpdateMoby_3709	proto
moby	16_snivelak	3711		0x003f4fa8	0x002a5218	UpdateMoby_3711	proto
moby	16_snivelak	3717		0x003f54f8	0x002a5218	UpdateMoby_3717	proto
moby	16_snivelak	3742		0x003ef098	0x002a5218	UpdateMoby_3742	proto
moby	16_snivelak	3747		0x003f5a50	0x002a5218	UpdateMoby_3747	proto
moby	16_snivelak	3748		0x003f9258	0x002a5218	UpdateMoby_3748	proto
moby	16_snivelak	3749		0x003fb690	0x002a5218	UpdateMoby_3749	proto
moby	16_snivelak	3751		0x003fc468	0x002a5218	UpdateMoby_3751	proto
moby	16_snivelak	3754		0x003fd1a0	0x002a5218	UpdateMoby_3754	proto
moby	16_snivelak	3755		0x003fda30	0x002a5218	UpdateMoby_3755	proto
moby	16_snivelak	3757		0x003fec50	0x002a5218	UpdateMoby_3757	proto
moby	16_snivelak	3758		0x00401578	0x002a5218	UpdateMoby_3758	proto
moby	16_snivelak	3760		0x004028e0	0x002a5218	UpdateMoby_3760	proto
moby	16_snivelak	3771		0x00403900	0x002a5218	UpdateMoby_3771	proto
moby	16_snivelak	3773		0x004051a8	0x002a5218	UpdateMoby_3773	proto
moby	16_snivelak	3777		0x00406378	0x002a5218	UpdateMoby_3777	proto
moby	16_snivelak	3784		0x004076e0	0x002a5218	UpdateMoby_3784	proto
moby	16_snivelak	3790		0x00407f38	0x002a5218	UpdateMoby_3790	proto
moby	16_snivelak	3799		0x00408d38	0x002a5218	UpdateMoby_3799	proto
moby	16_snivelak	3800		0x0040a2b8	0x002a5218	UpdateMoby_3800	proto
moby	16_snivelak	3845		0x0040bed0	0x002a5218	UpdateMoby_3845	proto
moby	16_snivelak	3893		0x0040c840	0x002a5218	UpdateMoby_3893	proto
moby	16_snivelak	3918		0x0040d4e8	0x002a5218	UpdateMoby_3918	proto
moby	16_snivelak	3949		0x0040e118	0x002a5218	UpdateMoby_3949	proto
moby	16_snivelak	3960		0x0040ecb8	0x002a5218	UpdateMoby_3960	proto
moby	16_snivelak	3961		0x0040ecc0	0x002a5218	UpdateMoby_3961	proto
moby	16_snivelak	3962		0x00413850	0x002a5218	UpdateMoby_3962	proto
moby	16_snivelak	4000		0x00414890	0x002a5218		
moby	16_snivelak	4016		0x00414938	0x002a5218	UpdateMoby_4016	proto
moby	16_snivelak	4100		0x00414f30	0x002a5218	UpdateMoby_4100	proto
moby	16_snivelak	4308		0x004165a8	0x002a5218	UpdateMoby_4308	proto
moby	16_snivelak	4309		0x004165a8	0x002a5218	UpdateMoby_4309	proto
moby	16_snivelak	4310		0x004165a8	0x002a5218	UpdateMoby_4310	proto
moby	16_snivelak	4311		0x004165a8	0x002a5218	UpdateMoby_4311	proto
moby	16_snivelak	4312		0x004165a8	0x002a5218	UpdateMoby_4312	proto
moby	16_snivelak	4313		0x004165a8	0x002a5218	UpdateMoby_4313	proto
moby	16_snivelak	4314		0x004165a8	0x002a5218	UpdateMoby_4314	proto
moby	16_snivelak	4315		0x004165a8	0x002a5218	UpdateMoby_4315	proto
moby	16_snivelak	4316		0x004165a8	0x002a5218	UpdateMoby_4316	proto
moby	16_snivelak	4317		0x004165a8	0x002a5218	UpdateMoby_4317	proto
moby	16_snivelak	4318		0x004165a8	0x002a5218	UpdateMoby_4318	proto
moby	16_snivelak	4319		0x004165a8	0x002a5218	UpdateMoby_4319	proto
moby	16_snivelak	4320		0x004165a8	0x002a5218	UpdateMoby_4320	proto
moby	16_snivelak	4321		0x004165a8	0x002a5218	UpdateMoby_4321	proto
moby	16_snivelak	4325		0x004165a8	0x002a5218	UpdateMoby_4325	proto
moby	16_snivelak	4334		0x004165b8	0x002a5218	UpdateMoby_4334	proto
moby	16_snivelak	4336		0x00417798	0x002a5218	UpdateMoby_4336	proto
moby	16_snivelak	4337		0x00417990	0x002a5218	UpdateMoby_4337	proto
moby	16_snivelak	4347		0x00417db0	0x002a5218	UpdateMoby_4347	proto
moby	16_snivelak	4348		0x004185c0	0x002a5218	UpdateMoby_4348	proto
moby	16_snivelak	4349		0x004185c0	0x002a5218	UpdateMoby_4349	proto
moby	16_snivelak	4350		0x004185c0	0x002a5218	UpdateMoby_4350	proto
moby	16_snivelak	4356		0x004189a0	0x002a5218	UpdateMoby_4356	proto
moby	16_snivelak	4359		0x00418d28	0x002a5218	UpdateMoby_4359	proto
moby	16_snivelak	4379		0x00418e38	0x002a5218	UpdateMoby_4379	proto
moby	16_snivelak	4398		0x004192a8	0x002a5218	UpdateMoby_4398	proto
moby	16_snivelak	4406		0x00419c38	0x002a5218	UpdateMoby_4406	proto
moby	16_snivelak	4407		0x0041bd78	0x002a5218	UpdateMoby_4407	proto
moby	16_snivelak	4421		0x0041c6a0	0x002a5218	UpdateMoby_4421	proto
moby	16_snivelak	4428		0x0041c7a0	0x002a5218	UpdateMoby_4428	proto
moby	16_snivelak	4436		0x0041c990	0x002a5218	UpdateMoby_4436	proto
moby	16_snivelak	4450		0x0041cb30	0x002a5218	UpdateMoby_4450	proto
moby	16_snivelak	4498		0x003bd020	0x002a5218	UpdateMoby_4498	proto
moby	16_snivelak	4501		0x0041d478	0x002a5218	UpdateMoby_4501	proto
moby	16_snivelak	4533		0x0041e370	0x002a5218		
moby	16_snivelak	4548		0x0041e518	0x002a5218	UpdateMoby_4548	proto
moby	16_snivelak	4701		0x0041ebe8	0x002a5218	UpdateMoby_4701	proto
moby	16_snivelak	4747		0x0037bdb8	0x002a5218		
moby	16_snivelak	4798		0x0041ee90	0x002a5218		
moby	16_snivelak	5020		0x0041f8d0	0x002a5218	UpdateMoby_5020	proto
moby	16_snivelak	5021		0x00420fb8	0x002a5218	UpdateMoby_5021	proto
moby	16_snivelak	5022		0x00422628	0x002a5218	UpdateMoby_5022	proto
moby	16_snivelak	5023		0x00423fa8	0x002a5218	UpdateMoby_5023	proto
moby	16_snivelak	5024		0x003e7c30	0x002a5218	UpdateMoby_5024	proto
moby	16_snivelak	3699		0x00424b50	0x002a5218	UpdateMoby_3699	proto
moby	16_snivelak	1481		0x00424bf0	0x002a5218	UpdateMoby_1481	proto
moby	16_snivelak	2170		0x00427ad8	0x002a5218	UpdateMoby_2170	proto
moby	16_snivelak	3209		0x00429db0	0x002a5218	UpdateMoby_3209	proto
cam	16_snivelak	0	InitCamera	0x00431350		InitCamera_0	proto
cam	16_snivelak	0	ActivateCamera	0x0042e350		ActivateCamera_0	proto
cam	16_snivelak	0	UpdateCamera	0x00431358		UpdateCamera_0	proto
cam	16_snivelak	0	ExitCamera	0x00431418		ExitCamera_0	proto
cam	16_snivelak	3	InitCamera	0x00432370		InitCamera_3	proto
cam	16_snivelak	3	ActivateCamera	0x00432378		ActivateCamera_3	proto
cam	16_snivelak	3	UpdateCamera	0x004318e0		UpdateCamera_3	proto
cam	16_snivelak	3	ExitCamera	0x004325c8		ExitCamera_3	proto
cam	16_snivelak	4	InitCamera	0x00432e30		InitCamera_4	proto
cam	16_snivelak	4	ActivateCamera	0x004331c0		ActivateCamera_4	proto
cam	16_snivelak	4	UpdateCamera	0x004328a0		UpdateCamera_4	proto
cam	16_snivelak	4	ExitCamera	0x00433278		ExitCamera_4	proto
cam	16_snivelak	5	InitCamera	0x00433c90		InitCamera_5	proto
cam	16_snivelak	5	ActivateCamera	0x004337e0		ActivateCamera_5	proto
cam	16_snivelak	5	UpdateCamera	0x00433c98		UpdateCamera_5	proto
cam	16_snivelak	5	ExitCamera	0x00433cf0		ExitCamera_5	proto
cam	16_snivelak	6	InitCamera	0x00434660		InitCamera_6	proto
cam	16_snivelak	6	ActivateCamera	0x00434668		ActivateCamera_6	proto
cam	16_snivelak	6	UpdateCamera	0x00434718		UpdateCamera_6	proto
cam	16_snivelak	6	ExitCamera	0x00434738		ExitCamera_6	proto
cam	16_snivelak	7	InitCamera	0x00435388		InitCamera_7	proto
cam	16_snivelak	7	ActivateCamera	0x00434740		ActivateCamera_7	proto
cam	16_snivelak	7	UpdateCamera	0x00435390		UpdateCamera_7	proto
cam	16_snivelak	7	ExitCamera	0x00435478		ExitCamera_7	proto
cam	16_snivelak	23	InitCamera	0x00435c28		InitCamera_23	proto
cam	16_snivelak	23	ActivateCamera	0x00435cb0		ActivateCamera_23	proto
cam	16_snivelak	23	UpdateCamera	0x00435cb8		UpdateCamera_23	proto
cam	16_snivelak	23	ExitCamera	0x00435cc0		ExitCamera_23	proto
cam	16_snivelak	24	InitCamera	0x004364b0		InitCamera_24	proto
cam	16_snivelak	24	ActivateCamera	0x004364d0		ActivateCamera_24	proto
cam	16_snivelak	24	UpdateCamera	0x004364d8		UpdateCamera_24	proto
cam	16_snivelak	24	ExitCamera	0x004364e0		ExitCamera_24	proto
cam	16_snivelak	27	InitCamera	0x00436b08		InitCamera_27	proto
cam	16_snivelak	27	ActivateCamera	0x004364e8		ActivateCamera_27	proto
cam	16_snivelak	27	UpdateCamera	0x00436660		UpdateCamera_27	proto
cam	16_snivelak	27	ExitCamera	0x00436b10		ExitCamera_27	proto
moby	17_smolg	2		0x003840b0	0x002a4ec0	UpdateMoby_2	proto
moby	17_smolg	14		0x003840b8	0x002a4ec0	UpdateMoby_14	proto
moby	17_smolg	1007		0x00385bf0	0x002a4ec0	UpdateMoby_1007	proto
moby	17_smolg	3879		0x00385de8	0x002a4ec0		
moby	17_smolg	4853		0x00386228	0x002a4ec0		
moby	17_smolg	4917		0x00386248	0x002a4ec0		
moby	17_smolg	4959		0x00387a28	0x002a4ec0		
moby	17_smolg	4966		0x003891d0	0x002a4ec0		
moby	17_smolg	4967		0x0038bc78	0x002a4ec0		
moby	17_smolg	11		0x0038dfc8	0x002a4ec0	UpdateMoby_11	proto
moby	17_smolg	13		0x003840b8	0x002a4ec0	UpdateMoby_13	proto
moby	17_smolg	15		0x003840b8	0x002a4ec0	UpdateMoby_15	proto
moby	17_smolg	16		0x003840b8	0x002a4ec0	UpdateMoby_16	proto
moby	17_smolg	17		0x003840b8	0x002a4ec0	UpdateMoby_17	proto
moby	17_smolg	18		0x003840b8	0x002a4ec0	UpdateMoby_18	proto
moby	17_smolg	19		0x003840b8	0x002a4ec0	UpdateMoby_19	proto
moby	17_smolg	71		0x0038f4a8	0x002a4ec0	UpdateMoby_71	proto
moby	17_smolg	112		0x003908f8	0x002a4ec0	UpdateMoby_112	proto
moby	17_smolg	121		0x003909f8	0x002a4ec0	UpdateMoby_121	proto
moby	17_smolg	122		0x00392b80	0x002a4ec0	UpdateMoby_122	proto
moby	17_smolg	163		0x00392e48	0x002a4ec0	UpdateMoby_163	proto
moby	17_smolg	166		0x003931d8	0x002a4ec0	UpdateMoby_166	proto
moby	17_smolg	167		0x00393f28	0x002a4ec0	UpdateMoby_167	proto
moby	17_smolg	172		0x00394e58	0x002a4ec0	UpdateMoby_172	proto
moby	17_smolg	177		0x00395ac0	0x002a4ec0	UpdateMoby_177	proto
moby	17_smolg	179		0x00398870	0x002a4ec0	UpdateMoby_179	proto
moby	17_smolg	180		0x003989b8	0x002a4ec0	UpdateMoby_180	proto
moby	17_smolg	188		0x00399818	0x002a4ec0	UpdateMoby_188	proto
moby	17_smolg	192		0x0039b3f0	0x002a4ec0	UpdateMoby_192	proto
moby	17_smolg	203		0x0039b6e0	0x002a4ec0	UpdateMoby_203	proto
moby	17_smolg	208		0x0039c9e8	0x002a4ec0	UpdateMoby_208	proto
moby	17_smolg	209		0x0039dc78	0x002a4ec0	UpdateMoby_209	proto
moby	17_smolg	258		0x0039e158	0x002a4ec0	UpdateMoby_258	proto
moby	17_smolg	315		0x0039e368	0x002a4ec0	UpdateMoby_315	proto
moby	17_smolg	357		0x0039e3c0	0x002a4ec0	UpdateMoby_357	proto
moby	17_smolg	358		0x0039e5d0	0x002a4ec0	UpdateMoby_358	proto
moby	17_smolg	500		0x0039e788	0x002a4ec0	UpdateMoby_500	proto
moby	17_smolg	505		0x0039e788	0x002a4ec0	UpdateMoby_505	proto
moby	17_smolg	511		0x0039e788	0x002a4ec0	UpdateMoby_511	proto
moby	17_smolg	512		0x0039e788	0x002a4ec0	UpdateMoby_512	proto
moby	17_smolg	562		0x003a0458	0x002a4ec0	UpdateMoby_562	proto
moby	17_smolg	607		0x003a06c0	0x002a4ec0	UpdateMoby_607	proto
moby	17_smolg	639		0x003a08e0	0x002a4ec0	UpdateMoby_639	proto
moby	17_smolg	702		0x003a14a0	0x002a4ec0	UpdateMoby_702	proto
moby	17_smolg	775		0x003a1818	0x002a4ec0	UpdateMoby_775	proto
moby	17_smolg	794		0x003a1b60	0x002a4ec0	UpdateMoby_794	proto
moby	17_smolg	803		0x003a1f98	0x002a4ec0	UpdateMoby_803	proto
moby	17_smolg	804		0x003a2268	0x002a4ec0	UpdateMoby_804	proto
moby	17_smolg	805		0x003a2410	0x002a4ec0	UpdateMoby_805	proto
moby	17_smolg	806		0x003a3038	0x002a4ec0	UpdateMoby_806	proto
moby	17_smolg	809		0x003a4660	0x002a4ec0	UpdateMoby_809	proto
moby	17_smolg	832		0x003a4950	0x002a4ec0	UpdateMoby_832	proto
moby	17_smolg	1067		0x003a4af0	0x002a4ec0	UpdateMoby_1067	proto
moby	17_smolg	1073		0x003a53f8	0x002a4ec0	UpdateMoby_1073	proto
moby	17_smolg	1134		0x003a5a58	0x002a4ec0	UpdateMoby_1134	proto
moby	17_smolg	1135		0x003a6788	0x002a4ec0	UpdateMoby_1135	proto
moby	17_smolg	1143		0x003a7828	0x002a4ec0	UpdateMoby_1143	proto
moby	17_smolg	1192		0x003908f8	0x002a4ec0	UpdateMoby_1192	proto
moby	17_smolg	1482		0x003a7a80	0x002a4ec0	UpdateMoby_1482	proto
moby	17_smolg	1483		0x003a9a30	0x002a4ec0	UpdateMoby_1483	proto
moby	17_smolg	1486		0x003aaa80	0x002a4ec0	UpdateMoby_1486	proto
moby	17_smolg	1487		0x003ab420	0x002a4ec0	UpdateMoby_1487	proto
moby	17_smolg	1489		0x003abf38	0x002a4ec0	UpdateMoby_1489	proto
moby	17_smolg	1490		0x003ad780	0x002a4ec0	UpdateMoby_1490	proto
moby	17_smolg	1494		0x003ae9c8	0x002a4ec0	UpdateMoby_1494	proto
moby	17_smolg	1496		0x003b07a8	0x002a4ec0	UpdateMoby_1496	proto
moby	17_smolg	1497		0x003b1258	0x002a4ec0	UpdateMoby_1497	proto
moby	17_smolg	1498		0x003b2a18	0x002a4ec0	UpdateMoby_1498	proto
moby	17_smolg	2050		0x003b38b0	0x002a4ec0	UpdateMoby_2050	proto
moby	17_smolg	2051		0x003b38b0	0x002a4ec0	UpdateMoby_2051	proto
moby	17_smolg	2052		0x003b38b0	0x002a4ec0	UpdateMoby_2052	proto
moby	17_smolg	2055		0x003b38b0	0x002a4ec0	UpdateMoby_2055	proto
moby	17_smolg	2056		0x003b38b0	0x002a4ec0	UpdateMoby_2056	proto
moby	17_smolg	2057		0x003b38b0	0x002a4ec0	UpdateMoby_2057	proto
moby	17_smolg	2078		0x003b3e20	0x002a4ec0	UpdateMoby_2078	proto
moby	17_smolg	2079		0x003b5818	0x002a4ec0	UpdateMoby_2079	proto
moby	17_smolg	2080		0x003b8188	0x002a4ec0	UpdateMoby_2080	proto
moby	17_smolg	2085		0x003b8af8	0x002a4ec0	UpdateMoby_2085	proto
moby	17_smolg	2088		0x003ba078	0x002a4ec0	UpdateMoby_2088	proto
moby	17_smolg	2143		0x003ba370	0x002a4ec0	UpdateMoby_2143	proto
moby	17_smolg	2160		0x003bc7d0	0x002a4ec0	UpdateMoby_2160	proto
moby	17_smolg	2163		0x003bcb10	0x002a4ec0	UpdateMoby_2163	proto
moby	17_smolg	2167		0x003bcbc8	0x002a4ec0	UpdateMoby_2167	proto
moby	17_smolg	2168		0x003bd310	0x002a4ec0	UpdateMoby_2168	proto
moby	17_smolg	2169		0x003bd920	0x002a4ec0	UpdateMoby_2169	proto
moby	17_smolg	2189		0x003be100	0x002a4ec0		
moby	17_smolg	2198		0x003bf6c8	0x002a4ec0	UpdateMoby_2198	proto
moby	17_smolg	2208		0x003c2538	0x002a4ec0	UpdateMoby_2208	proto
moby	17_smolg	2209		0x003c2e48	0x002a4ec0	UpdateMoby_2209	proto
moby	17_smolg	2215		0x003c3330	0x002a4ec0	UpdateMoby_2215	proto
moby	17_smolg	2220		0x003c3c50	0x002a4ec0	UpdateMoby_2220	proto
moby	17_smolg	2221		0x003bd310	0x002a4ec0	UpdateMoby_2221	proto
moby	17_smolg	2222		0x003bcbc8	0x002a4ec0	UpdateMoby_2222	proto
moby	17_smolg	2223		0x003c4090	0x002a4ec0	UpdateMoby_2223	proto
moby	17_smolg	2224		0x003bcbc8	0x002a4ec0	UpdateMoby_2224	proto
moby	17_smolg	2225		0x003c45a0	0x002a4ec0	UpdateMoby_2225	proto
moby	17_smolg	2230		0x003b38b0	0x002a4ec0	UpdateMoby_2230	proto
moby	17_smolg	2231		0x003b38b0	0x002a4ec0	UpdateMoby_2231	proto
moby	17_smolg	2233		0x003b38b0	0x002a4ec0	UpdateMoby_2233	proto
moby	17_smolg	2264		0x003bd310	0x002a4ec0	UpdateMoby_2264	proto
moby	17_smolg	2274		0x003c54b8	0x002a4ec0	UpdateMoby_2274	proto
moby	17_smolg	2311		0x003c5678	0x002a4ec0	UpdateMoby_2311	proto
moby	17_smolg	2336		0x003c5c28	0x002a4ec0	UpdateMoby_2336	proto
moby	17_smolg	2337		0x003c5c28	0x002a4ec0	UpdateMoby_2337	proto
moby	17_smolg	2338		0x003c6130	0x002a4ec0	UpdateMoby_2338	proto
moby	17_smolg	2345		0x003c7260	0x002a4ec0	UpdateMoby_2345	proto
moby	17_smolg	2353		0x003b38b0	0x002a4ec0	UpdateMoby_2353	proto
moby	17_smolg	2354		0x003b38b0	0x002a4ec0	UpdateMoby_2354	proto
moby	17_smolg	2355		0x003b38b0	0x002a4ec0	UpdateMoby_2355	proto
moby	17_smolg	2356		0x003b38b0	0x002a4ec0	UpdateMoby_2356	proto
moby	17_smolg	2357		0x003c7680	0x002a4ec0	UpdateMoby_2357	proto
moby	17_smolg	2359		0x003c7c70	0x002a4ec0	UpdateMoby_2359	proto
moby	17_smolg	2363		0x003c8248	0x002a4ec0	UpdateMoby_2363	proto
moby	17_smolg	2365		0x003c3c50	0x002a4ec0	UpdateMoby_2365	proto
moby	17_smolg	2384		0x003c9ad8	0x002a4ec0	UpdateMoby_2384	proto
moby	17_smolg	2473		0x003c9af8	0x002a4ec0	UpdateMoby_2473	proto
moby	17_smolg	2477		0x003cc6a8	0x002a4ec0	UpdateMoby_2477	proto
moby	17_smolg	2478		0x003cc850	0x002a4ec0	UpdateMoby_2478	proto
moby	17_smolg	2491		0x003ccab0	0x002a4ec0	UpdateMoby_2491	proto
moby	17_smolg	2503		0x003cd1e0	0x002a4ec0	UpdateMoby_2503	proto
moby	17_smolg	2596		0x003cd950	0x002a4ec0	UpdateMoby_2596	proto
moby	17_smolg	2645		0x003cd9e8	0x002a4ec0	UpdateMoby_2645	proto
moby	17_smolg	2650		0x003cda60	0x002a4ec0	UpdateMoby_2650	proto
moby	17_smolg	2651		0x003cdeb0	0x002a4ec0	UpdateMoby_2651	proto
moby	17_smolg	2652		0x003ce828	0x002a4ec0	UpdateMoby_2652	proto
moby	17_smolg	2653		0x003d0d30	0x002a4ec0	UpdateMoby_2653	proto
moby	17_smolg	2661		0x003d32c0	0x002a4ec0	UpdateMoby_2661	proto
moby	17_smolg	2663		0x003d3528	0x002a4ec0	UpdateMoby_2663	proto
moby	17_smolg	2690		0x003d4410	0x002a4ec0	UpdateMoby_2690	proto
moby	17_smolg	2715		0x003d51c8	0x002a4ec0	UpdateMoby_2715	proto
moby	17_smolg	2784		0x003d7bf0	0x002a4ec0	UpdateMoby_2784	proto
moby	17_smolg	2801		0x003d86c0	0x002a4ec0	UpdateMoby_2801	proto
moby	17_smolg	2806		0x003bd920	0x002a4ec0	UpdateMoby_2806	proto
moby	17_smolg	2812		0x003da778	0x002a4ec0	UpdateMoby_2812	proto
moby	17_smolg	2818		0x003db3c0	0x002a4ec0	UpdateMoby_2818	proto
moby	17_smolg	2834		0x003dbe50	0x002a4ec0	UpdateMoby_2834	proto
moby	17_smolg	2856		0x003dbe58	0x002a4ec0	UpdateMoby_2856	proto
moby	17_smolg	2857		0x003de328	0x002a4ec0	UpdateMoby_2857	proto
moby	17_smolg	2862		0x003def40	0x002a4ec0	UpdateMoby_2862	proto
moby	17_smolg	2904		0x003e10e0	0x002a4ec0	UpdateMoby_2904	proto
moby	17_smolg	2952		0x003e31e8	0x002a4ec0	UpdateMoby_2952	proto
moby	17_smolg	3007		0x003e52f8	0x002a4ec0	UpdateMoby_3007	proto
moby	17_smolg	3019		0x003e7068	0x002a4ec0	UpdateMoby_3019	proto
moby	17_smolg	3031		0x003e8e28	0x002a4ec0	UpdateMoby_3031	proto
moby	17_smolg	3032		0x003ea390	0x002a4ec0	UpdateMoby_3032	proto
moby	17_smolg	3070		0x003eb0f8	0x002a4ec0	UpdateMoby_3070	proto
moby	17_smolg	3076		0x003ec600	0x002a4ec0	UpdateMoby_3076	proto
moby	17_smolg	3077		0x003ed530	0x002a4ec0	UpdateMoby_3077	proto
moby	17_smolg	3078		0x003ed7d8	0x002a4ec0	UpdateMoby_3078	proto
moby	17_smolg	3079		0x003efe58	0x002a4ec0	UpdateMoby_3079	proto
moby	17_smolg	3098		0x003f0940	0x002a4ec0	UpdateMoby_3098	proto
moby	17_smolg	3137		0x003f1060	0x002a4ec0	UpdateMoby_3137	proto
moby	17_smolg	3146		0x003f16a0	0x002a4ec0	UpdateMoby_3146	proto
moby	17_smolg	3161		0x003f3920	0x002a4ec0	UpdateMoby_3161	proto
moby	17_smolg	3162		0x003f3e38	0x002a4ec0	UpdateMoby_3162	proto
moby	17_smolg	3250		0x003f4bd0	0x002a4ec0	UpdateMoby_3250	proto
moby	17_smolg	3253		0x003f5810	0x002a4ec0	UpdateMoby_3253	proto
moby	17_smolg	3259		0x003f5e88	0x002a4ec0	UpdateMoby_3259	proto
moby	17_smolg	3291		0x003d7bf0	0x002a4ec0	UpdateMoby_3291	proto
moby	17_smolg	3299		0x003f6f78	0x002a4ec0	UpdateMoby_3299	proto
moby	17_smolg	3300		0x003f73d8	0x002a4ec0	UpdateMoby_3300	proto
moby	17_smolg	3301		0x003f7948	0x002a4ec0	UpdateMoby_3301	proto
moby	17_smolg	3303		0x003f9780	0x002a4ec0	UpdateMoby_3303	proto
moby	17_smolg	3307		0x003fbc18	0x002a4ec0	UpdateMoby_3307	proto
moby	17_smolg	3308		0x003fbf00	0x002a4ec0	UpdateMoby_3308	proto
moby	17_smolg	3310		0x003fc1e8	0x002a4ec0	UpdateMoby_3310	proto
moby	17_smolg	3315		0x003fc688	0x002a4ec0	UpdateMoby_3315	proto
moby	17_smolg	3319		0x003fd340	0x002a4ec0	UpdateMoby_3319	proto
moby	17_smolg	3329		0x003b1258	0x002a4ec0	UpdateMoby_3329	proto
moby	17_smolg	3332		0x00400c28	0x002a4ec0	UpdateMoby_3332	proto
moby	17_smolg	3406		0x00401ac8	0x002a4ec0	UpdateMoby_3406	proto
moby	17_smolg	3422		0x004042b8	0x002a4ec0	UpdateMoby_3422	proto
moby	17_smolg	3484		0x00404c00	0x002a4ec0	UpdateMoby_3484	proto
moby	17_smolg	3521		0x00405740	0x002a4ec0	UpdateMoby_3521	proto
moby	17_smolg	3546		0x00405e48	0x002a4ec0	UpdateMoby_3546	proto
moby	17_smolg	3604		0x00405fd8	0x002a4ec0	UpdateMoby_3604	proto
moby	17_smolg	3631		0x00406658	0x002a4ec0	UpdateMoby_3631	proto
moby	17_smolg	3684		0x00407030	0x002a4ec0	UpdateMoby_3684	proto
moby	17_smolg	3696		0x00407c00	0x002a4ec0	UpdateMoby_3696	proto
moby	17_smolg	3705		0x00407d30	0x002a4ec0	UpdateMoby_3705	proto
moby	17_smolg	3706		0x0040ab78	0x002a4ec0	UpdateMoby_3706	proto
moby	17_smolg	3709		0x0040afe0	0x002a4ec0	UpdateMoby_3709	proto
moby	17_smolg	3742		0x00405fd8	0x002a4ec0	UpdateMoby_3742	proto
moby	17_smolg	3749		0x0040bee8	0x002a4ec0	UpdateMoby_3749	proto
moby	17_smolg	3754		0x0040ccc0	0x002a4ec0	UpdateMoby_3754	proto
moby	17_smolg	3755		0x0040d550	0x002a4ec0	UpdateMoby_3755	proto
moby	17_smolg	3757		0x0040e770	0x002a4ec0	UpdateMoby_3757	proto
moby	17_smolg	3760		0x00410da0	0x002a4ec0	UpdateMoby_3760	proto
moby	17_smolg	3784		0x00411dc0	0x002a4ec0	UpdateMoby_3784	proto
moby	17_smolg	3790		0x00412618	0x002a4ec0	UpdateMoby_3790	proto
moby	17_smolg	3799		0x00413418	0x002a4ec0	UpdateMoby_3799	proto
moby	17_smolg	3800		0x00414998	0x002a4ec0	UpdateMoby_3800	proto
moby	17_smolg	3845		0x004165b0	0x002a4ec0	UpdateMoby_3845	proto
moby	17_smolg	3949		0x00417218	0x002a4ec0	UpdateMoby_3949	proto
moby	17_smolg	3950		0x00417db8	0x002a4ec0	UpdateMoby_3950	proto
moby	17_smolg	3959		0x004183c0	0x002a4ec0	UpdateMoby_3959	proto
moby	17_smolg	4000		0x004183c8	0x002a4ec0		
moby	17_smolg	4016		0x00418470	0x002a4ec0	UpdateMoby_4016	proto
moby	17_smolg	4029		0x00418a68	0x002a4ec0	UpdateMoby_4029	proto
moby	17_smolg	4055		0x00418d10	0x002a4ec0		
moby	17_smolg	4100		0x00418e40	0x002a4ec0	UpdateMoby_4100	proto
moby	17_smolg	4308		0x0041a4b8	0x002a4ec0	UpdateMoby_4308	proto
moby	17_smolg	4309		0x0041a4b8	0x002a4ec0	UpdateMoby_4309	proto
moby	17_smolg	4310		0x0041a4b8	0x002a4ec0	UpdateMoby_4310	proto
moby	17_smolg	4311		0x0041a4b8	0x002a4ec0	UpdateMoby_4311	proto
moby	17_smolg	4312		0x0041a4b8	0x002a4ec0	UpdateMoby_4312	proto
moby	17_smolg	4313		0x0041a4b8	0x002a4ec0	UpdateMoby_4313	proto
moby	17_smolg	4314		0x0041a4b8	0x002a4ec0	UpdateMoby_4314	proto
moby	17_smolg	4315		0x0041a4b8	0x002a4ec0	UpdateMoby_4315	proto
moby	17_smolg	4316		0x0041a4b8	0x002a4ec0	UpdateMoby_4316	proto
moby	17_smolg	4317		0x0041a4b8	0x002a4ec0	UpdateMoby_4317	proto
moby	17_smolg	4318		0x0041a4b8	0x002a4ec0	UpdateMoby_4318	proto
moby	17_smolg	4319		0x0041a4b8	0x002a4ec0	UpdateMoby_4319	proto
moby	17_smolg	4320		0x0041a4b8	0x002a4ec0	UpdateMoby_4320	proto
moby	17_smolg	4321		0x0041a4b8	0x002a4ec0	UpdateMoby_4321	proto
moby	17_smolg	4325		0x0041a4b8	0x002a4ec0	UpdateMoby_4325	proto
moby	17_smolg	4332		0x0041a4c8	0x002a4ec0	UpdateMoby_4332	proto
moby	17_smolg	4406		0x0041a698	0x002a4ec0	UpdateMoby_4406	proto
moby	17_smolg	4407		0x0041c7d8	0x002a4ec0	UpdateMoby_4407	proto
moby	17_smolg	4498		0x003ce828	0x002a4ec0	UpdateMoby_4498	proto
moby	17_smolg	4501		0x0041d230	0x002a4ec0	UpdateMoby_4501	proto
moby	17_smolg	4518		0x0041e208	0x002a4ec0	UpdateMoby_4518	proto
moby	17_smolg	4621		0x0041eaa8	0x002a4ec0	UpdateMoby_4621	proto
moby	17_smolg	4628		0x0041ed50	0x002a4ec0	UpdateMoby_4628	proto
moby	17_smolg	4681		0x0041ed58	0x002a4ec0	UpdateMoby_4681	proto
moby	17_smolg	4694		0x0041f478	0x002a4ec0	UpdateMoby_4694	proto
moby	17_smolg	4722		0x0041f8f0	0x002a4ec0	UpdateMoby_4722	proto
moby	17_smolg	4794		0x0041fa68	0x002a4ec0		
moby	17_smolg	4869		0x00420a50	0x002a4ec0		
moby	17_smolg	4902		0x00420e08	0x002a4ec0		
moby	17_smolg	5020		0x00421408	0x002a4ec0	UpdateMoby_5020	proto
moby	17_smolg	5021		0x00422af0	0x002a4ec0	UpdateMoby_5021	proto
moby	17_smolg	5022		0x00424160	0x002a4ec0	UpdateMoby_5022	proto
moby	17_smolg	5023		0x00425ae0	0x002a4ec0	UpdateMoby_5023	proto
moby	17_smolg	5024		0x003ff660	0x002a4ec0	UpdateMoby_5024	proto
moby	17_smolg	1481		0x00426688	0x002a4ec0	UpdateMoby_1481	proto
moby	17_smolg	2170		0x00429570	0x002a4ec0	UpdateMoby_2170	proto
moby	17_smolg	3209		0x0042b848	0x002a4ec0	UpdateMoby_3209	proto
cam	17_smolg	0	InitCamera	0x00432da0		InitCamera_0	proto
cam	17_smolg	0	ActivateCamera	0x0042fde8		ActivateCamera_0	proto
cam	17_smolg	0	UpdateCamera	0x00432da8		UpdateCamera_0	proto
cam	17_smolg	0	ExitCamera	0x00432e68		ExitCamera_0	proto
cam	17_smolg	4	InitCamera	0x00433668		InitCamera_4	proto
cam	17_smolg	4	ActivateCamera	0x004339f8		ActivateCamera_4	proto
cam	17_smolg	4	UpdateCamera	0x004330d8		UpdateCamera_4	proto
cam	17_smolg	4	ExitCamera	0x00433ab0		ExitCamera_4	proto
cam	17_smolg	5	InitCamera	0x004344c8		InitCamera_5	proto
cam	17_smolg	5	ActivateCamera	0x00434018		ActivateCamera_5	proto
cam	17_smolg	5	UpdateCamera	0x004344d0		UpdateCamera_5	proto
cam	17_smolg	5	ExitCamera	0x00434528		ExitCamera_5	proto
cam	17_smolg	6	InitCamera	0x00434e98		InitCamera_6	proto
cam	17_smolg	6	ActivateCamera	0x00434ea0		ActivateCamera_6	proto
cam	17_smolg	6	UpdateCamera	0x00434f50		UpdateCamera_6	proto
cam	17_smolg	6	ExitCamera	0x00434f70		ExitCamera_6	proto
cam	17_smolg	7	InitCamera	0x00435bc0		InitCamera_7	proto
cam	17_smolg	7	ActivateCamera	0x00434f78		ActivateCamera_7	proto
cam	17_smolg	7	UpdateCamera	0x00435bc8		UpdateCamera_7	proto
cam	17_smolg	7	ExitCamera	0x00435cb0		ExitCamera_7	proto
cam	17_smolg	19	InitCamera	0x00436868		InitCamera_19	proto
cam	17_smolg	19	ActivateCamera	0x00435df0		ActivateCamera_19	proto
cam	17_smolg	19	UpdateCamera	0x004361b8		UpdateCamera_19	proto
cam	17_smolg	19	ExitCamera	0x00436930		ExitCamera_19	proto
cam	17_smolg	23	InitCamera	0x004370b0		InitCamera_23	proto
cam	17_smolg	23	ActivateCamera	0x00437138		ActivateCamera_23	proto
cam	17_smolg	23	UpdateCamera	0x00437140		UpdateCamera_23	proto
cam	17_smolg	23	ExitCamera	0x00437148		ExitCamera_23	proto
cam	17_smolg	27	InitCamera	0x00437790		InitCamera_27	proto
cam	17_smolg	27	ActivateCamera	0x00437170		ActivateCamera_27	proto
cam	17_smolg	27	UpdateCamera	0x004372e8		UpdateCamera_27	proto
cam	17_smolg	27	ExitCamera	0x00437798		ExitCamera_27	proto
snd	17_smolg	1	UpdateSound	0x00437868		UpdateSound_1	proto
snd	17_smolg	3	UpdateSound	0x00437b08		UpdateSound_3	proto
moby	18_damosel	2		0x0039eef0	0x002c18ac	UpdateMoby_2	proto
moby	18_damosel	14		0x0039eef8	0x002c18ac	UpdateMoby_14	proto
moby	18_damosel	1007		0x003a0a30	0x002c18ac	UpdateMoby_1007	proto
moby	18_damosel	3124		0x003a0c28	0x002c18ac		
moby	18_damosel	4810		0x003a0d78	0x002c18ac		
moby	18_damosel	4853		0x003a0e10	0x002c18ac		
moby	18_damosel	4917		0x003a0e30	0x002c18ac		
moby	18_damosel	4959		0x003a2610	0x002c18ac		
moby	18_damosel	4966		0x003a3db8	0x002c18ac		
moby	18_damosel	4967		0x003a6860	0x002c18ac		
moby	18_damosel	11		0x003a8bb0	0x002c18ac	UpdateMoby_11	proto
moby	18_damosel	13		0x0039eef8	0x002c18ac	UpdateMoby_13	proto
moby	18_damosel	15		0x0039eef8	0x002c18ac	UpdateMoby_15	proto
moby	18_damosel	16		0x0039eef8	0x002c18ac	UpdateMoby_16	proto
moby	18_damosel	17		0x0039eef8	0x002c18ac	UpdateMoby_17	proto
moby	18_damosel	18		0x0039eef8	0x002c18ac	UpdateMoby_18	proto
moby	18_damosel	19		0x0039eef8	0x002c18ac	UpdateMoby_19	proto
moby	18_damosel	71		0x003aa090	0x002c18ac	UpdateMoby_71	proto
moby	18_damosel	112		0x003ab4e0	0x002c18ac	UpdateMoby_112	proto
moby	18_damosel	121		0x003ab5e0	0x002c18ac	UpdateMoby_121	proto
moby	18_damosel	122		0x003ad768	0x002c18ac	UpdateMoby_122	proto
moby	18_damosel	163		0x003ada30	0x002c18ac	UpdateMoby_163	proto
moby	18_damosel	166		0x003addc0	0x002c18ac	UpdateMoby_166	proto
moby	18_damosel	167		0x003aeb10	0x002c18ac	UpdateMoby_167	proto
moby	18_damosel	172		0x003afa40	0x002c18ac	UpdateMoby_172	proto
moby	18_damosel	177		0x003b06a8	0x002c18ac	UpdateMoby_177	proto
moby	18_damosel	179		0x003b3458	0x002c18ac	UpdateMoby_179	proto
moby	18_damosel	180		0x003b35a0	0x002c18ac	UpdateMoby_180	proto
moby	18_damosel	188		0x003b4400	0x002c18ac	UpdateMoby_188	proto
moby	18_damosel	192		0x003b5fd8	0x002c18ac	UpdateMoby_192	proto
moby	18_damosel	203		0x003b62c8	0x002c18ac	UpdateMoby_203	proto
moby	18_damosel	208		0x003b75d0	0x002c18ac	UpdateMoby_208	proto
moby	18_damosel	209		0x003b8860	0x002c18ac	UpdateMoby_209	proto
moby	18_damosel	357		0x003b8aa8	0x002c18ac	UpdateMoby_357	proto
moby	18_damosel	358		0x003b8cb8	0x002c18ac	UpdateMoby_358	proto
moby	18_damosel	500		0x003b8e70	0x002c18ac	UpdateMoby_500	proto
moby	18_damosel	511		0x003b8e70	0x002c18ac	UpdateMoby_511	proto
moby	18_damosel	512		0x003b8e70	0x002c18ac	UpdateMoby_512	proto
moby	18_damosel	562		0x003bab40	0x002c18ac	UpdateMoby_562	proto
moby	18_damosel	607		0x003bada8	0x002c18ac	UpdateMoby_607	proto
moby	18_damosel	639		0x003bafc8	0x002c18ac	UpdateMoby_639	proto
moby	18_damosel	737		0x003bbc80	0x002c18ac	UpdateMoby_737	proto
moby	18_damosel	775		0x003bc360	0x002c18ac	UpdateMoby_775	proto
moby	18_damosel	803		0x003bc3b0	0x002c18ac	UpdateMoby_803	proto
moby	18_damosel	804		0x003bc680	0x002c18ac	UpdateMoby_804	proto
moby	18_damosel	805		0x003bc828	0x002c18ac	UpdateMoby_805	proto
moby	18_damosel	806		0x003bd450	0x002c18ac	UpdateMoby_806	proto
moby	18_damosel	816		0x003becd8	0x002c18ac	UpdateMoby_816	proto
moby	18_damosel	832		0x003c0038	0x002c18ac	UpdateMoby_832	proto
moby	18_damosel	1134		0x003c0468	0x002c18ac	UpdateMoby_1134	proto
moby	18_damosel	1143		0x003c10d0	0x002c18ac	UpdateMoby_1143	proto
moby	18_damosel	1192		0x003ab4e0	0x002c18ac	UpdateMoby_1192	proto
moby	18_damosel	1482		0x003c1328	0x002c18ac	UpdateMoby_1482	proto
moby	18_damosel	1483		0x003c32d8	0x002c18ac	UpdateMoby_1483	proto
moby	18_damosel	1486		0x003c4328	0x002c18ac	UpdateMoby_1486	proto
moby	18_damosel	1487		0x003c4cc8	0x002c18ac	UpdateMoby_1487	proto
moby	18_damosel	1489		0x003c57e0	0x002c18ac	UpdateMoby_1489	proto
moby	18_damosel	1490		0x003c7028	0x002c18ac	UpdateMoby_1490	proto
moby	18_damosel	1494		0x003c8270	0x002c18ac	UpdateMoby_1494	proto
moby	18_damosel	1496		0x003ca050	0x002c18ac	UpdateMoby_1496	proto
moby	18_damosel	1497		0x003cab00	0x002c18ac	UpdateMoby_1497	proto
moby	18_damosel	1498		0x003cc2c0	0x002c18ac	UpdateMoby_1498	proto
moby	18_damosel	1502		0x003cd160	0x002c18ac	UpdateMoby_1502	proto
moby	18_damosel	2078		0x003ce670	0x002c18ac	UpdateMoby_2078	proto
moby	18_damosel	2079		0x003d0068	0x002c18ac	UpdateMoby_2079	proto
moby	18_damosel	2080		0x003d29d8	0x002c18ac	UpdateMoby_2080	proto
moby	18_damosel	2085		0x003d3348	0x002c18ac	UpdateMoby_2085	proto
moby	18_damosel	2088		0x003d48c8	0x002c18ac	UpdateMoby_2088	proto
moby	18_damosel	2143		0x003d4bc0	0x002c18ac	UpdateMoby_2143	proto
moby	18_damosel	2160		0x003d7020	0x002c18ac	UpdateMoby_2160	proto
moby	18_damosel	2169		0x003d7360	0x002c18ac	UpdateMoby_2169	proto
moby	18_damosel	2189		0x003d7b40	0x002c18ac		
moby	18_damosel	2209		0x003d9108	0x002c18ac	UpdateMoby_2209	proto
moby	18_damosel	2311		0x003d94b8	0x002c18ac	UpdateMoby_2311	proto
moby	18_damosel	2366		0x003da4f8	0x002c18ac	UpdateMoby_2366	proto
moby	18_damosel	2384		0x003dc2a0	0x002c18ac	UpdateMoby_2384	proto
moby	18_damosel	2473		0x003dc2c0	0x002c18ac	UpdateMoby_2473	proto
moby	18_damosel	2480		0x003dee70	0x002c18ac	UpdateMoby_2480	proto
moby	18_damosel	2487		0x003dee70	0x002c18ac	UpdateMoby_2487	proto
moby	18_damosel	2491		0x003e1e70	0x002c18ac	UpdateMoby_2491	proto
moby	18_damosel	2650		0x003e25a0	0x002c18ac	UpdateMoby_2650	proto
moby	18_damosel	2651		0x003e29f0	0x002c18ac	UpdateMoby_2651	proto
moby	18_damosel	2652		0x003e3368	0x002c18ac	UpdateMoby_2652	proto
moby	18_damosel	2653		0x003e5870	0x002c18ac	UpdateMoby_2653	proto
moby	18_damosel	2661		0x003e7e00	0x002c18ac	UpdateMoby_2661	proto
moby	18_damosel	2663		0x003e8068	0x002c18ac	UpdateMoby_2663	proto
moby	18_damosel	2690		0x003e8f50	0x002c18ac	UpdateMoby_2690	proto
moby	18_damosel	2715		0x003e9d08	0x002c18ac	UpdateMoby_2715	proto
moby	18_damosel	2730		0x003ec730	0x002c18ac	UpdateMoby_2730	proto
moby	18_damosel	2784		0x003ecc08	0x002c18ac	UpdateMoby_2784	proto
moby	18_damosel	2801		0x003ed6d8	0x002c18ac	UpdateMoby_2801	proto
moby	18_damosel	2806		0x003d7360	0x002c18ac	UpdateMoby_2806	proto
moby	18_damosel	2818		0x003f03d0	0x002c18ac	UpdateMoby_2818	proto
moby	18_damosel	2862		0x003f0ed0	0x002c18ac	UpdateMoby_2862	proto
moby	18_damosel	2904		0x003f3070	0x002c18ac	UpdateMoby_2904	proto
moby	18_damosel	2921		0x003f50d8	0x002c18ac	UpdateMoby_2921	proto
moby	18_damosel	3031		0x003fe030	0x002c18ac	UpdateMoby_3031	proto
moby	18_damosel	3032		0x003ff598	0x002c18ac	UpdateMoby_3032	proto
moby	18_damosel	3070		0x00400300	0x002c18ac	UpdateMoby_3070	proto
moby	18_damosel	3076		0x00401808	0x002c18ac	UpdateMoby_3076	proto
moby	18_damosel	3077		0x00402738	0x002c18ac	UpdateMoby_3077	proto
moby	18_damosel	3078		0x004029e0	0x002c18ac	UpdateMoby_3078	proto
moby	18_damosel	3079		0x00405060	0x002c18ac	UpdateMoby_3079	proto
moby	18_damosel	3137		0x00405550	0x002c18ac	UpdateMoby_3137	proto
moby	18_damosel	3146		0x00405b90	0x002c18ac	UpdateMoby_3146	proto
moby	18_damosel	3161		0x00407e10	0x002c18ac	UpdateMoby_3161	proto
moby	18_damosel	3162		0x00408328	0x002c18ac	UpdateMoby_3162	proto
moby	18_damosel	3168		0x00408590	0x002c18ac	UpdateMoby_3168	proto
moby	18_damosel	3169		0x004096c0	0x002c18ac	UpdateMoby_3169	proto
moby	18_damosel	3174		0x004096c8	0x002c18ac	UpdateMoby_3174	proto
moby	18_damosel	3250		0x0040a4f0	0x002c18ac	UpdateMoby_3250	proto
moby	18_damosel	3259		0x0040b548	0x002c18ac	UpdateMoby_3259	proto
moby	18_damosel	3291		0x003ecc08	0x002c18ac	UpdateMoby_3291	proto
moby	18_damosel	3299		0x0040c638	0x002c18ac	UpdateMoby_3299	proto
moby	18_damosel	3300		0x0040ca98	0x002c18ac	UpdateMoby_3300	proto
moby	18_damosel	3301		0x0040d008	0x002c18ac	UpdateMoby_3301	proto
moby	18_damosel	3303		0x0040ee40	0x002c18ac	UpdateMoby_3303	proto
moby	18_damosel	3307		0x004112d8	0x002c18ac	UpdateMoby_3307	proto
moby	18_damosel	3308		0x004115c0	0x002c18ac	UpdateMoby_3308	proto
moby	18_damosel	3310		0x004118a8	0x002c18ac	UpdateMoby_3310	proto
moby	18_damosel	3315		0x00411d48	0x002c18ac	UpdateMoby_3315	proto
moby	18_damosel	3319		0x00412a00	0x002c18ac	UpdateMoby_3319	proto
moby	18_damosel	3329		0x003cab00	0x002c18ac	UpdateMoby_3329	proto
moby	18_damosel	3332		0x004162e8	0x002c18ac	UpdateMoby_3332	proto
moby	18_damosel	3406		0x00417188	0x002c18ac	UpdateMoby_3406	proto
moby	18_damosel	3420		0x003fb708	0x002c18ac	UpdateMoby_3420	proto
moby	18_damosel	3422		0x00419978	0x002c18ac	UpdateMoby_3422	proto
moby	18_damosel	3483		0x003fb708	0x002c18ac	UpdateMoby_3483	proto
moby	18_damosel	3484		0x0041a2c0	0x002c18ac	UpdateMoby_3484	proto
moby	18_damosel	3521		0x0041ae00	0x002c18ac	UpdateMoby_3521	proto
moby	18_damosel	3546		0x0041b508	0x002c18ac	UpdateMoby_3546	proto
moby	18_damosel	3604		0x0041b698	0x002c18ac	UpdateMoby_3604	proto
moby	18_damosel	3631		0x0041bd18	0x002c18ac	UpdateMoby_3631	proto
moby	18_damosel	3684		0x0041c6f0	0x002c18ac	UpdateMoby_3684	proto
moby	18_damosel	3696		0x0041d2c0	0x002c18ac	UpdateMoby_3696	proto
moby	18_damosel	3705		0x0041d3f0	0x002c18ac	UpdateMoby_3705	proto
moby	18_damosel	3706		0x00420238	0x002c18ac	UpdateMoby_3706	proto
moby	18_damosel	3709		0x004206a0	0x002c18ac	UpdateMoby_3709	proto
moby	18_damosel	3712		0x004215a8	0x002c18ac	UpdateMoby_3712	proto
moby	18_damosel	3742		0x0041b698	0x002c18ac	UpdateMoby_3742	proto
moby	18_damosel	3754		0x004219b0	0x002c18ac	UpdateMoby_3754	proto
moby	18_damosel	3755		0x00422240	0x002c18ac	UpdateMoby_3755	proto
moby	18_damosel	3757		0x00423460	0x002c18ac	UpdateMoby_3757	proto
moby	18_damosel	3760		0x00425a90	0x002c18ac	UpdateMoby_3760	proto
moby	18_damosel	3776		0x00428f08	0x002c18ac	UpdateMoby_3776	proto
moby	18_damosel	3784		0x0042a018	0x002c18ac	UpdateMoby_3784	proto
moby	18_damosel	3790		0x0042a870	0x002c18ac	UpdateMoby_3790	proto
moby	18_damosel	3792		0x0042b008	0x002c18ac	UpdateMoby_3792	proto
moby	18_damosel	3799		0x0042ba20	0x002c18ac	UpdateMoby_3799	proto
moby	18_damosel	3800		0x0042cfa0	0x002c18ac	UpdateMoby_3800	proto
moby	18_damosel	3806		0x0042ebb8	0x002c18ac	UpdateMoby_3806	proto
moby	18_damosel	3809		0x00428f08	0x002c18ac	UpdateMoby_3809	proto
moby	18_damosel	3828		0x003f7c70	0x002c18ac	UpdateMoby_3828	proto
moby	18_damosel	3841		0x003f90a0	0x002c18ac	UpdateMoby_3841	proto
moby	18_damosel	3846		0x0042fbd0	0x002c18ac	UpdateMoby_3846	proto
moby	18_damosel	3850		0x00430248	0x002c18ac	UpdateMoby_3850	proto
moby	18_damosel	3851		0x00435490	0x002c18ac	UpdateMoby_3851	proto
moby	18_damosel	3924		0x004354f8	0x002c18ac	UpdateMoby_3924	proto
moby	18_damosel	3929		0x00435b10	0x002c18ac	UpdateMoby_3929	proto
moby	18_damosel	3949		0x00435fe8	0x002c18ac	UpdateMoby_3949	proto
moby	18_damosel	3950		0x00436b88	0x002c18ac	UpdateMoby_3950	proto
moby	18_damosel	3998		0x00437190	0x002c18ac	UpdateMoby_3998	proto
moby	18_damosel	4016		0x00437ce8	0x002c18ac	UpdateMoby_4016	proto
moby	18_damosel	4100		0x004382e0	0x002c18ac	UpdateMoby_4100	proto
moby	18_damosel	4308		0x00439958	0x002c18ac	UpdateMoby_4308	proto
moby	18_damosel	4309		0x00439958	0x002c18ac	UpdateMoby_4309	proto
moby	18_damosel	4310		0x00439958	0x002c18ac	UpdateMoby_4310	proto
moby	18_damosel	4311		0x00439958	0x002c18ac	UpdateMoby_4311	proto
moby	18_damosel	4312		0x00439958	0x002c18ac	UpdateMoby_4312	proto
moby	18_damosel	4313		0x00439958	0x002c18ac	UpdateMoby_4313	proto
moby	18_damosel	4314		0x00439958	0x002c18ac	UpdateMoby_4314	proto
moby	18_damosel	4315		0x00439958	0x002c18ac	UpdateMoby_4315	proto
moby	18_damosel	4316		0x00439958	0x002c18ac	UpdateMoby_4316	proto
moby	18_damosel	4317		0x00439958	0x002c18ac	UpdateMoby_4317	proto
moby	18_damosel	4318		0x00439958	0x002c18ac	UpdateMoby_4318	proto
moby	18_damosel	4319		0x00439958	0x002c18ac	UpdateMoby_4319	proto
moby	18_damosel	4320		0x00439958	0x002c18ac	UpdateMoby_4320	proto
moby	18_damosel	4321		0x00439958	0x002c18ac	UpdateMoby_4321	proto
moby	18_damosel	4325		0x00439958	0x002c18ac	UpdateMoby_4325	proto
moby	18_damosel	4333		0x00439968	0x002c18ac	UpdateMoby_4333	proto
moby	18_damosel	4344		0x00439fc8	0x002c18ac	UpdateMoby_4344	proto
moby	18_damosel	4406		0x0043a118	0x002c18ac	UpdateMoby_4406	proto
moby	18_damosel	4433		0x003fb308	0x002c18ac	UpdateMoby_4433	proto
moby	18_damosel	4440		0x0043c258	0x002c18ac	UpdateMoby_4440	proto
moby	18_damosel	4484		0x0043c788	0x002c18ac	UpdateMoby_4484	proto
moby	18_damosel	4486		0x0043caf8	0x002c18ac	UpdateMoby_4486	proto
moby	18_damosel	4498		0x003e3368	0x002c18ac	UpdateMoby_4498	proto
moby	18_damosel	4501		0x0043cf28	0x002c18ac	UpdateMoby_4501	proto
moby	18_damosel	4526		0x003fd858	0x002c18ac	UpdateMoby_4526	proto
moby	18_damosel	4527		0x003fd858	0x002c18ac	UpdateMoby_4527	proto
moby	18_damosel	4531		0x003fd858	0x002c18ac	UpdateMoby_4531	proto
moby	18_damosel	4532		0x003fd858	0x002c18ac	UpdateMoby_4532	proto
moby	18_damosel	4535		0x0043de20	0x002c18ac	UpdateMoby_4535	proto
moby	18_damosel	4556		0x003fb708	0x002c18ac	UpdateMoby_4556	proto
moby	18_damosel	4559		0x003fb708	0x002c18ac	UpdateMoby_4559	proto
moby	18_damosel	4626		0x0043e760	0x002c18ac	UpdateMoby_4626	proto
moby	18_damosel	4650		0x0043fb08	0x002c18ac	UpdateMoby_4650	proto
moby	18_damosel	4652		0x0043fb08	0x002c18ac	UpdateMoby_4652	proto
moby	18_damosel	4653		0x0043fb08	0x002c18ac	UpdateMoby_4653	proto
moby	18_damosel	4682		0x0043fc70	0x002c18ac	UpdateMoby_4682	proto
moby	18_damosel	4707		0x004401e0	0x002c18ac	UpdateMoby_4707	proto
moby	18_damosel	4752		0x003dee70	0x002c18ac		
moby	18_damosel	4754		0x00440718	0x002c18ac		
moby	18_damosel	4773		0x00441050	0x002c18ac		
moby	18_damosel	4774		0x004412f0	0x002c18ac		
moby	18_damosel	4799		0x00441438	0x002c18ac		
moby	18_damosel	5020		0x004419f8	0x002c18ac	UpdateMoby_5020	proto
moby	18_damosel	5021		0x004430e0	0x002c18ac	UpdateMoby_5021	proto
moby	18_damosel	5022		0x00444750	0x002c18ac	UpdateMoby_5022	proto
moby	18_damosel	5023		0x004460d0	0x002c18ac	UpdateMoby_5023	proto
moby	18_damosel	5024		0x00414d20	0x002c18ac	UpdateMoby_5024	proto
moby	18_damosel	5050		0x00446c78	0x002c18ac	UpdateMoby_5050	proto
moby	18_damosel	1481		0x00447138	0x002c18ac	UpdateMoby_1481	proto
moby	18_damosel	2170		0x0044a020	0x002c18ac	UpdateMoby_2170	proto
moby	18_damosel	3209		0x0044c2f8	0x002c18ac	UpdateMoby_3209	proto
cam	18_damosel	0	InitCamera	0x00453850		InitCamera_0	proto
cam	18_damosel	0	ActivateCamera	0x00450898		ActivateCamera_0	proto
cam	18_damosel	0	UpdateCamera	0x00453858		UpdateCamera_0	proto
cam	18_damosel	0	ExitCamera	0x00453918		ExitCamera_0	proto
cam	18_damosel	3	InitCamera	0x00454870		InitCamera_3	proto
cam	18_damosel	3	ActivateCamera	0x00454878		ActivateCamera_3	proto
cam	18_damosel	3	UpdateCamera	0x00453de0		UpdateCamera_3	proto
cam	18_damosel	3	ExitCamera	0x00454ac8		ExitCamera_3	proto
cam	18_damosel	4	InitCamera	0x00455330		InitCamera_4	proto
cam	18_damosel	4	ActivateCamera	0x004556c0		ActivateCamera_4	proto
cam	18_damosel	4	UpdateCamera	0x00454da0		UpdateCamera_4	proto
cam	18_damosel	4	ExitCamera	0x00455778		ExitCamera_4	proto
cam	18_damosel	5	InitCamera	0x00456210		InitCamera_5	proto
cam	18_damosel	5	ActivateCamera	0x00455d60		ActivateCamera_5	proto
cam	18_damosel	5	UpdateCamera	0x00456218		UpdateCamera_5	proto
cam	18_damosel	5	ExitCamera	0x00456270		ExitCamera_5	proto
cam	18_damosel	6	InitCamera	0x00456be0		InitCamera_6	proto
cam	18_damosel	6	ActivateCamera	0x00456be8		ActivateCamera_6	proto
cam	18_damosel	6	UpdateCamera	0x00456c98		UpdateCamera_6	proto
cam	18_damosel	6	ExitCamera	0x00456cb8		ExitCamera_6	proto
cam	18_damosel	7	InitCamera	0x00457908		InitCamera_7	proto
cam	18_damosel	7	ActivateCamera	0x00456cc0		ActivateCamera_7	proto
cam	18_damosel	7	UpdateCamera	0x00457910		UpdateCamera_7	proto
cam	18_damosel	7	ExitCamera	0x004579f8		ExitCamera_7	proto
cam	18_damosel	23	InitCamera	0x004581a8		InitCamera_23	proto
cam	18_damosel	23	ActivateCamera	0x00458230		ActivateCamera_23	proto
cam	18_damosel	23	UpdateCamera	0x00458238		UpdateCamera_23	proto
cam	18_damosel	23	ExitCamera	0x00458240		ExitCamera_23	proto
cam	18_damosel	27	InitCamera	0x00458888		InitCamera_27	proto
cam	18_damosel	27	ActivateCamera	0x00458268		ActivateCamera_27	proto
cam	18_damosel	27	UpdateCamera	0x004583e0		UpdateCamera_27	proto
cam	18_damosel	27	ExitCamera	0x00458890		ExitCamera_27	proto
moby	19_grelbin	2		0x0037ebe0	0x002a742c	UpdateMoby_2	proto
moby	19_grelbin	14		0x0037ebe8	0x002a742c	UpdateMoby_14	proto
moby	19_grelbin	1007		0x00380720	0x002a742c	UpdateMoby_1007	proto
moby	19_grelbin	1577		0x00380918	0x002a742c		
moby	19_grelbin	4853		0x00380a78	0x002a742c		
moby	19_grelbin	4913		0x00380a98	0x002a742c		
moby	19_grelbin	4917		0x00380ae8	0x002a742c		
moby	19_grelbin	4959		0x003822c8	0x002a742c		
moby	19_grelbin	4966		0x00383a70	0x002a742c		
moby	19_grelbin	4967		0x00386518	0x002a742c		
moby	19_grelbin	11		0x00388868	0x002a742c	UpdateMoby_11	proto
moby	19_grelbin	13		0x0037ebe8	0x002a742c	UpdateMoby_13	proto
moby	19_grelbin	15		0x0037ebe8	0x002a742c	UpdateMoby_15	proto
moby	19_grelbin	16		0x0037ebe8	0x002a742c	UpdateMoby_16	proto
moby	19_grelbin	17		0x0037ebe8	0x002a742c	UpdateMoby_17	proto
moby	19_grelbin	18		0x0037ebe8	0x002a742c	UpdateMoby_18	proto
moby	19_grelbin	19		0x0037ebe8	0x002a742c	UpdateMoby_19	proto
moby	19_grelbin	71		0x00389d48	0x002a742c	UpdateMoby_71	proto
moby	19_grelbin	112		0x0038b198	0x002a742c	UpdateMoby_112	proto
moby	19_grelbin	121		0x0038b298	0x002a742c	UpdateMoby_121	proto
moby	19_grelbin	122		0x0038d420	0x002a742c	UpdateMoby_122	proto
moby	19_grelbin	163		0x0038d6e8	0x002a742c	UpdateMoby_163	proto
moby	19_grelbin	166		0x0038da78	0x002a742c	UpdateMoby_166	proto
moby	19_grelbin	167		0x0038e7c8	0x002a742c	UpdateMoby_167	proto
moby	19_grelbin	172		0x0038f6f8	0x002a742c	UpdateMoby_172	proto
moby	19_grelbin	177		0x00390360	0x002a742c	UpdateMoby_177	proto
moby	19_grelbin	179		0x00393110	0x002a742c	UpdateMoby_179	proto
moby	19_grelbin	180		0x00393258	0x002a742c	UpdateMoby_180	proto
moby	19_grelbin	188		0x003940b8	0x002a742c	UpdateMoby_188	proto
moby	19_grelbin	192		0x00395c90	0x002a742c	UpdateMoby_192	proto
moby	19_grelbin	203		0x00395f80	0x002a742c	UpdateMoby_203	proto
moby	19_grelbin	208		0x00397288	0x002a742c	UpdateMoby_208	proto
moby	19_grelbin	209		0x00398518	0x002a742c	UpdateMoby_209	proto
moby	19_grelbin	357		0x00398760	0x002a742c	UpdateMoby_357	proto
moby	19_grelbin	358		0x00398970	0x002a742c	UpdateMoby_358	proto
moby	19_grelbin	500		0x00398b28	0x002a742c	UpdateMoby_500	proto
moby	19_grelbin	511		0x00398b28	0x002a742c	UpdateMoby_511	proto
moby	19_grelbin	512		0x00398b28	0x002a742c	UpdateMoby_512	proto
moby	19_grelbin	562		0x0039a7f8	0x002a742c	UpdateMoby_562	proto
moby	19_grelbin	607		0x0039aa60	0x002a742c	UpdateMoby_607	proto
moby	19_grelbin	639		0x0039ac80	0x002a742c	UpdateMoby_639	proto
moby	19_grelbin	737		0x0039b938	0x002a742c	UpdateMoby_737	proto
moby	19_grelbin	760		0x0039bf70	0x002a742c	UpdateMoby_760	proto
moby	19_grelbin	775		0x0039cf70	0x002a742c	UpdateMoby_775	proto
moby	19_grelbin	804		0x0039cfc0	0x002a742c	UpdateMoby_804	proto
moby	19_grelbin	805		0x0039d168	0x002a742c	UpdateMoby_805	proto
moby	19_grelbin	806		0x0039dd90	0x002a742c	UpdateMoby_806	proto
moby	19_grelbin	809		0x0039f3b8	0x002a742c	UpdateMoby_809	proto
moby	19_grelbin	832		0x0039f6b8	0x002a742c	UpdateMoby_832	proto
moby	19_grelbin	1134		0x0039fae8	0x002a742c	UpdateMoby_1134	proto
moby	19_grelbin	1143		0x003a0750	0x002a742c	UpdateMoby_1143	proto
moby	19_grelbin	1192		0x0038b198	0x002a742c	UpdateMoby_1192	proto
moby	19_grelbin	1258		0x003a0b68	0x002a742c	UpdateMoby_1258	proto
moby	19_grelbin	1322		0x003a1018	0x002a742c	UpdateMoby_1322	proto
moby	19_grelbin	1400		0x003a1168	0x002a742c	UpdateMoby_1400	proto
moby	19_grelbin	1482		0x003a19e0	0x002a742c	UpdateMoby_1482	proto
moby	19_grelbin	1483		0x003a3990	0x002a742c	UpdateMoby_1483	proto
moby	19_grelbin	1486		0x003a49e0	0x002a742c	UpdateMoby_1486	proto
moby	19_grelbin	1487		0x003a5380	0x002a742c	UpdateMoby_1487	proto
moby	19_grelbin	1489		0x003a5e98	0x002a742c	UpdateMoby_1489	proto
moby	19_grelbin	1490		0x003a76e0	0x002a742c	UpdateMoby_1490	proto
moby	19_grelbin	1494		0x003a8928	0x002a742c	UpdateMoby_1494	proto
moby	19_grelbin	1496		0x003aa708	0x002a742c	UpdateMoby_1496	proto
moby	19_grelbin	1497		0x003ab1b8	0x002a742c	UpdateMoby_1497	proto
moby	19_grelbin	1498		0x003ac978	0x002a742c	UpdateMoby_1498	proto
moby	19_grelbin	1502		0x003ad818	0x002a742c	UpdateMoby_1502	proto
moby	19_grelbin	2078		0x003aed28	0x002a742c	UpdateMoby_2078	proto
moby	19_grelbin	2079		0x003b0720	0x002a742c	UpdateMoby_2079	proto
moby	19_grelbin	2080		0x003b3090	0x002a742c	UpdateMoby_2080	proto
moby	19_grelbin	2085		0x003b3a00	0x002a742c	UpdateMoby_2085	proto
moby	19_grelbin	2088		0x003b4f80	0x002a742c	UpdateMoby_2088	proto
moby	19_grelbin	2140		0x003b63e0	0x002a742c	UpdateMoby_2140	proto
moby	19_grelbin	2143		0x003b78a0	0x002a742c	UpdateMoby_2143	proto
moby	19_grelbin	2160		0x003b9d00	0x002a742c	UpdateMoby_2160	proto
moby	19_grelbin	2169		0x003ba040	0x002a742c	UpdateMoby_2169	proto
moby	19_grelbin	2189		0x003ba820	0x002a742c		
moby	19_grelbin	2209		0x003bbde8	0x002a742c	UpdateMoby_2209	proto
moby	19_grelbin	2309		0x003bcca8	0x002a742c	UpdateMoby_2309	proto
moby	19_grelbin	2311		0x003be6f8	0x002a742c	UpdateMoby_2311	proto
moby	19_grelbin	2384		0x003c0340	0x002a742c	UpdateMoby_2384	proto
moby	19_grelbin	2416		0x003c0428	0x002a742c	UpdateMoby_2416	proto
moby	19_grelbin	2440		0x003c07b8	0x002a742c		
moby	19_grelbin	2458		0x003c0a90	0x002a742c	UpdateMoby_2458	proto
moby	19_grelbin	2465		0x003c0f90	0x002a742c	UpdateMoby_2465	proto
moby	19_grelbin	2473		0x003c11f0	0x002a742c	UpdateMoby_2473	proto
moby	19_grelbin	2491		0x003c3da0	0x002a742c	UpdateMoby_2491	proto
moby	19_grelbin	2547		0x003c4918	0x002a742c	UpdateMoby_2547	proto
moby	19_grelbin	2650		0x003c4a58	0x002a742c	UpdateMoby_2650	proto
moby	19_grelbin	2651		0x003c4ea8	0x002a742c	UpdateMoby_2651	proto
moby	19_grelbin	2652		0x003c5820	0x002a742c	UpdateMoby_2652	proto
moby	19_grelbin	2653		0x003c7d28	0x002a742c	UpdateMoby_2653	proto
moby	19_grelbin	2661		0x003ca2b8	0x002a742c	UpdateMoby_2661	proto
moby	19_grelbin	2663		0x003ca520	0x002a742c	UpdateMoby_2663	proto
moby	19_grelbin	2690		0x003cb408	0x002a742c	UpdateMoby_2690	proto
moby	19_grelbin	2715		0x003cc1c0	0x002a742c	UpdateMoby_2715	proto
moby	19_grelbin	2784		0x003cebe8	0x002a742c	UpdateMoby_2784	proto
moby	19_grelbin	2801		0x003cf6b8	0x002a742c	UpdateMoby_2801	proto
moby	19_grelbin	2806		0x003ba040	0x002a742c	UpdateMoby_2806	proto
moby	19_grelbin	2818		0x003d23b0	0x002a742c	UpdateMoby_2818	proto
moby	19_grelbin	2856		0x003d2e40	0x002a742c	UpdateMoby_2856	proto
moby	19_grelbin	2857		0x003d5310	0x002a742c	UpdateMoby_2857	proto
moby	19_grelbin	2862		0x003d5f28	0x002a742c	UpdateMoby_2862	proto
moby	19_grelbin	2904		0x003d80c8	0x002a742c	UpdateMoby_2904	proto
moby	19_grelbin	2921		0x003da130	0x002a742c	UpdateMoby_2921	proto
moby	19_grelbin	3031		0x003e1ee0	0x002a742c	UpdateMoby_3031	proto
moby	19_grelbin	3032		0x003e3448	0x002a742c	UpdateMoby_3032	proto
moby	19_grelbin	3070		0x003e41b0	0x002a742c	UpdateMoby_3070	proto
moby	19_grelbin	3076		0x003e56b8	0x002a742c	UpdateMoby_3076	proto
moby	19_grelbin	3077		0x003e65e8	0x002a742c	UpdateMoby_3077	proto
moby	19_grelbin	3078		0x003e6890	0x002a742c	UpdateMoby_3078	proto
moby	19_grelbin	3079		0x003e8f10	0x002a742c	UpdateMoby_3079	proto
moby	19_grelbin	3125		0x003e9400	0x002a742c	UpdateMoby_3125	proto
moby	19_grelbin	3137		0x003e9768	0x002a742c	UpdateMoby_3137	proto
moby	19_grelbin	3146		0x003e9da8	0x002a742c	UpdateMoby_3146	proto
moby	19_grelbin	3161		0x003ec028	0x002a742c	UpdateMoby_3161	proto
moby	19_grelbin	3162		0x003ec540	0x002a742c	UpdateMoby_3162	proto
moby	19_grelbin	3174		0x003ec7a8	0x002a742c	UpdateMoby_3174	proto
moby	19_grelbin	3250		0x003ed5d0	0x002a742c	UpdateMoby_3250	proto
moby	19_grelbin	3259		0x003ee628	0x002a742c	UpdateMoby_3259	proto
moby	19_grelbin	3291		0x003cebe8	0x002a742c	UpdateMoby_3291	proto
moby	19_grelbin	3299		0x003ef718	0x002a742c	UpdateMoby_3299	proto
moby	19_grelbin	3300		0x003efb78	0x002a742c	UpdateMoby_3300	proto
moby	19_grelbin	3301		0x003f00e8	0x002a742c	UpdateMoby_3301	proto
moby	19_grelbin	3303		0x003f1f20	0x002a742c	UpdateMoby_3303	proto
moby	19_grelbin	3307		0x003f43b8	0x002a742c	UpdateMoby_3307	proto
moby	19_grelbin	3308		0x003f46a0	0x002a742c	UpdateMoby_3308	proto
moby	19_grelbin	3310		0x003f4988	0x002a742c	UpdateMoby_3310	proto
moby	19_grelbin	3315		0x003f4e28	0x002a742c	UpdateMoby_3315	proto
moby	19_grelbin	3319		0x003f5ae0	0x002a742c	UpdateMoby_3319	proto
moby	19_grelbin	3329		0x003ab1b8	0x002a742c	UpdateMoby_3329	proto
moby	19_grelbin	3332		0x003f93c8	0x002a742c	UpdateMoby_3332	proto
moby	19_grelbin	3406		0x003fa268	0x002a742c	UpdateMoby_3406	proto
moby	19_grelbin	3422		0x003fca58	0x002a742c	UpdateMoby_3422	proto
moby	19_grelbin	3484		0x003fd3a0	0x002a742c	UpdateMoby_3484	proto
moby	19_grelbin	3521		0x003fdee0	0x002a742c	UpdateMoby_3521	proto
moby	19_grelbin	3546		0x003fe5e8	0x002a742c	UpdateMoby_3546	proto
moby	19_grelbin	3604		0x003fe778	0x002a742c	UpdateMoby_3604	proto
moby	19_grelbin	3631		0x003fedf8	0x002a742c	UpdateMoby_3631	proto
moby	19_grelbin	3684		0x003ff7d0	0x002a742c	UpdateMoby_3684	proto
moby	19_grelbin	3696		0x004003a0	0x002a742c	UpdateMoby_3696	proto
moby	19_grelbin	3705		0x004004d0	0x002a742c	UpdateMoby_3705	proto
moby	19_grelbin	3706		0x00403318	0x002a742c	UpdateMoby_3706	proto
moby	19_grelbin	3709		0x00403780	0x002a742c	UpdateMoby_3709	proto
moby	19_grelbin	3742		0x003fe778	0x002a742c	UpdateMoby_3742	proto
moby	19_grelbin	3754		0x00404688	0x002a742c	UpdateMoby_3754	proto
moby	19_grelbin	3755		0x00404f18	0x002a742c	UpdateMoby_3755	proto
moby	19_grelbin	3757		0x00406138	0x002a742c	UpdateMoby_3757	proto
moby	19_grelbin	3760		0x00408768	0x002a742c	UpdateMoby_3760	proto
moby	19_grelbin	3776		0x0040bbe0	0x002a742c	UpdateMoby_3776	proto
moby	19_grelbin	3784		0x0040ccf0	0x002a742c	UpdateMoby_3784	proto
moby	19_grelbin	3790		0x0040d548	0x002a742c	UpdateMoby_3790	proto
moby	19_grelbin	3792		0x0040dce0	0x002a742c	UpdateMoby_3792	proto
moby	19_grelbin	3799		0x0040e6f8	0x002a742c	UpdateMoby_3799	proto
moby	19_grelbin	3800		0x0040fc78	0x002a742c	UpdateMoby_3800	proto
moby	19_grelbin	3803		0x00411890	0x002a742c	UpdateMoby_3803	proto
moby	19_grelbin	3804		0x00411ef0	0x002a742c	UpdateMoby_3804	proto
moby	19_grelbin	3809		0x0040bbe0	0x002a742c	UpdateMoby_3809	proto
moby	19_grelbin	3823		0x00413538	0x002a742c	UpdateMoby_3823	proto
moby	19_grelbin	3915		0x00415598	0x002a742c	UpdateMoby_3915	proto
moby	19_grelbin	3927		0x004160a0	0x002a742c	UpdateMoby_3927	proto
moby	19_grelbin	3949		0x004187b8	0x002a742c	UpdateMoby_3949	proto
moby	19_grelbin	3959		0x00419358	0x002a742c	UpdateMoby_3959	proto
moby	19_grelbin	4000		0x00419360	0x002a742c		
moby	19_grelbin	4016		0x00419408	0x002a742c	UpdateMoby_4016	proto
moby	19_grelbin	4100		0x00419a00	0x002a742c	UpdateMoby_4100	proto
moby	19_grelbin	4304		0x0041b078	0x002a742c	UpdateMoby_4304	proto
moby	19_grelbin	4308		0x0041c3d0	0x002a742c	UpdateMoby_4308	proto
moby	19_grelbin	4309		0x0041c3d0	0x002a742c	UpdateMoby_4309	proto
moby	19_grelbin	4310		0x0041c3d0	0x002a742c	UpdateMoby_4310	proto
moby	19_grelbin	4311		0x0041c3d0	0x002a742c	UpdateMoby_4311	proto
moby	19_grelbin	4312		0x0041c3d0	0x002a742c	UpdateMoby_4312	proto
moby	19_grelbin	4313		0x0041c3d0	0x002a742c	UpdateMoby_4313	proto
moby	19_grelbin	4314		0x0041c3d0	0x002a742c	UpdateMoby_4314	proto
moby	19_grelbin	4315		0x0041c3d0	0x002a742c	UpdateMoby_4315	proto
moby	19_grelbin	4316		0x0041c3d0	0x002a742c	UpdateMoby_4316	proto
moby	19_grelbin	4317		0x0041c3d0	0x002a742c	UpdateMoby_4317	proto
moby	19_grelbin	4318		0x0041c3d0	0x002a742c	UpdateMoby_4318	proto
moby	19_grelbin	4319		0x0041c3d0	0x002a742c	UpdateMoby_4319	proto
moby	19_grelbin	4320		0x0041c3d0	0x002a742c	UpdateMoby_4320	proto
moby	19_grelbin	4321		0x0041c3d0	0x002a742c	UpdateMoby_4321	proto
moby	19_grelbin	4325		0x0041c3d0	0x002a742c	UpdateMoby_4325	proto
moby	19_grelbin	4400		0x0041c3e0	0x002a742c	UpdateMoby_4400	proto
moby	19_grelbin	4406		0x0041c470	0x002a742c	UpdateMoby_4406	proto
moby	19_grelbin	4422		0x00411890	0x002a742c	UpdateMoby_4422	proto
moby	19_grelbin	4429		0x0041e5b0	0x002a742c	UpdateMoby_4429	proto
moby	19_grelbin	4470		0x0041e988	0x002a742c	UpdateMoby_4470	proto
moby	19_grelbin	4471		0x0041ee60	0x002a742c	UpdateMoby_4471	proto
moby	19_grelbin	4498		0x003c5820	0x002a742c	UpdateMoby_4498	proto
moby	19_grelbin	4501		0x0041f4f8	0x002a742c	UpdateMoby_4501	proto
moby	19_grelbin	4551		0x004203f0	0x002a742c	UpdateMoby_4551	proto
moby	19_grelbin	4592		0x00420818	0x002a742c	UpdateMoby_4592	proto
moby	19_grelbin	4596		0x00420ef0	0x002a742c	UpdateMoby_4596	proto
moby	19_grelbin	4606		0x00421940	0x002a742c	UpdateMoby_4606	proto
moby	19_grelbin	4607		0x00421e80	0x002a742c	UpdateMoby_4607	proto
moby	19_grelbin	4612		0x00422420	0x002a742c	UpdateMoby_4612	proto
moby	19_grelbin	4613		0x00422810	0x002a742c	UpdateMoby_4613	proto
moby	19_grelbin	4696		0x00422a98	0x002a742c	UpdateMoby_4696	proto
moby	19_grelbin	4707		0x00422e18	0x002a742c	UpdateMoby_4707	proto
moby	19_grelbin	4710		0x00423548	0x002a742c	UpdateMoby_4710	proto
moby	19_grelbin	4711		0x00423a98	0x002a742c	UpdateMoby_4711	proto
moby	19_grelbin	4720		0x00423cc0	0x002a742c	UpdateMoby_4720	proto
moby	19_grelbin	4721		0x00423ec0	0x002a742c	UpdateMoby_4721	proto
moby	19_grelbin	4788		0x00421940	0x002a742c		
moby	19_grelbin	5020		0x00424580	0x002a742c	UpdateMoby_5020	proto
moby	19_grelbin	5021		0x00425c68	0x002a742c	UpdateMoby_5021	proto
moby	19_grelbin	5022		0x004272d8	0x002a742c	UpdateMoby_5022	proto
moby	19_grelbin	5023		0x00428c58	0x002a742c	UpdateMoby_5023	proto
moby	19_grelbin	5024		0x003f7e00	0x002a742c	UpdateMoby_5024	proto
moby	19_grelbin	2456		0x004298b8	0x002a742c	UpdateMoby_2456	proto
moby	19_grelbin	3646		0x00429c78	0x002a742c	UpdateMoby_3646	proto
moby	19_grelbin	4692		0x0042a9a0	0x002a742c	UpdateMoby_4692	proto
moby	19_grelbin	4883		0x0042b058	0x002a742c		
moby	19_grelbin	1481		0x0042ba68	0x002a742c	UpdateMoby_1481	proto
moby	19_grelbin	2170		0x0042e950	0x002a742c	UpdateMoby_2170	proto
moby	19_grelbin	3209		0x00430c28	0x002a742c	UpdateMoby_3209	proto
cam	19_grelbin	0	InitCamera	0x00438180		InitCamera_0	proto
cam	19_grelbin	0	ActivateCamera	0x004351c8		ActivateCamera_0	proto
cam	19_grelbin	0	UpdateCamera	0x00438188		UpdateCamera_0	proto
cam	19_grelbin	0	ExitCamera	0x00438248		ExitCamera_0	proto
cam	19_grelbin	4	InitCamera	0x00438a48		InitCamera_4	proto
cam	19_grelbin	4	ActivateCamera	0x00438dd8		ActivateCamera_4	proto
cam	19_grelbin	4	UpdateCamera	0x004384b8		UpdateCamera_4	proto
cam	19_grelbin	4	ExitCamera	0x00438e90		ExitCamera_4	proto
cam	19_grelbin	5	InitCamera	0x00439928		InitCamera_5	proto
cam	19_grelbin	5	ActivateCamera	0x00439478		ActivateCamera_5	proto
cam	19_grelbin	5	UpdateCamera	0x00439930		UpdateCamera_5	proto
cam	19_grelbin	5	ExitCamera	0x00439988		ExitCamera_5	proto
cam	19_grelbin	6	InitCamera	0x0043a2f8		InitCamera_6	proto
cam	19_grelbin	6	ActivateCamera	0x0043a300		ActivateCamera_6	proto
cam	19_grelbin	6	UpdateCamera	0x0043a3b0		UpdateCamera_6	proto
cam	19_grelbin	6	ExitCamera	0x0043a3d0		ExitCamera_6	proto
cam	19_grelbin	7	InitCamera	0x0043ad48		InitCamera_7	proto
cam	19_grelbin	7	ActivateCamera	0x0043a3d8		ActivateCamera_7	proto
cam	19_grelbin	7	UpdateCamera	0x0043ad50		UpdateCamera_7	proto
cam	19_grelbin	7	ExitCamera	0x0043ae38		ExitCamera_7	proto
cam	19_grelbin	23	InitCamera	0x0043b5e8		InitCamera_23	proto
cam	19_grelbin	23	ActivateCamera	0x0043b670		ActivateCamera_23	proto
cam	19_grelbin	23	UpdateCamera	0x0043b678		UpdateCamera_23	proto
cam	19_grelbin	23	ExitCamera	0x0043b680		ExitCamera_23	proto
cam	19_grelbin	27	InitCamera	0x0043bcc8		InitCamera_27	proto
cam	19_grelbin	27	ActivateCamera	0x0043b6a8		ActivateCamera_27	proto
cam	19_grelbin	27	UpdateCamera	0x0043b820		UpdateCamera_27	proto
cam	19_grelbin	27	ExitCamera	0x0043bcd0		ExitCamera_27	proto
snd	19_grelbin	0	UpdateSound	0x0043bda0		UpdateSound_0	proto
snd	19_grelbin	1	UpdateSound	0x0043bf20		UpdateSound_1	proto
snd	19_grelbin	4	UpdateSound	0x0043c1c0		UpdateSound_4	proto
snd	19_grelbin	6	UpdateSound	0x0043c448		UpdateSound_6	proto
moby	20_yeedil	2		0x00398bf0	0x002b656c	UpdateMoby_2	proto
moby	20_yeedil	14		0x00398bf8	0x002b656c	UpdateMoby_14	proto
moby	20_yeedil	1007		0x0039a730	0x002b656c	UpdateMoby_1007	proto
moby	20_yeedil	1039		0x0039a928	0x002b656c		
moby	20_yeedil	3882		0x0039aa98	0x002b656c	UpdateMoby_3882	proto
moby	20_yeedil	4789		0x0039b608	0x002b656c		
moby	20_yeedil	4802		0x0039bb18	0x002b656c		
moby	20_yeedil	4810		0x0039c3b0	0x002b656c		
moby	20_yeedil	4850		0x0039c448	0x002b656c		
moby	20_yeedil	4851		0x0039cf58	0x002b656c		
moby	20_yeedil	4853		0x0039e348	0x002b656c		
moby	20_yeedil	4856		0x0039e368	0x002b656c		
moby	20_yeedil	4870		0x0039ebb8	0x002b656c		
moby	20_yeedil	4886		0x0039ed78	0x002b656c		
moby	20_yeedil	4890		0x003a0320	0x002b656c		
moby	20_yeedil	4917		0x003a05c8	0x002b656c		
moby	20_yeedil	4959		0x003a1da8	0x002b656c		
moby	20_yeedil	4966		0x003a3550	0x002b656c		
moby	20_yeedil	4967		0x003a6010	0x002b656c		
moby	20_yeedil	11		0x003a8378	0x002b656c	UpdateMoby_11	proto
moby	20_yeedil	13		0x00398bf8	0x002b656c	UpdateMoby_13	proto
moby	20_yeedil	15		0x00398bf8	0x002b656c	UpdateMoby_15	proto
moby	20_yeedil	16		0x00398bf8	0x002b656c	UpdateMoby_16	proto
moby	20_yeedil	17		0x00398bf8	0x002b656c	UpdateMoby_17	proto
moby	20_yeedil	18		0x00398bf8	0x002b656c	UpdateMoby_18	proto
moby	20_yeedil	19		0x00398bf8	0x002b656c	UpdateMoby_19	proto
moby	20_yeedil	71		0x003a9858	0x002b656c	UpdateMoby_71	proto
moby	20_yeedil	112		0x003aaca8	0x002b656c	UpdateMoby_112	proto
moby	20_yeedil	121		0x003aada8	0x002b656c	UpdateMoby_121	proto
moby	20_yeedil	122		0x003acf30	0x002b656c	UpdateMoby_122	proto
moby	20_yeedil	163		0x003ad1f8	0x002b656c	UpdateMoby_163	proto
moby	20_yeedil	166		0x003ad588	0x002b656c	UpdateMoby_166	proto
moby	20_yeedil	167		0x003ae2d8	0x002b656c	UpdateMoby_167	proto
moby	20_yeedil	172		0x003af208	0x002b656c	UpdateMoby_172	proto
moby	20_yeedil	177		0x003afe70	0x002b656c	UpdateMoby_177	proto
moby	20_yeedil	179		0x003b2c20	0x002b656c	UpdateMoby_179	proto
moby	20_yeedil	180		0x003b2d68	0x002b656c	UpdateMoby_180	proto
moby	20_yeedil	188		0x003b3bc8	0x002b656c	UpdateMoby_188	proto
moby	20_yeedil	192		0x003b57a0	0x002b656c	UpdateMoby_192	proto
moby	20_yeedil	203		0x003b5a90	0x002b656c	UpdateMoby_203	proto
moby	20_yeedil	208		0x003b6d98	0x002b656c	UpdateMoby_208	proto
moby	20_yeedil	209		0x003b8028	0x002b656c	UpdateMoby_209	proto
moby	20_yeedil	357		0x003b8270	0x002b656c	UpdateMoby_357	proto
moby	20_yeedil	358		0x003b8480	0x002b656c	UpdateMoby_358	proto
moby	20_yeedil	500		0x003b8638	0x002b656c	UpdateMoby_500	proto
moby	20_yeedil	511		0x003b8638	0x002b656c	UpdateMoby_511	proto
moby	20_yeedil	512		0x003b8638	0x002b656c	UpdateMoby_512	proto
moby	20_yeedil	562		0x003ba408	0x002b656c	UpdateMoby_562	proto
moby	20_yeedil	607		0x003ba670	0x002b656c	UpdateMoby_607	proto
moby	20_yeedil	639		0x003ba890	0x002b656c	UpdateMoby_639	proto
moby	20_yeedil	737		0x003bb548	0x002b656c	UpdateMoby_737	proto
moby	20_yeedil	758		0x003bbb80	0x002b656c	UpdateMoby_758	proto
moby	20_yeedil	775		0x003bbef8	0x002b656c	UpdateMoby_775	proto
moby	20_yeedil	803		0x003bbb80	0x002b656c	UpdateMoby_803	proto
moby	20_yeedil	804		0x003bbf48	0x002b656c	UpdateMoby_804	proto
moby	20_yeedil	805		0x003bc0f0	0x002b656c	UpdateMoby_805	proto
moby	20_yeedil	806		0x003bcd18	0x002b656c	UpdateMoby_806	proto
moby	20_yeedil	832		0x003be5c8	0x002b656c	UpdateMoby_832	proto
moby	20_yeedil	934		0x003be768	0x002b656c	UpdateMoby_934	proto
moby	20_yeedil	1134		0x003beff8	0x002b656c	UpdateMoby_1134	proto
moby	20_yeedil	1143		0x003bfc60	0x002b656c	UpdateMoby_1143	proto
moby	20_yeedil	1192		0x003aaca8	0x002b656c	UpdateMoby_1192	proto
moby	20_yeedil	1271		0x003bfeb8	0x002b656c	UpdateMoby_1271	proto
moby	20_yeedil	1352		0x003c0048	0x002b656c	UpdateMoby_1352	proto
moby	20_yeedil	1482		0x003c0428	0x002b656c	UpdateMoby_1482	proto
moby	20_yeedil	1483		0x003c23d8	0x002b656c	UpdateMoby_1483	proto
moby	20_yeedil	1486		0x003c3428	0x002b656c	UpdateMoby_1486	proto
moby	20_yeedil	1487		0x003c3dc8	0x002b656c	UpdateMoby_1487	proto
moby	20_yeedil	1489		0x003c48e0	0x002b656c	UpdateMoby_1489	proto
moby	20_yeedil	1490		0x003c6128	0x002b656c	UpdateMoby_1490	proto
moby	20_yeedil	1494		0x003c7370	0x002b656c	UpdateMoby_1494	proto
moby	20_yeedil	1496		0x003c9150	0x002b656c	UpdateMoby_1496	proto
moby	20_yeedil	1497		0x003c9c00	0x002b656c	UpdateMoby_1497	proto
moby	20_yeedil	1498		0x003cb3c0	0x002b656c	UpdateMoby_1498	proto
moby	20_yeedil	1502		0x003cc418	0x002b656c	UpdateMoby_1502	proto
moby	20_yeedil	2078		0x003cd998	0x002b656c	UpdateMoby_2078	proto
moby	20_yeedil	2079		0x003cf390	0x002b656c	UpdateMoby_2079	proto
moby	20_yeedil	2080		0x003d1d00	0x002b656c	UpdateMoby_2080	proto
moby	20_yeedil	2085		0x003d2670	0x002b656c	UpdateMoby_2085	proto
moby	20_yeedil	2088		0x003d3bf0	0x002b656c	UpdateMoby_2088	proto
moby	20_yeedil	2143		0x003d3ee8	0x002b656c	UpdateMoby_2143	proto
moby	20_yeedil	2160		0x003d6348	0x002b656c	UpdateMoby_2160	proto
moby	20_yeedil	2163		0x003d6688	0x002b656c	UpdateMoby_2163	proto
moby	20_yeedil	2169		0x003d6740	0x002b656c	UpdateMoby_2169	proto
moby	20_yeedil	2189		0x003d6f20	0x002b656c		
moby	20_yeedil	2198		0x003d84e8	0x002b656c	UpdateMoby_2198	proto
moby	20_yeedil	2209		0x003db358	0x002b656c	UpdateMoby_2209	proto
moby	20_yeedil	2311		0x003db708	0x002b656c	UpdateMoby_2311	proto
moby	20_yeedil	2384		0x003dd350	0x002b656c	UpdateMoby_2384	proto
moby	20_yeedil	2461		0x003dd370	0x002b656c	UpdateMoby_2461	proto
moby	20_yeedil	2473		0x003dd3d0	0x002b656c	UpdateMoby_2473	proto
moby	20_yeedil	2480		0x003dff80	0x002b656c	UpdateMoby_2480	proto
moby	20_yeedil	2487		0x003dff80	0x002b656c	UpdateMoby_2487	proto
moby	20_yeedil	2491		0x003e2f80	0x002b656c	UpdateMoby_2491	proto
moby	20_yeedil	2527		0x003e36b0	0x002b656c	UpdateMoby_2527	proto
moby	20_yeedil	2596		0x003e42d0	0x002b656c	UpdateMoby_2596	proto
moby	20_yeedil	2645		0x003e4368	0x002b656c	UpdateMoby_2645	proto
moby	20_yeedil	2650		0x003e43e0	0x002b656c	UpdateMoby_2650	proto
moby	20_yeedil	2651		0x003e4830	0x002b656c	UpdateMoby_2651	proto
moby	20_yeedil	2652		0x003e51a8	0x002b656c	UpdateMoby_2652	proto
moby	20_yeedil	2653		0x003e76b0	0x002b656c	UpdateMoby_2653	proto
moby	20_yeedil	2661		0x003e9c40	0x002b656c	UpdateMoby_2661	proto
moby	20_yeedil	2663		0x003e9ea8	0x002b656c	UpdateMoby_2663	proto
moby	20_yeedil	2690		0x003ead90	0x002b656c	UpdateMoby_2690	proto
moby	20_yeedil	2715		0x003ebb48	0x002b656c	UpdateMoby_2715	proto
moby	20_yeedil	2784		0x003ee570	0x002b656c	UpdateMoby_2784	proto
moby	20_yeedil	2801		0x003ef040	0x002b656c	UpdateMoby_2801	proto
moby	20_yeedil	2806		0x003d6740	0x002b656c	UpdateMoby_2806	proto
moby	20_yeedil	2812		0x003f10f8	0x002b656c	UpdateMoby_2812	proto
moby	20_yeedil	2818		0x003f1d40	0x002b656c	UpdateMoby_2818	proto
moby	20_yeedil	2834		0x003f27d0	0x002b656c	UpdateMoby_2834	proto
moby	20_yeedil	2856		0x003f27d8	0x002b656c	UpdateMoby_2856	proto
moby	20_yeedil	2857		0x003f4ca8	0x002b656c	UpdateMoby_2857	proto
moby	20_yeedil	2862		0x003f58c0	0x002b656c	UpdateMoby_2862	proto
moby	20_yeedil	2904		0x003f7a60	0x002b656c	UpdateMoby_2904	proto
moby	20_yeedil	2921		0x003f9ac8	0x002b656c	UpdateMoby_2921	proto
moby	20_yeedil	3031		0x00401878	0x002b656c	UpdateMoby_3031	proto
moby	20_yeedil	3032		0x00402de0	0x002b656c	UpdateMoby_3032	proto
moby	20_yeedil	3070		0x00403b48	0x002b656c	UpdateMoby_3070	proto
moby	20_yeedil	3076		0x00405050	0x002b656c	UpdateMoby_3076	proto
moby	20_yeedil	3077		0x00405f80	0x002b656c	UpdateMoby_3077	proto
moby	20_yeedil	3078		0x00406228	0x002b656c	UpdateMoby_3078	proto
moby	20_yeedil	3079		0x004088a8	0x002b656c	UpdateMoby_3079	proto
moby	20_yeedil	3126		0x00408d98	0x002b656c	UpdateMoby_3126	proto
moby	20_yeedil	3137		0x00409610	0x002b656c	UpdateMoby_3137	proto
moby	20_yeedil	3146		0x00409c50	0x002b656c	UpdateMoby_3146	proto
moby	20_yeedil	3161		0x0040bed0	0x002b656c	UpdateMoby_3161	proto
moby	20_yeedil	3162		0x0040c3e8	0x002b656c	UpdateMoby_3162	proto
moby	20_yeedil	3168		0x0040c650	0x002b656c	UpdateMoby_3168	proto
moby	20_yeedil	3169		0x0040d780	0x002b656c	UpdateMoby_3169	proto
moby	20_yeedil	3250		0x0040e2b8	0x002b656c	UpdateMoby_3250	proto
moby	20_yeedil	3253		0x0040eef8	0x002b656c	UpdateMoby_3253	proto
moby	20_yeedil	3259		0x0040f570	0x002b656c	UpdateMoby_3259	proto
moby	20_yeedil	3260		0x004117a0	0x002b656c	UpdateMoby_3260	proto
moby	20_yeedil	3291		0x003ee570	0x002b656c	UpdateMoby_3291	proto
moby	20_yeedil	3299		0x00411c70	0x002b656c	UpdateMoby_3299	proto
moby	20_yeedil	3300		0x004120d0	0x002b656c	UpdateMoby_3300	proto
moby	20_yeedil	3301		0x00412640	0x002b656c	UpdateMoby_3301	proto
moby	20_yeedil	3303		0x00414478	0x002b656c	UpdateMoby_3303	proto
moby	20_yeedil	3307		0x00416910	0x002b656c	UpdateMoby_3307	proto
moby	20_yeedil	3308		0x00416bf8	0x002b656c	UpdateMoby_3308	proto
moby	20_yeedil	3310		0x00416ee0	0x002b656c	UpdateMoby_3310	proto
moby	20_yeedil	3315		0x00417380	0x002b656c	UpdateMoby_3315	proto
moby	20_yeedil	3319		0x00418038	0x002b656c	UpdateMoby_3319	proto
moby	20_yeedil	3329		0x003c9c00	0x002b656c	UpdateMoby_3329	proto
moby	20_yeedil	3332		0x0041b920	0x002b656c	UpdateMoby_3332	proto
moby	20_yeedil	3342		0x0041c4d8	0x002b656c	UpdateMoby_3342	proto
moby	20_yeedil	3343		0x0041f400	0x002b656c	UpdateMoby_3343	proto
moby	20_yeedil	3406		0x00420b38	0x002b656c	UpdateMoby_3406	proto
moby	20_yeedil	3422		0x00423328	0x002b656c	UpdateMoby_3422	proto
moby	20_yeedil	3430		0x00423b40	0x002b656c	UpdateMoby_3430	proto
moby	20_yeedil	3484		0x00424038	0x002b656c	UpdateMoby_3484	proto
moby	20_yeedil	3521		0x00424b78	0x002b656c	UpdateMoby_3521	proto
moby	20_yeedil	3604		0x00424fe8	0x002b656c	UpdateMoby_3604	proto
moby	20_yeedil	3631		0x00425668	0x002b656c	UpdateMoby_3631	proto
moby	20_yeedil	3684		0x00426040	0x002b656c	UpdateMoby_3684	proto
moby	20_yeedil	3696		0x00426c10	0x002b656c	UpdateMoby_3696	proto
moby	20_yeedil	3705		0x00426d40	0x002b656c	UpdateMoby_3705	proto
moby	20_yeedil	3706		0x00429b88	0x002b656c	UpdateMoby_3706	proto
moby	20_yeedil	3709		0x00429ff0	0x002b656c	UpdateMoby_3709	proto
moby	20_yeedil	3742		0x00424fe8	0x002b656c	UpdateMoby_3742	proto
moby	20_yeedil	3754		0x0042aef8	0x002b656c	UpdateMoby_3754	proto
moby	20_yeedil	3755		0x0042b788	0x002b656c	UpdateMoby_3755	proto
moby	20_yeedil	3757		0x0042c9a8	0x002b656c	UpdateMoby_3757	proto
moby	20_yeedil	3760		0x0042efd8	0x002b656c	UpdateMoby_3760	proto
moby	20_yeedil	3784		0x0042fff8	0x002b656c	UpdateMoby_3784	proto
moby	20_yeedil	3790		0x00430850	0x002b656c	UpdateMoby_3790	proto
moby	20_yeedil	3792		0x00430fe8	0x002b656c	UpdateMoby_3792	proto
moby	20_yeedil	3799		0x00431a00	0x002b656c	UpdateMoby_3799	proto
moby	20_yeedil	3800		0x00432f80	0x002b656c	UpdateMoby_3800	proto
moby	20_yeedil	3809		0x00436ff0	0x002b656c	UpdateMoby_3809	proto
moby	20_yeedil	3949		0x00438400	0x002b656c	UpdateMoby_3949	proto
moby	20_yeedil	3950		0x00438fa0	0x002b656c	UpdateMoby_3950	proto
moby	20_yeedil	3959		0x004395a8	0x002b656c	UpdateMoby_3959	proto
moby	20_yeedil	3976		0x004395b0	0x002b656c	UpdateMoby_3976	proto
moby	20_yeedil	4016		0x004396b0	0x002b656c	UpdateMoby_4016	proto
moby	20_yeedil	4100		0x00439ca8	0x002b656c	UpdateMoby_4100	proto
moby	20_yeedil	4308		0x0043b320	0x002b656c	UpdateMoby_4308	proto
moby	20_yeedil	4309		0x0043b320	0x002b656c	UpdateMoby_4309	proto
moby	20_yeedil	4310		0x0043b320	0x002b656c	UpdateMoby_4310	proto
moby	20_yeedil	4311		0x0043b320	0x002b656c	UpdateMoby_4311	proto
moby	20_yeedil	4312		0x0043b320	0x002b656c	UpdateMoby_4312	proto
moby	20_yeedil	4313		0x0043b320	0x002b656c	UpdateMoby_4313	proto
moby	20_yeedil	4314		0x0043b320	0x002b656c	UpdateMoby_4314	proto
moby	20_yeedil	4315		0x0043b320	0x002b656c	UpdateMoby_4315	proto
moby	20_yeedil	4316		0x0043b320	0x002b656c	UpdateMoby_4316	proto
moby	20_yeedil	4317		0x0043b320	0x002b656c	UpdateMoby_4317	proto
moby	20_yeedil	4318		0x0043b320	0x002b656c	UpdateMoby_4318	proto
moby	20_yeedil	4319		0x0043b320	0x002b656c	UpdateMoby_4319	proto
moby	20_yeedil	4320		0x0043b320	0x002b656c	UpdateMoby_4320	proto
moby	20_yeedil	4321		0x0043b320	0x002b656c	UpdateMoby_4321	proto
moby	20_yeedil	4325		0x0043b320	0x002b656c	UpdateMoby_4325	proto
moby	20_yeedil	4406		0x0043b330	0x002b656c	UpdateMoby_4406	proto
moby	20_yeedil	4464		0x0043d4d8	0x002b656c	UpdateMoby_4464	proto
moby	20_yeedil	4498		0x003e51a8	0x002b656c	UpdateMoby_4498	proto
moby	20_yeedil	4501		0x0043d9c8	0x002b656c	UpdateMoby_4501	proto
moby	20_yeedil	4507		0x0043e8c0	0x002b656c	UpdateMoby_4507	proto
moby	20_yeedil	4509		0x0043ecb0	0x002b656c	UpdateMoby_4509	proto
moby	20_yeedil	4510		0x0043f570	0x002b656c	UpdateMoby_4510	proto
moby	20_yeedil	4525		0x004404b8	0x002b656c	UpdateMoby_4525	proto
moby	20_yeedil	4576		0x00440598	0x002b656c	UpdateMoby_4576	proto
moby	20_yeedil	4584		0x00444ca8	0x002b656c	UpdateMoby_4584	proto
moby	20_yeedil	4588		0x004451d0	0x002b656c	UpdateMoby_4588	proto
moby	20_yeedil	4589		0x00445730	0x002b656c	UpdateMoby_4589	proto
moby	20_yeedil	4591		0x00445738	0x002b656c	UpdateMoby_4591	proto
moby	20_yeedil	4617		0x00445890	0x002b656c	UpdateMoby_4617	proto
moby	20_yeedil	4626		0x00445ac8	0x002b656c	UpdateMoby_4626	proto
moby	20_yeedil	4662		0x00446e70	0x002b656c	UpdateMoby_4662	proto
moby	20_yeedil	4675		0x00446fa8	0x002b656c	UpdateMoby_4675	proto
moby	20_yeedil	4678		0x004473b0	0x002b656c	UpdateMoby_4678	proto
moby	20_yeedil	4685		0x00447748	0x002b656c	UpdateMoby_4685	proto
moby	20_yeedil	4687		0x00447930	0x002b656c	UpdateMoby_4687	proto
moby	20_yeedil	4695		0x00447d50	0x002b656c	UpdateMoby_4695	proto
moby	20_yeedil	4698		0x00448858	0x002b656c	UpdateMoby_4698	proto
moby	20_yeedil	4707		0x00448d20	0x002b656c	UpdateMoby_4707	proto
moby	20_yeedil	4713		0x00449178	0x002b656c		
moby	20_yeedil	4739		0x00449338	0x002b656c	UpdateMoby_4739	proto
moby	20_yeedil	4755		0x004495a8	0x002b656c		
moby	20_yeedil	4819		0x00449850	0x002b656c		
moby	20_yeedil	4846		0x00449ce0	0x002b656c		
moby	20_yeedil	4847		0x0044a1c8	0x002b656c		
moby	20_yeedil	4855		0x0044ae58	0x002b656c		
moby	20_yeedil	5020		0x0044bac0	0x002b656c	UpdateMoby_5020	proto
moby	20_yeedil	5021		0x0044d1a8	0x002b656c	UpdateMoby_5021	proto
moby	20_yeedil	5022		0x0044e818	0x002b656c	UpdateMoby_5022	proto
moby	20_yeedil	5023		0x00450198	0x002b656c	UpdateMoby_5023	proto
moby	20_yeedil	5024		0x0041a358	0x002b656c	UpdateMoby_5024	proto
moby	20_yeedil	1086		0x00450d40	0x002b656c	UpdateMoby_1086	proto
moby	20_yeedil	1481		0x00450e08	0x002b656c	UpdateMoby_1481	proto
moby	20_yeedil	2170		0x00453cf0	0x002b656c	UpdateMoby_2170	proto
moby	20_yeedil	3209		0x00455fc8	0x002b656c	UpdateMoby_3209	proto
cam	20_yeedil	0	InitCamera	0x0045d520		InitCamera_0	proto
cam	20_yeedil	0	ActivateCamera	0x0045a568		ActivateCamera_0	proto
cam	20_yeedil	0	UpdateCamera	0x0045d528		UpdateCamera_0	proto
cam	20_yeedil	0	ExitCamera	0x0045d5e8		ExitCamera_0	proto
cam	20_yeedil	4	InitCamera	0x0045dde8		InitCamera_4	proto
cam	20_yeedil	4	ActivateCamera	0x0045e178		ActivateCamera_4	proto
cam	20_yeedil	4	UpdateCamera	0x0045d858		UpdateCamera_4	proto
cam	20_yeedil	4	ExitCamera	0x0045e230		ExitCamera_4	proto
cam	20_yeedil	5	InitCamera	0x0045ecc8		InitCamera_5	proto
cam	20_yeedil	5	ActivateCamera	0x0045e818		ActivateCamera_5	proto
cam	20_yeedil	5	UpdateCamera	0x0045ecd0		UpdateCamera_5	proto
cam	20_yeedil	5	ExitCamera	0x0045ed28		ExitCamera_5	proto
cam	20_yeedil	6	InitCamera	0x0045f698		InitCamera_6	proto
cam	20_yeedil	6	ActivateCamera	0x0045f6a0		ActivateCamera_6	proto
cam	20_yeedil	6	UpdateCamera	0x0045f750		UpdateCamera_6	proto
cam	20_yeedil	6	ExitCamera	0x0045f770		ExitCamera_6	proto
cam	20_yeedil	7	InitCamera	0x004603c0		InitCamera_7	proto
cam	20_yeedil	7	ActivateCamera	0x0045f778		ActivateCamera_7	proto
cam	20_yeedil	7	UpdateCamera	0x004603c8		UpdateCamera_7	proto
cam	20_yeedil	7	ExitCamera	0x004604b0		ExitCamera_7	proto
cam	20_yeedil	19	InitCamera	0x00461068		InitCamera_19	proto
cam	20_yeedil	19	ActivateCamera	0x004605f0		ActivateCamera_19	proto
cam	20_yeedil	19	UpdateCamera	0x004609b8		UpdateCamera_19	proto
cam	20_yeedil	19	ExitCamera	0x00461130		ExitCamera_19	proto
cam	20_yeedil	23	InitCamera	0x004618b0		InitCamera_23	proto
cam	20_yeedil	23	ActivateCamera	0x00461938		ActivateCamera_23	proto
cam	20_yeedil	23	UpdateCamera	0x00461940		UpdateCamera_23	proto
cam	20_yeedil	23	ExitCamera	0x00461948		ExitCamera_23	proto
cam	20_yeedil	27	InitCamera	0x00461f90		InitCamera_27	proto
cam	20_yeedil	27	ActivateCamera	0x00461970		ActivateCamera_27	proto
cam	20_yeedil	27	UpdateCamera	0x00461ae8		UpdateCamera_27	proto
cam	20_yeedil	27	ExitCamera	0x00461f98		ExitCamera_27	proto
snd	20_yeedil	1	UpdateSound	0x00462068		UpdateSound_1	proto
moby	22_dobbo_orbit	2		0x00384208	0x002a77fc	UpdateMoby_2	proto
moby	22_dobbo_orbit	14		0x00384210	0x002a77fc	UpdateMoby_14	proto
moby	22_dobbo_orbit	1007		0x00385d48	0x002a77fc	UpdateMoby_1007	proto
moby	22_dobbo_orbit	4827		0x00385f40	0x002a77fc		
moby	22_dobbo_orbit	4917		0x00386020	0x002a77fc		
moby	22_dobbo_orbit	4959		0x00387800	0x002a77fc		
moby	22_dobbo_orbit	4966		0x00388fa8	0x002a77fc		
moby	22_dobbo_orbit	4967		0x0038ba50	0x002a77fc		
moby	22_dobbo_orbit	13		0x00384210	0x002a77fc	UpdateMoby_13	proto
moby	22_dobbo_orbit	15		0x00384210	0x002a77fc	UpdateMoby_15	proto
moby	22_dobbo_orbit	16		0x00384210	0x002a77fc	UpdateMoby_16	proto
moby	22_dobbo_orbit	17		0x00384210	0x002a77fc	UpdateMoby_17	proto
moby	22_dobbo_orbit	18		0x00384210	0x002a77fc	UpdateMoby_18	proto
moby	22_dobbo_orbit	19		0x00384210	0x002a77fc	UpdateMoby_19	proto
moby	22_dobbo_orbit	71		0x0038e3a8	0x002a77fc	UpdateMoby_71	proto
moby	22_dobbo_orbit	112		0x0038f7f8	0x002a77fc	UpdateMoby_112	proto
moby	22_dobbo_orbit	121		0x0038f8f8	0x002a77fc	UpdateMoby_121	proto
moby	22_dobbo_orbit	122		0x00391a80	0x002a77fc	UpdateMoby_122	proto
moby	22_dobbo_orbit	163		0x00391d48	0x002a77fc	UpdateMoby_163	proto
moby	22_dobbo_orbit	166		0x003920d8	0x002a77fc	UpdateMoby_166	proto
moby	22_dobbo_orbit	167		0x00392e28	0x002a77fc	UpdateMoby_167	proto
moby	22_dobbo_orbit	172		0x00393d58	0x002a77fc	UpdateMoby_172	proto
moby	22_dobbo_orbit	177		0x003949c0	0x002a77fc	UpdateMoby_177	proto
moby	22_dobbo_orbit	179		0x00397770	0x002a77fc	UpdateMoby_179	proto
moby	22_dobbo_orbit	180		0x003978b8	0x002a77fc	UpdateMoby_180	proto
moby	22_dobbo_orbit	188		0x00398718	0x002a77fc	UpdateMoby_188	proto
moby	22_dobbo_orbit	192		0x0039a2f0	0x002a77fc	UpdateMoby_192	proto
moby	22_dobbo_orbit	203		0x0039a5e0	0x002a77fc	UpdateMoby_203	proto
moby	22_dobbo_orbit	208		0x0039b8e8	0x002a77fc	UpdateMoby_208	proto
moby	22_dobbo_orbit	209		0x0039cb78	0x002a77fc	UpdateMoby_209	proto
moby	22_dobbo_orbit	256		0x0039d198	0x002a77fc	UpdateMoby_256	proto
moby	22_dobbo_orbit	357		0x003a6858	0x002a77fc	UpdateMoby_357	proto
moby	22_dobbo_orbit	358		0x003a6a68	0x002a77fc	UpdateMoby_358	proto
moby	22_dobbo_orbit	500		0x003a6c20	0x002a77fc	UpdateMoby_500	proto
moby	22_dobbo_orbit	562		0x003a88f0	0x002a77fc	UpdateMoby_562	proto
moby	22_dobbo_orbit	607		0x003a8b58	0x002a77fc	UpdateMoby_607	proto
moby	22_dobbo_orbit	637		0x003a8ba0	0x002a77fc	UpdateMoby_637	proto
moby	22_dobbo_orbit	639		0x003a8de0	0x002a77fc	UpdateMoby_639	proto
moby	22_dobbo_orbit	775		0x003a9a48	0x002a77fc	UpdateMoby_775	proto
moby	22_dobbo_orbit	804		0x003a9a98	0x002a77fc	UpdateMoby_804	proto
moby	22_dobbo_orbit	806		0x003aa500	0x002a77fc	UpdateMoby_806	proto
moby	22_dobbo_orbit	934		0x003abb28	0x002a77fc	UpdateMoby_934	proto
moby	22_dobbo_orbit	1134		0x003ac298	0x002a77fc	UpdateMoby_1134	proto
moby	22_dobbo_orbit	1192		0x0038f7f8	0x002a77fc	UpdateMoby_1192	proto
moby	22_dobbo_orbit	1427		0x003ad098	0x002a77fc	UpdateMoby_1427	proto
moby	22_dobbo_orbit	1482		0x003ad1a8	0x002a77fc	UpdateMoby_1482	proto
moby	22_dobbo_orbit	1483		0x003af158	0x002a77fc	UpdateMoby_1483	proto
moby	22_dobbo_orbit	1486		0x003b01a8	0x002a77fc	UpdateMoby_1486	proto
moby	22_dobbo_orbit	1487		0x003b0b48	0x002a77fc	UpdateMoby_1487	proto
moby	22_dobbo_orbit	1489		0x003b1660	0x002a77fc	UpdateMoby_1489	proto
moby	22_dobbo_orbit	1490		0x003b2ea8	0x002a77fc	UpdateMoby_1490	proto
moby	22_dobbo_orbit	1494		0x003b40f0	0x002a77fc	UpdateMoby_1494	proto
moby	22_dobbo_orbit	1496		0x003b5ed0	0x002a77fc	UpdateMoby_1496	proto
moby	22_dobbo_orbit	1497		0x003b6980	0x002a77fc	UpdateMoby_1497	proto
moby	22_dobbo_orbit	1498		0x003b8140	0x002a77fc	UpdateMoby_1498	proto
moby	22_dobbo_orbit	1523		0x003b9450	0x002a77fc	UpdateMoby_1523	proto
moby	22_dobbo_orbit	2078		0x003ba5d0	0x002a77fc	UpdateMoby_2078	proto
moby	22_dobbo_orbit	2079		0x003bbfc8	0x002a77fc	UpdateMoby_2079	proto
moby	22_dobbo_orbit	2080		0x003be938	0x002a77fc	UpdateMoby_2080	proto
moby	22_dobbo_orbit	2085		0x003bf2a8	0x002a77fc	UpdateMoby_2085	proto
moby	22_dobbo_orbit	2088		0x003c0828	0x002a77fc	UpdateMoby_2088	proto
moby	22_dobbo_orbit	2143		0x003c0b20	0x002a77fc	UpdateMoby_2143	proto
moby	22_dobbo_orbit	2160		0x003c2f80	0x002a77fc	UpdateMoby_2160	proto
moby	22_dobbo_orbit	2169		0x003c32c0	0x002a77fc	UpdateMoby_2169	proto
moby	22_dobbo_orbit	2189		0x003c3aa0	0x002a77fc		
moby	22_dobbo_orbit	2311		0x003c5068	0x002a77fc	UpdateMoby_2311	proto
moby	22_dobbo_orbit	2384		0x003c6cb0	0x002a77fc	UpdateMoby_2384	proto
moby	22_dobbo_orbit	2473		0x003c6cd0	0x002a77fc	UpdateMoby_2473	proto
moby	22_dobbo_orbit	2489		0x003c9880	0x002a77fc	UpdateMoby_2489	proto
moby	22_dobbo_orbit	2650		0x003c9e90	0x002a77fc	UpdateMoby_2650	proto
moby	22_dobbo_orbit	2651		0x003ca2e0	0x002a77fc	UpdateMoby_2651	proto
moby	22_dobbo_orbit	2652		0x003cac58	0x002a77fc	UpdateMoby_2652	proto
moby	22_dobbo_orbit	2653		0x003cd160	0x002a77fc	UpdateMoby_2653	proto
moby	22_dobbo_orbit	2661		0x003cf6f0	0x002a77fc	UpdateMoby_2661	proto
moby	22_dobbo_orbit	2663		0x003cf958	0x002a77fc	UpdateMoby_2663	proto
moby	22_dobbo_orbit	2668		0x003d0840	0x002a77fc	UpdateMoby_2668	proto
moby	22_dobbo_orbit	2688		0x003d0880	0x002a77fc	UpdateMoby_2688	proto
moby	22_dobbo_orbit	2690		0x003d0b40	0x002a77fc	UpdateMoby_2690	proto
moby	22_dobbo_orbit	2715		0x003d18f8	0x002a77fc	UpdateMoby_2715	proto
moby	22_dobbo_orbit	2729		0x003d4428	0x002a77fc	UpdateMoby_2729	proto
moby	22_dobbo_orbit	2784		0x003d4460	0x002a77fc	UpdateMoby_2784	proto
moby	22_dobbo_orbit	2801		0x003d4f30	0x002a77fc	UpdateMoby_2801	proto
moby	22_dobbo_orbit	2806		0x003c32c0	0x002a77fc	UpdateMoby_2806	proto
moby	22_dobbo_orbit	2818		0x003d7c28	0x002a77fc	UpdateMoby_2818	proto
moby	22_dobbo_orbit	2862		0x003d8728	0x002a77fc	UpdateMoby_2862	proto
moby	22_dobbo_orbit	2904		0x003da8c8	0x002a77fc	UpdateMoby_2904	proto
moby	22_dobbo_orbit	3031		0x003dc930	0x002a77fc	UpdateMoby_3031	proto
moby	22_dobbo_orbit	3032		0x003dde98	0x002a77fc	UpdateMoby_3032	proto
moby	22_dobbo_orbit	3070		0x003dec00	0x002a77fc	UpdateMoby_3070	proto
moby	22_dobbo_orbit	3076		0x003e0108	0x002a77fc	UpdateMoby_3076	proto
moby	22_dobbo_orbit	3077		0x003e1038	0x002a77fc	UpdateMoby_3077	proto
moby	22_dobbo_orbit	3078		0x003e12e0	0x002a77fc	UpdateMoby_3078	proto
moby	22_dobbo_orbit	3079		0x003e3960	0x002a77fc	UpdateMoby_3079	proto
moby	22_dobbo_orbit	3137		0x003e3e50	0x002a77fc	UpdateMoby_3137	proto
moby	22_dobbo_orbit	3146		0x003e4350	0x002a77fc	UpdateMoby_3146	proto
moby	22_dobbo_orbit	3161		0x003e65d0	0x002a77fc	UpdateMoby_3161	proto
moby	22_dobbo_orbit	3162		0x003e6ae8	0x002a77fc	UpdateMoby_3162	proto
moby	22_dobbo_orbit	3174		0x003e6d50	0x002a77fc	UpdateMoby_3174	proto
moby	22_dobbo_orbit	3250		0x003e7b78	0x002a77fc	UpdateMoby_3250	proto
moby	22_dobbo_orbit	3254		0x003e8830	0x002a77fc		
moby	22_dobbo_orbit	3259		0x003e8c80	0x002a77fc	UpdateMoby_3259	proto
moby	22_dobbo_orbit	3291		0x003d4460	0x002a77fc	UpdateMoby_3291	proto
moby	22_dobbo_orbit	3299		0x003e9d70	0x002a77fc	UpdateMoby_3299	proto
moby	22_dobbo_orbit	3300		0x003ea1d0	0x002a77fc	UpdateMoby_3300	proto
moby	22_dobbo_orbit	3301		0x003ea740	0x002a77fc	UpdateMoby_3301	proto
moby	22_dobbo_orbit	3303		0x003ec578	0x002a77fc	UpdateMoby_3303	proto
moby	22_dobbo_orbit	3307		0x003eea10	0x002a77fc	UpdateMoby_3307	proto
moby	22_dobbo_orbit	3308		0x003eecf8	0x002a77fc	UpdateMoby_3308	proto
moby	22_dobbo_orbit	3310		0x003eefe0	0x002a77fc	UpdateMoby_3310	proto
moby	22_dobbo_orbit	3315		0x003ef480	0x002a77fc	UpdateMoby_3315	proto
moby	22_dobbo_orbit	3319		0x003f0138	0x002a77fc	UpdateMoby_3319	proto
moby	22_dobbo_orbit	3329		0x003b6980	0x002a77fc	UpdateMoby_3329	proto
moby	22_dobbo_orbit	3332		0x003f3a20	0x002a77fc	UpdateMoby_3332	proto
moby	22_dobbo_orbit	3389		0x003f45d8	0x002a77fc	UpdateMoby_3389	proto
moby	22_dobbo_orbit	3406		0x003f5ed0	0x002a77fc	UpdateMoby_3406	proto
moby	22_dobbo_orbit	3413		0x003f8658	0x002a77fc	UpdateMoby_3413	proto
moby	22_dobbo_orbit	3422		0x003f88d8	0x002a77fc	UpdateMoby_3422	proto
moby	22_dobbo_orbit	3484		0x003f9220	0x002a77fc	UpdateMoby_3484	proto
moby	22_dobbo_orbit	3521		0x003f9d60	0x002a77fc	UpdateMoby_3521	proto
moby	22_dobbo_orbit	3534		0x003fa2a8	0x002a77fc		
moby	22_dobbo_orbit	3595		0x0039d708	0x002a77fc	UpdateMoby_3595	proto
moby	22_dobbo_orbit	3604		0x003fa2e0	0x002a77fc	UpdateMoby_3604	proto
moby	22_dobbo_orbit	3631		0x003fa960	0x002a77fc	UpdateMoby_3631	proto
moby	22_dobbo_orbit	3642		0x003fb310	0x002a77fc	UpdateMoby_3642	proto
moby	22_dobbo_orbit	3643		0x003fc870	0x002a77fc	UpdateMoby_3643	proto
moby	22_dobbo_orbit	3644		0x003fd150	0x002a77fc	UpdateMoby_3644	proto
moby	22_dobbo_orbit	3645		0x003fd2d8	0x002a77fc	UpdateMoby_3645	proto
moby	22_dobbo_orbit	3684		0x003fdcd8	0x002a77fc	UpdateMoby_3684	proto
moby	22_dobbo_orbit	3696		0x003fe8a8	0x002a77fc	UpdateMoby_3696	proto
moby	22_dobbo_orbit	3705		0x003fe9d8	0x002a77fc	UpdateMoby_3705	proto
moby	22_dobbo_orbit	3706		0x00401820	0x002a77fc	UpdateMoby_3706	proto
moby	22_dobbo_orbit	3709		0x00401c88	0x002a77fc	UpdateMoby_3709	proto
moby	22_dobbo_orbit	3712		0x00402b90	0x002a77fc	UpdateMoby_3712	proto
moby	22_dobbo_orbit	3742		0x003fa2e0	0x002a77fc	UpdateMoby_3742	proto
moby	22_dobbo_orbit	3754		0x00402f98	0x002a77fc	UpdateMoby_3754	proto
moby	22_dobbo_orbit	3755		0x00403828	0x002a77fc	UpdateMoby_3755	proto
moby	22_dobbo_orbit	3757		0x00404a48	0x002a77fc	UpdateMoby_3757	proto
moby	22_dobbo_orbit	3760		0x00407078	0x002a77fc	UpdateMoby_3760	proto
moby	22_dobbo_orbit	3784		0x00408098	0x002a77fc	UpdateMoby_3784	proto
moby	22_dobbo_orbit	3790		0x004088f0	0x002a77fc	UpdateMoby_3790	proto
moby	22_dobbo_orbit	3799		0x004096f0	0x002a77fc	UpdateMoby_3799	proto
moby	22_dobbo_orbit	3800		0x0040ac70	0x002a77fc	UpdateMoby_3800	proto
moby	22_dobbo_orbit	3805		0x0040c888	0x002a77fc	UpdateMoby_3805	proto
moby	22_dobbo_orbit	3933		0x0040dd40	0x002a77fc	UpdateMoby_3933	proto
moby	22_dobbo_orbit	3949		0x0040e628	0x002a77fc	UpdateMoby_3949	proto
moby	22_dobbo_orbit	3950		0x0040f1c8	0x002a77fc	UpdateMoby_3950	proto
moby	22_dobbo_orbit	4016		0x0040f7d0	0x002a77fc	UpdateMoby_4016	proto
moby	22_dobbo_orbit	4100		0x0040fdc8	0x002a77fc	UpdateMoby_4100	proto
moby	22_dobbo_orbit	4308		0x00411440	0x002a77fc	UpdateMoby_4308	proto
moby	22_dobbo_orbit	4309		0x00411440	0x002a77fc	UpdateMoby_4309	proto
moby	22_dobbo_orbit	4310		0x00411440	0x002a77fc	UpdateMoby_4310	proto
moby	22_dobbo_orbit	4311		0x00411440	0x002a77fc	UpdateMoby_4311	proto
moby	22_dobbo_orbit	4312		0x00411440	0x002a77fc	UpdateMoby_4312	proto
moby	22_dobbo_orbit	4313		0x00411440	0x002a77fc	UpdateMoby_4313	proto
moby	22_dobbo_orbit	4314		0x00411440	0x002a77fc	UpdateMoby_4314	proto
moby	22_dobbo_orbit	4315		0x00411440	0x002a77fc	UpdateMoby_4315	proto
moby	22_dobbo_orbit	4316		0x00411440	0x002a77fc	UpdateMoby_4316	proto
moby	22_dobbo_orbit	4317		0x00411440	0x002a77fc	UpdateMoby_4317	proto
moby	22_dobbo_orbit	4318		0x00411440	0x002a77fc	UpdateMoby_4318	proto
moby	22_dobbo_orbit	4319		0x00411440	0x002a77fc	UpdateMoby_4319	proto
moby	22_dobbo_orbit	4320		0x00411440	0x002a77fc	UpdateMoby_4320	proto
moby	22_dobbo_orbit	4321		0x00411440	0x002a77fc	UpdateMoby_4321	proto
moby	22_dobbo_orbit	4325		0x00411440	0x002a77fc	UpdateMoby_4325	proto
moby	22_dobbo_orbit	4406		0x00411450	0x002a77fc	UpdateMoby_4406	proto
moby	22_dobbo_orbit	4427		0x00413590	0x002a77fc	UpdateMoby_4427	proto
moby	22_dobbo_orbit	4495		0x00413600	0x002a77fc	UpdateMoby_4495	proto
moby	22_dobbo_orbit	4496		0x00413b98	0x002a77fc	UpdateMoby_4496	proto
moby	22_dobbo_orbit	4498		0x003cac58	0x002a77fc	UpdateMoby_4498	proto
moby	22_dobbo_orbit	4501		0x00414b50	0x002a77fc	UpdateMoby_4501	proto
moby	22_dobbo_orbit	4922		0x00415a48	0x002a77fc	UpdateMoby_4922	proto
moby	22_dobbo_orbit	5020		0x00415e18	0x002a77fc	UpdateMoby_5020	proto
moby	22_dobbo_orbit	5021		0x00417500	0x002a77fc	UpdateMoby_5021	proto
moby	22_dobbo_orbit	5022		0x00418b70	0x002a77fc	UpdateMoby_5022	proto
moby	22_dobbo_orbit	5023		0x0041a4f0	0x002a77fc	UpdateMoby_5023	proto
moby	22_dobbo_orbit	5024		0x003f2458	0x002a77fc	UpdateMoby_5024	proto
moby	22_dobbo_orbit	1481		0x0041b098	0x002a77fc	UpdateMoby_1481	proto
moby	22_dobbo_orbit	2170		0x0041df80	0x002a77fc	UpdateMoby_2170	proto
moby	22_dobbo_orbit	3209		0x00420258	0x002a77fc	UpdateMoby_3209	proto
cam	22_dobbo_orbit	0	InitCamera	0x004277f8		InitCamera_0	proto
cam	22_dobbo_orbit	0	ActivateCamera	0x004247f8		ActivateCamera_0	proto
cam	22_dobbo_orbit	0	UpdateCamera	0x00427800		UpdateCamera_0	proto
cam	22_dobbo_orbit	0	ExitCamera	0x004278c0		ExitCamera_0	proto
cam	22_dobbo_orbit	4	InitCamera	0x004280c0		InitCamera_4	proto
cam	22_dobbo_orbit	4	ActivateCamera	0x00428450		ActivateCamera_4	proto
cam	22_dobbo_orbit	4	UpdateCamera	0x00427b30		UpdateCamera_4	proto
cam	22_dobbo_orbit	4	ExitCamera	0x00428508		ExitCamera_4	proto
cam	22_dobbo_orbit	5	InitCamera	0x00428f20		InitCamera_5	proto
cam	22_dobbo_orbit	5	ActivateCamera	0x00428a70		ActivateCamera_5	proto
cam	22_dobbo_orbit	5	UpdateCamera	0x00428f28		UpdateCamera_5	proto
cam	22_dobbo_orbit	5	ExitCamera	0x00428f80		ExitCamera_5	proto
cam	22_dobbo_orbit	6	InitCamera	0x004298f0		InitCamera_6	proto
cam	22_dobbo_orbit	6	ActivateCamera	0x004298f8		ActivateCamera_6	proto
cam	22_dobbo_orbit	6	UpdateCamera	0x004299a8		UpdateCamera_6	proto
cam	22_dobbo_orbit	6	ExitCamera	0x004299c8		ExitCamera_6	proto
cam	22_dobbo_orbit	7	InitCamera	0x0042a340		InitCamera_7	proto
cam	22_dobbo_orbit	7	ActivateCamera	0x004299d0		ActivateCamera_7	proto
cam	22_dobbo_orbit	7	UpdateCamera	0x0042a348		UpdateCamera_7	proto
cam	22_dobbo_orbit	7	ExitCamera	0x0042a430		ExitCamera_7	proto
cam	22_dobbo_orbit	23	InitCamera	0x0042abe0		InitCamera_23	proto
cam	22_dobbo_orbit	23	ActivateCamera	0x0042ac68		ActivateCamera_23	proto
cam	22_dobbo_orbit	23	UpdateCamera	0x0042ac70		UpdateCamera_23	proto
cam	22_dobbo_orbit	23	ExitCamera	0x0042ac78		ExitCamera_23	proto
cam	22_dobbo_orbit	24	InitCamera	0x0042b468		InitCamera_24	proto
cam	22_dobbo_orbit	24	ActivateCamera	0x0042b488		ActivateCamera_24	proto
cam	22_dobbo_orbit	24	UpdateCamera	0x0042b490		UpdateCamera_24	proto
cam	22_dobbo_orbit	24	ExitCamera	0x0042b498		ExitCamera_24	proto
cam	22_dobbo_orbit	27	InitCamera	0x0042bac0		InitCamera_27	proto
cam	22_dobbo_orbit	27	ActivateCamera	0x0042b4a0		ActivateCamera_27	proto
cam	22_dobbo_orbit	27	UpdateCamera	0x0042b618		UpdateCamera_27	proto
cam	22_dobbo_orbit	27	ExitCamera	0x0042bac8		ExitCamera_27	proto
moby	23_damosel_orbit	2		0x00388920	0x002abef0	UpdateMoby_2	proto
moby	23_damosel_orbit	14		0x00388928	0x002abef0	UpdateMoby_14	proto
moby	23_damosel_orbit	1007		0x0038a460	0x002abef0	UpdateMoby_1007	proto
moby	23_damosel_orbit	4917		0x0038a658	0x002abef0		
moby	23_damosel_orbit	4959		0x0038be38	0x002abef0		
moby	23_damosel_orbit	4966		0x0038d5e0	0x002abef0		
moby	23_damosel_orbit	4967		0x00390088	0x002abef0		
moby	23_damosel_orbit	13		0x00388928	0x002abef0	UpdateMoby_13	proto
moby	23_damosel_orbit	15		0x00388928	0x002abef0	UpdateMoby_15	proto
moby	23_damosel_orbit	16		0x00388928	0x002abef0	UpdateMoby_16	proto
moby	23_damosel_orbit	17		0x00388928	0x002abef0	UpdateMoby_17	proto
moby	23_damosel_orbit	18		0x00388928	0x002abef0	UpdateMoby_18	proto
moby	23_damosel_orbit	19		0x00388928	0x002abef0	UpdateMoby_19	proto
moby	23_damosel_orbit	71		0x003929e0	0x002abef0	UpdateMoby_71	proto
moby	23_damosel_orbit	112		0x00393e30	0x002abef0	UpdateMoby_112	proto
moby	23_damosel_orbit	121		0x00393f30	0x002abef0	UpdateMoby_121	proto
moby	23_damosel_orbit	122		0x003960b8	0x002abef0	UpdateMoby_122	proto
moby	23_damosel_orbit	163		0x00396380	0x002abef0	UpdateMoby_163	proto
moby	23_damosel_orbit	166		0x00396710	0x002abef0	UpdateMoby_166	proto
moby	23_damosel_orbit	167		0x00397460	0x002abef0	UpdateMoby_167	proto
moby	23_damosel_orbit	172		0x00398390	0x002abef0	UpdateMoby_172	proto
moby	23_damosel_orbit	177		0x00398ff8	0x002abef0	UpdateMoby_177	proto
moby	23_damosel_orbit	179		0x0039bda8	0x002abef0	UpdateMoby_179	proto
moby	23_damosel_orbit	180		0x0039bef0	0x002abef0	UpdateMoby_180	proto
moby	23_damosel_orbit	188		0x0039cd50	0x002abef0	UpdateMoby_188	proto
moby	23_damosel_orbit	192		0x0039e928	0x002abef0	UpdateMoby_192	proto
moby	23_damosel_orbit	203		0x0039ec18	0x002abef0	UpdateMoby_203	proto
moby	23_damosel_orbit	208		0x0039ff20	0x002abef0	UpdateMoby_208	proto
moby	23_damosel_orbit	209		0x003a11b0	0x002abef0	UpdateMoby_209	proto
moby	23_damosel_orbit	256		0x003a17d0	0x002abef0	UpdateMoby_256	proto
moby	23_damosel_orbit	357		0x003aae50	0x002abef0	UpdateMoby_357	proto
moby	23_damosel_orbit	358		0x003ab060	0x002abef0	UpdateMoby_358	proto
moby	23_damosel_orbit	500		0x003ab218	0x002abef0	UpdateMoby_500	proto
moby	23_damosel_orbit	562		0x003acee8	0x002abef0	UpdateMoby_562	proto
moby	23_damosel_orbit	607		0x003ad150	0x002abef0	UpdateMoby_607	proto
moby	23_damosel_orbit	637		0x003ad198	0x002abef0	UpdateMoby_637	proto
moby	23_damosel_orbit	639		0x003ad3d8	0x002abef0	UpdateMoby_639	proto
moby	23_damosel_orbit	775		0x003ae040	0x002abef0	UpdateMoby_775	proto
moby	23_damosel_orbit	804		0x003ae090	0x002abef0	UpdateMoby_804	proto
moby	23_damosel_orbit	806		0x003aeaf8	0x002abef0	UpdateMoby_806	proto
moby	23_damosel_orbit	934		0x003b0120	0x002abef0	UpdateMoby_934	proto
moby	23_damosel_orbit	1134		0x003b0890	0x002abef0	UpdateMoby_1134	proto
moby	23_damosel_orbit	1192		0x00393e30	0x002abef0	UpdateMoby_1192	proto
moby	23_damosel_orbit	1427		0x003b1690	0x002abef0	UpdateMoby_1427	proto
moby	23_damosel_orbit	1482		0x003b17a0	0x002abef0	UpdateMoby_1482	proto
moby	23_damosel_orbit	1483		0x003b3750	0x002abef0	UpdateMoby_1483	proto
moby	23_damosel_orbit	1486		0x003b47a0	0x002abef0	UpdateMoby_1486	proto
moby	23_damosel_orbit	1487		0x003b5140	0x002abef0	UpdateMoby_1487	proto
moby	23_damosel_orbit	1489		0x003b5c58	0x002abef0	UpdateMoby_1489	proto
moby	23_damosel_orbit	1490		0x003b74a0	0x002abef0	UpdateMoby_1490	proto
moby	23_damosel_orbit	1494		0x003b86e8	0x002abef0	UpdateMoby_1494	proto
moby	23_damosel_orbit	1496		0x003ba4c8	0x002abef0	UpdateMoby_1496	proto
moby	23_damosel_orbit	1497		0x003baf78	0x002abef0	UpdateMoby_1497	proto
moby	23_damosel_orbit	1498		0x003bc738	0x002abef0	UpdateMoby_1498	proto
moby	23_damosel_orbit	1523		0x003bda28	0x002abef0	UpdateMoby_1523	proto
moby	23_damosel_orbit	2021		0x003bea00	0x002abef0	UpdateMoby_2021	proto
moby	23_damosel_orbit	2078		0x003c22d0	0x002abef0	UpdateMoby_2078	proto
moby	23_damosel_orbit	2079		0x003c3cc8	0x002abef0	UpdateMoby_2079	proto
moby	23_damosel_orbit	2080		0x003c6638	0x002abef0	UpdateMoby_2080	proto
moby	23_damosel_orbit	2085		0x003c6fa8	0x002abef0	UpdateMoby_2085	proto
moby	23_damosel_orbit	2088		0x003c8528	0x002abef0	UpdateMoby_2088	proto
moby	23_damosel_orbit	2143		0x003c8820	0x002abef0	UpdateMoby_2143	proto
moby	23_damosel_orbit	2160		0x003cac80	0x002abef0	UpdateMoby_2160	proto
moby	23_damosel_orbit	2169		0x003cafc0	0x002abef0	UpdateMoby_2169	proto
moby	23_damosel_orbit	2189		0x003cb7a0	0x002abef0		
moby	23_damosel_orbit	2311		0x003ccd68	0x002abef0	UpdateMoby_2311	proto
moby	23_damosel_orbit	2384		0x003ce9b0	0x002abef0	UpdateMoby_2384	proto
moby	23_damosel_orbit	2473		0x003ce9d0	0x002abef0	UpdateMoby_2473	proto
moby	23_damosel_orbit	2650		0x003d1580	0x002abef0	UpdateMoby_2650	proto
moby	23_damosel_orbit	2651		0x003d19d0	0x002abef0	UpdateMoby_2651	proto
moby	23_damosel_orbit	2652		0x003d2348	0x002abef0	UpdateMoby_2652	proto
moby	23_damosel_orbit	2653		0x003d4850	0x002abef0	UpdateMoby_2653	proto
moby	23_damosel_orbit	2661		0x003d6de0	0x002abef0	UpdateMoby_2661	proto
moby	23_damosel_orbit	2663		0x003d7048	0x002abef0	UpdateMoby_2663	proto
moby	23_damosel_orbit	2688		0x003d7f30	0x002abef0	UpdateMoby_2688	proto
moby	23_damosel_orbit	2690		0x003d81f0	0x002abef0	UpdateMoby_2690	proto
moby	23_damosel_orbit	2715		0x003d8fa8	0x002abef0	UpdateMoby_2715	proto
moby	23_damosel_orbit	2784		0x003db9d0	0x002abef0	UpdateMoby_2784	proto
moby	23_damosel_orbit	2801		0x003dc4a0	0x002abef0	UpdateMoby_2801	proto
moby	23_damosel_orbit	2806		0x003cafc0	0x002abef0	UpdateMoby_2806	proto
moby	23_damosel_orbit	2818		0x003df198	0x002abef0	UpdateMoby_2818	proto
moby	23_damosel_orbit	2862		0x003dfc98	0x002abef0	UpdateMoby_2862	proto
moby	23_damosel_orbit	2904		0x003e1e38	0x002abef0	UpdateMoby_2904	proto
moby	23_damosel_orbit	3031		0x003e3ea0	0x002abef0	UpdateMoby_3031	proto
moby	23_damosel_orbit	3032		0x003e5408	0x002abef0	UpdateMoby_3032	proto
moby	23_damosel_orbit	3070		0x003e6170	0x002abef0	UpdateMoby_3070	proto
moby	23_damosel_orbit	3076		0x003e7678	0x002abef0	UpdateMoby_3076	proto
moby	23_damosel_orbit	3077		0x003e85a8	0x002abef0	UpdateMoby_3077	proto
moby	23_damosel_orbit	3078		0x003e8850	0x002abef0	UpdateMoby_3078	proto
moby	23_damosel_orbit	3079		0x003eaed0	0x002abef0	UpdateMoby_3079	proto
moby	23_damosel_orbit	3137		0x003eb3c0	0x002abef0	UpdateMoby_3137	proto
moby	23_damosel_orbit	3146		0x003eb8c0	0x002abef0	UpdateMoby_3146	proto
moby	23_damosel_orbit	3161		0x003edb40	0x002abef0	UpdateMoby_3161	proto
moby	23_damosel_orbit	3162		0x003ee058	0x002abef0	UpdateMoby_3162	proto
moby	23_damosel_orbit	3250		0x003eedf0	0x002abef0	UpdateMoby_3250	proto
moby	23_damosel_orbit	3259		0x003efe48	0x002abef0	UpdateMoby_3259	proto
moby	23_damosel_orbit	3291		0x003db9d0	0x002abef0	UpdateMoby_3291	proto
moby	23_damosel_orbit	3299		0x003f0f38	0x002abef0	UpdateMoby_3299	proto
moby	23_damosel_orbit	3300		0x003f1398	0x002abef0	UpdateMoby_3300	proto
moby	23_damosel_orbit	3301		0x003f1908	0x002abef0	UpdateMoby_3301	proto
moby	23_damosel_orbit	3303		0x003f3740	0x002abef0	UpdateMoby_3303	proto
moby	23_damosel_orbit	3307		0x003f5bd8	0x002abef0	UpdateMoby_3307	proto
moby	23_damosel_orbit	3308		0x003f5ec0	0x002abef0	UpdateMoby_3308	proto
moby	23_damosel_orbit	3310		0x003f61a8	0x002abef0	UpdateMoby_3310	proto
moby	23_damosel_orbit	3315		0x003f6648	0x002abef0	UpdateMoby_3315	proto
moby	23_damosel_orbit	3319		0x003f7300	0x002abef0	UpdateMoby_3319	proto
moby	23_damosel_orbit	3329		0x003baf78	0x002abef0	UpdateMoby_3329	proto
moby	23_damosel_orbit	3332		0x003fabe8	0x002abef0	UpdateMoby_3332	proto
moby	23_damosel_orbit	3389		0x003fb7a0	0x002abef0	UpdateMoby_3389	proto
moby	23_damosel_orbit	3406		0x003fd098	0x002abef0	UpdateMoby_3406	proto
moby	23_damosel_orbit	3413		0x003ff820	0x002abef0	UpdateMoby_3413	proto
moby	23_damosel_orbit	3422		0x003ffaa0	0x002abef0	UpdateMoby_3422	proto
moby	23_damosel_orbit	3484		0x004003e8	0x002abef0	UpdateMoby_3484	proto
moby	23_damosel_orbit	3521		0x00400f28	0x002abef0	UpdateMoby_3521	proto
moby	23_damosel_orbit	3604		0x00401398	0x002abef0	UpdateMoby_3604	proto
moby	23_damosel_orbit	3631		0x00401a18	0x002abef0	UpdateMoby_3631	proto
moby	23_damosel_orbit	3642		0x004023c8	0x002abef0	UpdateMoby_3642	proto
moby	23_damosel_orbit	3643		0x00403928	0x002abef0	UpdateMoby_3643	proto
moby	23_damosel_orbit	3645		0x004042f0	0x002abef0	UpdateMoby_3645	proto
moby	23_damosel_orbit	3684		0x00404cf0	0x002abef0	UpdateMoby_3684	proto
moby	23_damosel_orbit	3696		0x004058c0	0x002abef0	UpdateMoby_3696	proto
moby	23_damosel_orbit	3705		0x004059f0	0x002abef0	UpdateMoby_3705	proto
moby	23_damosel_orbit	3706		0x00408838	0x002abef0	UpdateMoby_3706	proto
moby	23_damosel_orbit	3709		0x00408ca0	0x002abef0	UpdateMoby_3709	proto
moby	23_damosel_orbit	3742		0x00401398	0x002abef0	UpdateMoby_3742	proto
moby	23_damosel_orbit	3754		0x00409ba8	0x002abef0	UpdateMoby_3754	proto
moby	23_damosel_orbit	3755		0x0040a438	0x002abef0	UpdateMoby_3755	proto
moby	23_damosel_orbit	3757		0x0040b658	0x002abef0	UpdateMoby_3757	proto
moby	23_damosel_orbit	3760		0x0040dc88	0x002abef0	UpdateMoby_3760	proto
moby	23_damosel_orbit	3777		0x0040efa0	0x002abef0	UpdateMoby_3777	proto
moby	23_damosel_orbit	3784		0x00410308	0x002abef0	UpdateMoby_3784	proto
moby	23_damosel_orbit	3790		0x00410b60	0x002abef0	UpdateMoby_3790	proto
moby	23_damosel_orbit	3799		0x00411960	0x002abef0	UpdateMoby_3799	proto
moby	23_damosel_orbit	3800		0x00412ee0	0x002abef0	UpdateMoby_3800	proto
moby	23_damosel_orbit	3949		0x00414df0	0x002abef0	UpdateMoby_3949	proto
moby	23_damosel_orbit	3950		0x00415990	0x002abef0	UpdateMoby_3950	proto
moby	23_damosel_orbit	3966		0x00415f98	0x002abef0	UpdateMoby_3966	proto
moby	23_damosel_orbit	3967		0x00416388	0x002abef0	UpdateMoby_3967	proto
moby	23_damosel_orbit	4016		0x0041e658	0x002abef0	UpdateMoby_4016	proto
moby	23_damosel_orbit	4100		0x0041ec50	0x002abef0	UpdateMoby_4100	proto
moby	23_damosel_orbit	4308		0x004202c8	0x002abef0	UpdateMoby_4308	proto
moby	23_damosel_orbit	4309		0x004202c8	0x002abef0	UpdateMoby_4309	proto
moby	23_damosel_orbit	4310		0x004202c8	0x002abef0	UpdateMoby_4310	proto
moby	23_damosel_orbit	4311		0x004202c8	0x002abef0	UpdateMoby_4311	proto
moby	23_damosel_orbit	4312		0x004202c8	0x002abef0	UpdateMoby_4312	proto
moby	23_damosel_orbit	4313		0x004202c8	0x002abef0	UpdateMoby_4313	proto
moby	23_damosel_orbit	4314		0x004202c8	0x002abef0	UpdateMoby_4314	proto
moby	23_damosel_orbit	4315		0x004202c8	0x002abef0	UpdateMoby_4315	proto
moby	23_damosel_orbit	4316		0x004202c8	0x002abef0	UpdateMoby_4316	proto
moby	23_damosel_orbit	4317		0x004202c8	0x002abef0	UpdateMoby_4317	proto
moby	23_damosel_orbit	4318		0x004202c8	0x002abef0	UpdateMoby_4318	proto
moby	23_damosel_orbit	4319		0x004202c8	0x002abef0	UpdateMoby_4319	proto
moby	23_damosel_orbit	4320		0x004202c8	0x002abef0	UpdateMoby_4320	proto
moby	23_damosel_orbit	4321		0x004202c8	0x002abef0	UpdateMoby_4321	proto
moby	23_damosel_orbit	4325		0x004202c8	0x002abef0	UpdateMoby_4325	proto
moby	23_damosel_orbit	4406		0x004202d8	0x002abef0	UpdateMoby_4406	proto
moby	23_damosel_orbit	4427		0x00422418	0x002abef0	UpdateMoby_4427	proto
moby	23_damosel_orbit	4494		0x00422480	0x002abef0	UpdateMoby_4494	proto
moby	23_damosel_orbit	4495		0x00422e08	0x002abef0	UpdateMoby_4495	proto
moby	23_damosel_orbit	4496		0x004236b8	0x002abef0	UpdateMoby_4496	proto
moby	23_damosel_orbit	4498		0x003d2348	0x002abef0	UpdateMoby_4498	proto
moby	23_damosel_orbit	4501		0x00424670	0x002abef0	UpdateMoby_4501	proto
moby	23_damosel_orbit	4524		0x00425848	0x002abef0	UpdateMoby_4524	proto
moby	23_damosel_orbit	4575		0x004265d0	0x002abef0	UpdateMoby_4575	proto
moby	23_damosel_orbit	4623		0x004277b8	0x002abef0	UpdateMoby_4623	proto
moby	23_damosel_orbit	4627		0x00427cb0	0x002abef0		
moby	23_damosel_orbit	4656		0x00427ce8	0x002abef0	UpdateMoby_4656	proto
moby	23_damosel_orbit	4663		0x00428cf8	0x002abef0	UpdateMoby_4663	proto
moby	23_damosel_orbit	4689		0x00429cc0	0x002abef0	UpdateMoby_4689	proto
moby	23_damosel_orbit	4690		0x0042acc0	0x002abef0	UpdateMoby_4690	proto
moby	23_damosel_orbit	5020		0x0042b450	0x002abef0	UpdateMoby_5020	proto
moby	23_damosel_orbit	5021		0x0042cb38	0x002abef0	UpdateMoby_5021	proto
moby	23_damosel_orbit	5022		0x0042e1a8	0x002abef0	UpdateMoby_5022	proto
moby	23_damosel_orbit	5023		0x0042fb28	0x002abef0	UpdateMoby_5023	proto
moby	23_damosel_orbit	5024		0x003f9620	0x002abef0	UpdateMoby_5024	proto
moby	23_damosel_orbit	1481		0x004306d0	0x002abef0	UpdateMoby_1481	proto
moby	23_damosel_orbit	2170		0x004335b8	0x002abef0	UpdateMoby_2170	proto
moby	23_damosel_orbit	3209		0x00435890	0x002abef0	UpdateMoby_3209	proto
cam	23_damosel_orbit	0	InitCamera	0x0043ce30		InitCamera_0	proto
cam	23_damosel_orbit	0	ActivateCamera	0x00439e30		ActivateCamera_0	proto
cam	23_damosel_orbit	0	UpdateCamera	0x0043ce38		UpdateCamera_0	proto
cam	23_damosel_orbit	0	ExitCamera	0x0043cef8		ExitCamera_0	proto
cam	23_damosel_orbit	4	InitCamera	0x0043d6f8		InitCamera_4	proto
cam	23_damosel_orbit	4	ActivateCamera	0x0043da88		ActivateCamera_4	proto
cam	23_damosel_orbit	4	UpdateCamera	0x0043d168		UpdateCamera_4	proto
cam	23_damosel_orbit	4	ExitCamera	0x0043db40		ExitCamera_4	proto
cam	23_damosel_orbit	5	InitCamera	0x0043e558		InitCamera_5	proto
cam	23_damosel_orbit	5	ActivateCamera	0x0043e0a8		ActivateCamera_5	proto
cam	23_damosel_orbit	5	UpdateCamera	0x0043e560		UpdateCamera_5	proto
cam	23_damosel_orbit	5	ExitCamera	0x0043e5b8		ExitCamera_5	proto
cam	23_damosel_orbit	6	InitCamera	0x0043ef28		InitCamera_6	proto
cam	23_damosel_orbit	6	ActivateCamera	0x0043ef30		ActivateCamera_6	proto
cam	23_damosel_orbit	6	UpdateCamera	0x0043efe0		UpdateCamera_6	proto
cam	23_damosel_orbit	6	ExitCamera	0x0043f000		ExitCamera_6	proto
cam	23_damosel_orbit	7	InitCamera	0x0043f978		InitCamera_7	proto
cam	23_damosel_orbit	7	ActivateCamera	0x0043f008		ActivateCamera_7	proto
cam	23_damosel_orbit	7	UpdateCamera	0x0043f980		UpdateCamera_7	proto
cam	23_damosel_orbit	7	ExitCamera	0x0043fa68		ExitCamera_7	proto
cam	23_damosel_orbit	23	InitCamera	0x00440218		InitCamera_23	proto
cam	23_damosel_orbit	23	ActivateCamera	0x004402a0		ActivateCamera_23	proto
cam	23_damosel_orbit	23	UpdateCamera	0x004402a8		UpdateCamera_23	proto
cam	23_damosel_orbit	23	ExitCamera	0x004402b0		ExitCamera_23	proto
cam	23_damosel_orbit	24	InitCamera	0x00440aa0		InitCamera_24	proto
cam	23_damosel_orbit	24	ActivateCamera	0x00440ac0		ActivateCamera_24	proto
cam	23_damosel_orbit	24	UpdateCamera	0x00440ac8		UpdateCamera_24	proto
cam	23_damosel_orbit	24	ExitCamera	0x00440ad0		ExitCamera_24	proto
cam	23_damosel_orbit	27	InitCamera	0x004410f8		InitCamera_27	proto
cam	23_damosel_orbit	27	ActivateCamera	0x00440ad8		ActivateCamera_27	proto
cam	23_damosel_orbit	27	UpdateCamera	0x00440c50		UpdateCamera_27	proto
cam	23_damosel_orbit	27	ExitCamera	0x00441100		ExitCamera_27	proto
moby	24_ship_shack	2		0x00377d10	0x002a2ad0	UpdateMoby_2	proto
moby	24_ship_shack	14		0x00377d18	0x002a2ad0	UpdateMoby_14	proto
moby	24_ship_shack	1007		0x00379850	0x002a2ad0	UpdateMoby_1007	proto
moby	24_ship_shack	4873		0x00379a48	0x002a2ad0		
moby	24_ship_shack	4917		0x00379c58	0x002a2ad0		
moby	24_ship_shack	4959		0x0037b438	0x002a2ad0		
moby	24_ship_shack	4966		0x0037cbe0	0x002a2ad0		
moby	24_ship_shack	4967		0x0037f688	0x002a2ad0		
moby	24_ship_shack	13		0x00377d18	0x002a2ad0	UpdateMoby_13	proto
moby	24_ship_shack	15		0x00377d18	0x002a2ad0	UpdateMoby_15	proto
moby	24_ship_shack	16		0x00377d18	0x002a2ad0	UpdateMoby_16	proto
moby	24_ship_shack	17		0x00377d18	0x002a2ad0	UpdateMoby_17	proto
moby	24_ship_shack	18		0x00377d18	0x002a2ad0	UpdateMoby_18	proto
moby	24_ship_shack	19		0x00377d18	0x002a2ad0	UpdateMoby_19	proto
moby	24_ship_shack	71		0x00381fe0	0x002a2ad0	UpdateMoby_71	proto
moby	24_ship_shack	112		0x00383430	0x002a2ad0	UpdateMoby_112	proto
moby	24_ship_shack	121		0x00383530	0x002a2ad0	UpdateMoby_121	proto
moby	24_ship_shack	122		0x003856b8	0x002a2ad0	UpdateMoby_122	proto
moby	24_ship_shack	163		0x00385980	0x002a2ad0	UpdateMoby_163	proto
moby	24_ship_shack	166		0x00385d10	0x002a2ad0	UpdateMoby_166	proto
moby	24_ship_shack	167		0x00386a60	0x002a2ad0	UpdateMoby_167	proto
moby	24_ship_shack	172		0x00387990	0x002a2ad0	UpdateMoby_172	proto
moby	24_ship_shack	177		0x003885f8	0x002a2ad0	UpdateMoby_177	proto
moby	24_ship_shack	179		0x0038b3a8	0x002a2ad0	UpdateMoby_179	proto
moby	24_ship_shack	180		0x0038b4f0	0x002a2ad0	UpdateMoby_180	proto
moby	24_ship_shack	188		0x0038c350	0x002a2ad0	UpdateMoby_188	proto
moby	24_ship_shack	192		0x0038df28	0x002a2ad0	UpdateMoby_192	proto
moby	24_ship_shack	203		0x0038e218	0x002a2ad0	UpdateMoby_203	proto
moby	24_ship_shack	208		0x0038f520	0x002a2ad0	UpdateMoby_208	proto
moby	24_ship_shack	209		0x003907b0	0x002a2ad0	UpdateMoby_209	proto
moby	24_ship_shack	357		0x003909f8	0x002a2ad0	UpdateMoby_357	proto
moby	24_ship_shack	358		0x00390c08	0x002a2ad0	UpdateMoby_358	proto
moby	24_ship_shack	500		0x00390dc0	0x002a2ad0	UpdateMoby_500	proto
moby	24_ship_shack	562		0x00392a90	0x002a2ad0	UpdateMoby_562	proto
moby	24_ship_shack	607		0x00392cf8	0x002a2ad0	UpdateMoby_607	proto
moby	24_ship_shack	639		0x00392f18	0x002a2ad0	UpdateMoby_639	proto
moby	24_ship_shack	775		0x00393b80	0x002a2ad0	UpdateMoby_775	proto
moby	24_ship_shack	804		0x00393bd0	0x002a2ad0	UpdateMoby_804	proto
moby	24_ship_shack	806		0x00394638	0x002a2ad0	UpdateMoby_806	proto
moby	24_ship_shack	1192		0x00383430	0x002a2ad0	UpdateMoby_1192	proto
moby	24_ship_shack	1482		0x00395df0	0x002a2ad0	UpdateMoby_1482	proto
moby	24_ship_shack	1483		0x00397da0	0x002a2ad0	UpdateMoby_1483	proto
moby	24_ship_shack	1486		0x00398df0	0x002a2ad0	UpdateMoby_1486	proto
moby	24_ship_shack	1487		0x00399790	0x002a2ad0	UpdateMoby_1487	proto
moby	24_ship_shack	1489		0x0039a2a8	0x002a2ad0	UpdateMoby_1489	proto
moby	24_ship_shack	1490		0x0039baf0	0x002a2ad0	UpdateMoby_1490	proto
moby	24_ship_shack	1494		0x0039cd38	0x002a2ad0	UpdateMoby_1494	proto
moby	24_ship_shack	1496		0x0039eb18	0x002a2ad0	UpdateMoby_1496	proto
moby	24_ship_shack	1497		0x0039f5c8	0x002a2ad0	UpdateMoby_1497	proto
moby	24_ship_shack	1498		0x003a0d88	0x002a2ad0	UpdateMoby_1498	proto
moby	24_ship_shack	2078		0x003a1dc8	0x002a2ad0	UpdateMoby_2078	proto
moby	24_ship_shack	2079		0x003a37c0	0x002a2ad0	UpdateMoby_2079	proto
moby	24_ship_shack	2080		0x003a6130	0x002a2ad0	UpdateMoby_2080	proto
moby	24_ship_shack	2085		0x003a6aa0	0x002a2ad0	UpdateMoby_2085	proto
moby	24_ship_shack	2088		0x003a8020	0x002a2ad0	UpdateMoby_2088	proto
moby	24_ship_shack	2143		0x003a8318	0x002a2ad0	UpdateMoby_2143	proto
moby	24_ship_shack	2160		0x003aa778	0x002a2ad0	UpdateMoby_2160	proto
moby	24_ship_shack	2169		0x003aaab8	0x002a2ad0	UpdateMoby_2169	proto
moby	24_ship_shack	2189		0x003ab298	0x002a2ad0		
moby	24_ship_shack	2311		0x003ac860	0x002a2ad0	UpdateMoby_2311	proto
moby	24_ship_shack	2384		0x003ae4a8	0x002a2ad0	UpdateMoby_2384	proto
moby	24_ship_shack	2473		0x003ae4c8	0x002a2ad0	UpdateMoby_2473	proto
moby	24_ship_shack	2650		0x003b1078	0x002a2ad0	UpdateMoby_2650	proto
moby	24_ship_shack	2651		0x003b14c8	0x002a2ad0	UpdateMoby_2651	proto
moby	24_ship_shack	2652		0x003b1e40	0x002a2ad0	UpdateMoby_2652	proto
moby	24_ship_shack	2653		0x003b4348	0x002a2ad0	UpdateMoby_2653	proto
moby	24_ship_shack	2661		0x003b68d8	0x002a2ad0	UpdateMoby_2661	proto
moby	24_ship_shack	2663		0x003b6b40	0x002a2ad0	UpdateMoby_2663	proto
moby	24_ship_shack	2690		0x003b7a28	0x002a2ad0	UpdateMoby_2690	proto
moby	24_ship_shack	2715		0x003b87e0	0x002a2ad0	UpdateMoby_2715	proto
moby	24_ship_shack	2784		0x003bb208	0x002a2ad0	UpdateMoby_2784	proto
moby	24_ship_shack	2801		0x003bbcd8	0x002a2ad0	UpdateMoby_2801	proto
moby	24_ship_shack	2806		0x003aaab8	0x002a2ad0	UpdateMoby_2806	proto
moby	24_ship_shack	2818		0x003be9d0	0x002a2ad0	UpdateMoby_2818	proto
moby	24_ship_shack	2862		0x003bf4d0	0x002a2ad0	UpdateMoby_2862	proto
moby	24_ship_shack	2904		0x003c1670	0x002a2ad0	UpdateMoby_2904	proto
moby	24_ship_shack	3031		0x003c36d8	0x002a2ad0	UpdateMoby_3031	proto
moby	24_ship_shack	3032		0x003c4c40	0x002a2ad0	UpdateMoby_3032	proto
moby	24_ship_shack	3070		0x003c59a8	0x002a2ad0	UpdateMoby_3070	proto
moby	24_ship_shack	3076		0x003c6eb0	0x002a2ad0	UpdateMoby_3076	proto
moby	24_ship_shack	3077		0x003c7de0	0x002a2ad0	UpdateMoby_3077	proto
moby	24_ship_shack	3078		0x003c8088	0x002a2ad0	UpdateMoby_3078	proto
moby	24_ship_shack	3079		0x003ca708	0x002a2ad0	UpdateMoby_3079	proto
moby	24_ship_shack	3137		0x003cabf8	0x002a2ad0	UpdateMoby_3137	proto
moby	24_ship_shack	3146		0x003cb0f8	0x002a2ad0	UpdateMoby_3146	proto
moby	24_ship_shack	3161		0x003cd378	0x002a2ad0	UpdateMoby_3161	proto
moby	24_ship_shack	3162		0x003cd890	0x002a2ad0	UpdateMoby_3162	proto
moby	24_ship_shack	3250		0x003ce628	0x002a2ad0	UpdateMoby_3250	proto
moby	24_ship_shack	3259		0x003cf680	0x002a2ad0	UpdateMoby_3259	proto
moby	24_ship_shack	3291		0x003bb208	0x002a2ad0	UpdateMoby_3291	proto
moby	24_ship_shack	3299		0x003d0770	0x002a2ad0	UpdateMoby_3299	proto
moby	24_ship_shack	3300		0x003d0bd0	0x002a2ad0	UpdateMoby_3300	proto
moby	24_ship_shack	3301		0x003d1140	0x002a2ad0	UpdateMoby_3301	proto
moby	24_ship_shack	3303		0x003d2f78	0x002a2ad0	UpdateMoby_3303	proto
moby	24_ship_shack	3307		0x003d5410	0x002a2ad0	UpdateMoby_3307	proto
moby	24_ship_shack	3308		0x003d56f8	0x002a2ad0	UpdateMoby_3308	proto
moby	24_ship_shack	3310		0x003d59e0	0x002a2ad0	UpdateMoby_3310	proto
moby	24_ship_shack	3315		0x003d5e80	0x002a2ad0	UpdateMoby_3315	proto
moby	24_ship_shack	3319		0x003d6b38	0x002a2ad0	UpdateMoby_3319	proto
moby	24_ship_shack	3329		0x0039f5c8	0x002a2ad0	UpdateMoby_3329	proto
moby	24_ship_shack	3332		0x003da420	0x002a2ad0	UpdateMoby_3332	proto
moby	24_ship_shack	3406		0x003db2c0	0x002a2ad0	UpdateMoby_3406	proto
moby	24_ship_shack	3422		0x003ddab0	0x002a2ad0	UpdateMoby_3422	proto
moby	24_ship_shack	3484		0x003de3f8	0x002a2ad0	UpdateMoby_3484	proto
moby	24_ship_shack	3521		0x003def38	0x002a2ad0	UpdateMoby_3521	proto
moby	24_ship_shack	3604		0x003df3a8	0x002a2ad0	UpdateMoby_3604	proto
moby	24_ship_shack	3631		0x003dfa28	0x002a2ad0	UpdateMoby_3631	proto
moby	24_ship_shack	3684		0x003e0400	0x002a2ad0	UpdateMoby_3684	proto
moby	24_ship_shack	3696		0x003e0fd0	0x002a2ad0	UpdateMoby_3696	proto
moby	24_ship_shack	3705		0x003e1100	0x002a2ad0	UpdateMoby_3705	proto
moby	24_ship_shack	3706		0x003e3f48	0x002a2ad0	UpdateMoby_3706	proto
moby	24_ship_shack	3709		0x003e43b0	0x002a2ad0	UpdateMoby_3709	proto
moby	24_ship_shack	3742		0x003df3a8	0x002a2ad0	UpdateMoby_3742	proto
moby	24_ship_shack	3754		0x003e52b8	0x002a2ad0	UpdateMoby_3754	proto
moby	24_ship_shack	3755		0x003e5b48	0x002a2ad0	UpdateMoby_3755	proto
moby	24_ship_shack	3757		0x003e6d68	0x002a2ad0	UpdateMoby_3757	proto
moby	24_ship_shack	3760		0x003e9398	0x002a2ad0	UpdateMoby_3760	proto
moby	24_ship_shack	3784		0x003ea3b8	0x002a2ad0	UpdateMoby_3784	proto
moby	24_ship_shack	3790		0x003eac10	0x002a2ad0	UpdateMoby_3790	proto
moby	24_ship_shack	3799		0x003eba10	0x002a2ad0	UpdateMoby_3799	proto
moby	24_ship_shack	3800		0x003ecf90	0x002a2ad0	UpdateMoby_3800	proto
moby	24_ship_shack	3949		0x003eeea0	0x002a2ad0	UpdateMoby_3949	proto
moby	24_ship_shack	4016		0x003efa40	0x002a2ad0	UpdateMoby_4016	proto
moby	24_ship_shack	4100		0x003f0038	0x002a2ad0	UpdateMoby_4100	proto
moby	24_ship_shack	4305		0x003f16b0	0x002a2ad0	UpdateMoby_4305	proto
moby	24_ship_shack	4306		0x003f16b0	0x002a2ad0	UpdateMoby_4306	proto
moby	24_ship_shack	4307		0x003f16b0	0x002a2ad0	UpdateMoby_4307	proto
moby	24_ship_shack	4308		0x003f16b0	0x002a2ad0	UpdateMoby_4308	proto
moby	24_ship_shack	4309		0x003f16b0	0x002a2ad0	UpdateMoby_4309	proto
moby	24_ship_shack	4310		0x003f16b0	0x002a2ad0	UpdateMoby_4310	proto
moby	24_ship_shack	4311		0x003f16b0	0x002a2ad0	UpdateMoby_4311	proto
moby	24_ship_shack	4312		0x003f16b0	0x002a2ad0	UpdateMoby_4312	proto
moby	24_ship_shack	4313		0x003f16b0	0x002a2ad0	UpdateMoby_4313	proto
moby	24_ship_shack	4314		0x003f16b0	0x002a2ad0	UpdateMoby_4314	proto
moby	24_ship_shack	4315		0x003f16b0	0x002a2ad0	UpdateMoby_4315	proto
moby	24_ship_shack	4316		0x003f16b0	0x002a2ad0	UpdateMoby_4316	proto
moby	24_ship_shack	4317		0x003f16b0	0x002a2ad0	UpdateMoby_4317	proto
moby	24_ship_shack	4318		0x003f16b0	0x002a2ad0	UpdateMoby_4318	proto
moby	24_ship_shack	4319		0x003f16b0	0x002a2ad0	UpdateMoby_4319	proto
moby	24_ship_shack	4320		0x003f16b0	0x002a2ad0	UpdateMoby_4320	proto
moby	24_ship_shack	4321		0x003f16b0	0x002a2ad0	UpdateMoby_4321	proto
moby	24_ship_shack	4325		0x003f16b0	0x002a2ad0	UpdateMoby_4325	proto
moby	24_ship_shack	4406		0x003f16c0	0x002a2ad0	UpdateMoby_4406	proto
moby	24_ship_shack	4498		0x003b1e40	0x002a2ad0	UpdateMoby_4498	proto
moby	24_ship_shack	4501		0x003f3930	0x002a2ad0	UpdateMoby_4501	proto
moby	24_ship_shack	5020		0x003f4b58	0x002a2ad0	UpdateMoby_5020	proto
moby	24_ship_shack	5021		0x003f6240	0x002a2ad0	UpdateMoby_5021	proto
moby	24_ship_shack	5022		0x003f78b0	0x002a2ad0	UpdateMoby_5022	proto
moby	24_ship_shack	5023		0x003f9230	0x002a2ad0	UpdateMoby_5023	proto
moby	24_ship_shack	5024		0x003d8e58	0x002a2ad0	UpdateMoby_5024	proto
moby	24_ship_shack	4323		0x003f9dd8	0x002a2ad0	UpdateMoby_4323	proto
moby	24_ship_shack	1481		0x003f9de8	0x002a2ad0	UpdateMoby_1481	proto
moby	24_ship_shack	2170		0x003fccd0	0x002a2ad0	UpdateMoby_2170	proto
moby	24_ship_shack	3209		0x003fefa8	0x002a2ad0	UpdateMoby_3209	proto
cam	24_ship_shack	0	InitCamera	0x00406500		InitCamera_0	proto
cam	24_ship_shack	0	ActivateCamera	0x00403548		ActivateCamera_0	proto
cam	24_ship_shack	0	UpdateCamera	0x00406508		UpdateCamera_0	proto
cam	24_ship_shack	0	ExitCamera	0x004065c8		ExitCamera_0	proto
cam	24_ship_shack	4	InitCamera	0x00406dc8		InitCamera_4	proto
cam	24_ship_shack	4	ActivateCamera	0x00407158		ActivateCamera_4	proto
cam	24_ship_shack	4	UpdateCamera	0x00406838		UpdateCamera_4	proto
cam	24_ship_shack	4	ExitCamera	0x00407210		ExitCamera_4	proto
cam	24_ship_shack	5	InitCamera	0x00407c28		InitCamera_5	proto
cam	24_ship_shack	5	ActivateCamera	0x00407778		ActivateCamera_5	proto
cam	24_ship_shack	5	UpdateCamera	0x00407c30		UpdateCamera_5	proto
cam	24_ship_shack	5	ExitCamera	0x00407c88		ExitCamera_5	proto
cam	24_ship_shack	6	InitCamera	0x004085f8		InitCamera_6	proto
cam	24_ship_shack	6	ActivateCamera	0x00408600		ActivateCamera_6	proto
cam	24_ship_shack	6	UpdateCamera	0x004086b0		UpdateCamera_6	proto
cam	24_ship_shack	6	ExitCamera	0x004086d0		ExitCamera_6	proto
cam	24_ship_shack	7	InitCamera	0x00409048		InitCamera_7	proto
cam	24_ship_shack	7	ActivateCamera	0x004086d8		ActivateCamera_7	proto
cam	24_ship_shack	7	UpdateCamera	0x00409050		UpdateCamera_7	proto
cam	24_ship_shack	7	ExitCamera	0x00409138		ExitCamera_7	proto
cam	24_ship_shack	23	InitCamera	0x004098e8		InitCamera_23	proto
cam	24_ship_shack	23	ActivateCamera	0x00409970		ActivateCamera_23	proto
cam	24_ship_shack	23	UpdateCamera	0x00409978		UpdateCamera_23	proto
cam	24_ship_shack	23	ExitCamera	0x00409980		ExitCamera_23	proto
cam	24_ship_shack	27	InitCamera	0x00409fa8		InitCamera_27	proto
cam	24_ship_shack	27	ActivateCamera	0x00409988		ActivateCamera_27	proto
cam	24_ship_shack	27	UpdateCamera	0x00409b00		UpdateCamera_27	proto
cam	24_ship_shack	27	ExitCamera	0x00409fb0		ExitCamera_27	proto
moby	25_wupash_nebula	2		0x0038fb20	0x002b6ba0	UpdateMoby_2	proto
moby	25_wupash_nebula	14		0x0038fb28	0x002b6ba0	UpdateMoby_14	proto
moby	25_wupash_nebula	1007		0x00391660	0x002b6ba0	UpdateMoby_1007	proto
moby	25_wupash_nebula	4824		0x003919d8	0x002b6ba0		
moby	25_wupash_nebula	4917		0x00392dc0	0x002b6ba0		
moby	25_wupash_nebula	4959		0x003945a0	0x002b6ba0		
moby	25_wupash_nebula	4966		0x00395d48	0x002b6ba0		
moby	25_wupash_nebula	4967		0x003987f0	0x002b6ba0		
moby	25_wupash_nebula	13		0x0038fb28	0x002b6ba0	UpdateMoby_13	proto
moby	25_wupash_nebula	15		0x0038fb28	0x002b6ba0	UpdateMoby_15	proto
moby	25_wupash_nebula	16		0x0038fb28	0x002b6ba0	UpdateMoby_16	proto
moby	25_wupash_nebula	17		0x0038fb28	0x002b6ba0	UpdateMoby_17	proto
moby	25_wupash_nebula	18		0x0038fb28	0x002b6ba0	UpdateMoby_18	proto
moby	25_wupash_nebula	19		0x0038fb28	0x002b6ba0	UpdateMoby_19	proto
moby	25_wupash_nebula	71		0x0039b148	0x002b6ba0	UpdateMoby_71	proto
moby	25_wupash_nebula	112		0x0039c598	0x002b6ba0	UpdateMoby_112	proto
moby	25_wupash_nebula	121		0x0039c698	0x002b6ba0	UpdateMoby_121	proto
moby	25_wupash_nebula	122		0x0039e820	0x002b6ba0	UpdateMoby_122	proto
moby	25_wupash_nebula	163		0x0039eae8	0x002b6ba0	UpdateMoby_163	proto
moby	25_wupash_nebula	166		0x0039ee78	0x002b6ba0	UpdateMoby_166	proto
moby	25_wupash_nebula	167		0x0039fbc8	0x002b6ba0	UpdateMoby_167	proto
moby	25_wupash_nebula	172		0x003a0af8	0x002b6ba0	UpdateMoby_172	proto
moby	25_wupash_nebula	177		0x003a1760	0x002b6ba0	UpdateMoby_177	proto
moby	25_wupash_nebula	179		0x003a4510	0x002b6ba0	UpdateMoby_179	proto
moby	25_wupash_nebula	180		0x003a4658	0x002b6ba0	UpdateMoby_180	proto
moby	25_wupash_nebula	188		0x003a54b8	0x002b6ba0	UpdateMoby_188	proto
moby	25_wupash_nebula	192		0x003a7090	0x002b6ba0	UpdateMoby_192	proto
moby	25_wupash_nebula	203		0x003a7380	0x002b6ba0	UpdateMoby_203	proto
moby	25_wupash_nebula	208		0x003a8688	0x002b6ba0	UpdateMoby_208	proto
moby	25_wupash_nebula	209		0x003a9918	0x002b6ba0	UpdateMoby_209	proto
moby	25_wupash_nebula	357		0x003a9b60	0x002b6ba0	UpdateMoby_357	proto
moby	25_wupash_nebula	358		0x003a9d70	0x002b6ba0	UpdateMoby_358	proto
moby	25_wupash_nebula	500		0x003a9f28	0x002b6ba0	UpdateMoby_500	proto
moby	25_wupash_nebula	562		0x003abbf8	0x002b6ba0	UpdateMoby_562	proto
moby	25_wupash_nebula	607		0x003abe60	0x002b6ba0	UpdateMoby_607	proto
moby	25_wupash_nebula	639		0x003ac080	0x002b6ba0	UpdateMoby_639	proto
moby	25_wupash_nebula	775		0x003acce8	0x002b6ba0	UpdateMoby_775	proto
moby	25_wupash_nebula	804		0x003acd38	0x002b6ba0	UpdateMoby_804	proto
moby	25_wupash_nebula	806		0x003ad7a0	0x002b6ba0	UpdateMoby_806	proto
moby	25_wupash_nebula	1192		0x0039c598	0x002b6ba0	UpdateMoby_1192	proto
moby	25_wupash_nebula	1482		0x003aef58	0x002b6ba0	UpdateMoby_1482	proto
moby	25_wupash_nebula	1483		0x003b0f08	0x002b6ba0	UpdateMoby_1483	proto
moby	25_wupash_nebula	1486		0x003b1f58	0x002b6ba0	UpdateMoby_1486	proto
moby	25_wupash_nebula	1487		0x003b28f8	0x002b6ba0	UpdateMoby_1487	proto
moby	25_wupash_nebula	1489		0x003b3410	0x002b6ba0	UpdateMoby_1489	proto
moby	25_wupash_nebula	1490		0x003b4c58	0x002b6ba0	UpdateMoby_1490	proto
moby	25_wupash_nebula	1494		0x003b5ea0	0x002b6ba0	UpdateMoby_1494	proto
moby	25_wupash_nebula	1496		0x003b7c80	0x002b6ba0	UpdateMoby_1496	proto
moby	25_wupash_nebula	1497		0x003b8730	0x002b6ba0	UpdateMoby_1497	proto
moby	25_wupash_nebula	1498		0x003b9ef0	0x002b6ba0	UpdateMoby_1498	proto
moby	25_wupash_nebula	2078		0x003baf30	0x002b6ba0	UpdateMoby_2078	proto
moby	25_wupash_nebula	2079		0x003bc928	0x002b6ba0	UpdateMoby_2079	proto
moby	25_wupash_nebula	2080		0x003bf298	0x002b6ba0	UpdateMoby_2080	proto
moby	25_wupash_nebula	2085		0x003bfc08	0x002b6ba0	UpdateMoby_2085	proto
moby	25_wupash_nebula	2088		0x003c1188	0x002b6ba0	UpdateMoby_2088	proto
moby	25_wupash_nebula	2143		0x003c1480	0x002b6ba0	UpdateMoby_2143	proto
moby	25_wupash_nebula	2160		0x003c38e0	0x002b6ba0	UpdateMoby_2160	proto
moby	25_wupash_nebula	2169		0x003c3c20	0x002b6ba0	UpdateMoby_2169	proto
moby	25_wupash_nebula	2189		0x003c4400	0x002b6ba0		
moby	25_wupash_nebula	2311		0x003c59c8	0x002b6ba0	UpdateMoby_2311	proto
moby	25_wupash_nebula	2374		0x003c5f20	0x002b6ba0	UpdateMoby_2374	proto
moby	25_wupash_nebula	2384		0x003c7c20	0x002b6ba0	UpdateMoby_2384	proto
moby	25_wupash_nebula	2387		0x003c7ce0	0x002b6ba0	UpdateMoby_2387	proto
moby	25_wupash_nebula	2388		0x003c7ce0	0x002b6ba0	UpdateMoby_2388	proto
moby	25_wupash_nebula	2389		0x003c7ce0	0x002b6ba0	UpdateMoby_2389	proto
moby	25_wupash_nebula	2390		0x003c7ce0	0x002b6ba0	UpdateMoby_2390	proto
moby	25_wupash_nebula	2391		0x003c8c30	0x002b6ba0	UpdateMoby_2391	proto
moby	25_wupash_nebula	2399		0x003c93c8	0x002b6ba0	UpdateMoby_2399	proto
moby	25_wupash_nebula	2417		0x003c7ce0	0x002b6ba0	UpdateMoby_2417	proto
moby	25_wupash_nebula	2420		0x003c97c0	0x002b6ba0	UpdateMoby_2420	proto
moby	25_wupash_nebula	2428		0x003ca288	0x002b6ba0	UpdateMoby_2428	proto
moby	25_wupash_nebula	2438		0x003cace8	0x002b6ba0	UpdateMoby_2438	proto
moby	25_wupash_nebula	2473		0x003cc3c8	0x002b6ba0	UpdateMoby_2473	proto
moby	25_wupash_nebula	2650		0x003cef78	0x002b6ba0	UpdateMoby_2650	proto
moby	25_wupash_nebula	2651		0x003cf3c8	0x002b6ba0	UpdateMoby_2651	proto
moby	25_wupash_nebula	2652		0x003cfd40	0x002b6ba0	UpdateMoby_2652	proto
moby	25_wupash_nebula	2653		0x003d2248	0x002b6ba0	UpdateMoby_2653	proto
moby	25_wupash_nebula	2661		0x003d47d8	0x002b6ba0	UpdateMoby_2661	proto
moby	25_wupash_nebula	2663		0x003d4a40	0x002b6ba0	UpdateMoby_2663	proto
moby	25_wupash_nebula	2690		0x003d5928	0x002b6ba0	UpdateMoby_2690	proto
moby	25_wupash_nebula	2715		0x003d66e0	0x002b6ba0	UpdateMoby_2715	proto
moby	25_wupash_nebula	2784		0x003d9108	0x002b6ba0	UpdateMoby_2784	proto
moby	25_wupash_nebula	2801		0x003d9bd8	0x002b6ba0	UpdateMoby_2801	proto
moby	25_wupash_nebula	2806		0x003c3c20	0x002b6ba0	UpdateMoby_2806	proto
moby	25_wupash_nebula	2818		0x003dc8d0	0x002b6ba0	UpdateMoby_2818	proto
moby	25_wupash_nebula	2862		0x003dd3d0	0x002b6ba0	UpdateMoby_2862	proto
moby	25_wupash_nebula	2904		0x003df570	0x002b6ba0	UpdateMoby_2904	proto
moby	25_wupash_nebula	3031		0x003e15d8	0x002b6ba0	UpdateMoby_3031	proto
moby	25_wupash_nebula	3032		0x003e2b40	0x002b6ba0	UpdateMoby_3032	proto
moby	25_wupash_nebula	3070		0x003e38a8	0x002b6ba0	UpdateMoby_3070	proto
moby	25_wupash_nebula	3076		0x003e4db0	0x002b6ba0	UpdateMoby_3076	proto
moby	25_wupash_nebula	3077		0x003e5ce0	0x002b6ba0	UpdateMoby_3077	proto
moby	25_wupash_nebula	3078		0x003e5f88	0x002b6ba0	UpdateMoby_3078	proto
moby	25_wupash_nebula	3079		0x003e8608	0x002b6ba0	UpdateMoby_3079	proto
moby	25_wupash_nebula	3137		0x003e8af8	0x002b6ba0	UpdateMoby_3137	proto
moby	25_wupash_nebula	3146		0x003e8ff8	0x002b6ba0	UpdateMoby_3146	proto
moby	25_wupash_nebula	3161		0x003eb278	0x002b6ba0	UpdateMoby_3161	proto
moby	25_wupash_nebula	3162		0x003eb790	0x002b6ba0	UpdateMoby_3162	proto
moby	25_wupash_nebula	3174		0x003eb9f8	0x002b6ba0	UpdateMoby_3174	proto
moby	25_wupash_nebula	3250		0x003ec820	0x002b6ba0	UpdateMoby_3250	proto
moby	25_wupash_nebula	3259		0x003ed878	0x002b6ba0	UpdateMoby_3259	proto
moby	25_wupash_nebula	3291		0x003d9108	0x002b6ba0	UpdateMoby_3291	proto
moby	25_wupash_nebula	3299		0x003ee968	0x002b6ba0	UpdateMoby_3299	proto
moby	25_wupash_nebula	3300		0x003eedc8	0x002b6ba0	UpdateMoby_3300	proto
moby	25_wupash_nebula	3301		0x003ef338	0x002b6ba0	UpdateMoby_3301	proto
moby	25_wupash_nebula	3303		0x003f1170	0x002b6ba0	UpdateMoby_3303	proto
moby	25_wupash_nebula	3307		0x003f3608	0x002b6ba0	UpdateMoby_3307	proto
moby	25_wupash_nebula	3308		0x003f38f0	0x002b6ba0	UpdateMoby_3308	proto
moby	25_wupash_nebula	3310		0x003f3bd8	0x002b6ba0	UpdateMoby_3310	proto
moby	25_wupash_nebula	3315		0x003f4078	0x002b6ba0	UpdateMoby_3315	proto
moby	25_wupash_nebula	3319		0x003f4d30	0x002b6ba0	UpdateMoby_3319	proto
moby	25_wupash_nebula	3329		0x003b8730	0x002b6ba0	UpdateMoby_3329	proto
moby	25_wupash_nebula	3332		0x003f8618	0x002b6ba0	UpdateMoby_3332	proto
moby	25_wupash_nebula	3406		0x003f94b8	0x002b6ba0	UpdateMoby_3406	proto
moby	25_wupash_nebula	3422		0x003fbca8	0x002b6ba0	UpdateMoby_3422	proto
moby	25_wupash_nebula	3484		0x003fc5f0	0x002b6ba0	UpdateMoby_3484	proto
moby	25_wupash_nebula	3521		0x003fd130	0x002b6ba0	UpdateMoby_3521	proto
moby	25_wupash_nebula	3604		0x003fd5a0	0x002b6ba0	UpdateMoby_3604	proto
moby	25_wupash_nebula	3631		0x003fdc20	0x002b6ba0	UpdateMoby_3631	proto
moby	25_wupash_nebula	3684		0x003fe5f8	0x002b6ba0	UpdateMoby_3684	proto
moby	25_wupash_nebula	3696		0x003ff1c8	0x002b6ba0	UpdateMoby_3696	proto
moby	25_wupash_nebula	3705		0x003ff2f8	0x002b6ba0	UpdateMoby_3705	proto
moby	25_wupash_nebula	3706		0x00402140	0x002b6ba0	UpdateMoby_3706	proto
moby	25_wupash_nebula	3709		0x004025a8	0x002b6ba0	UpdateMoby_3709	proto
moby	25_wupash_nebula	3742		0x003fd5a0	0x002b6ba0	UpdateMoby_3742	proto
moby	25_wupash_nebula	3754		0x004034b0	0x002b6ba0	UpdateMoby_3754	proto
moby	25_wupash_nebula	3755		0x00403d40	0x002b6ba0	UpdateMoby_3755	proto
moby	25_wupash_nebula	3757		0x00404f60	0x002b6ba0	UpdateMoby_3757	proto
moby	25_wupash_nebula	3760		0x00407590	0x002b6ba0	UpdateMoby_3760	proto
moby	25_wupash_nebula	3784		0x004085b0	0x002b6ba0	UpdateMoby_3784	proto
moby	25_wupash_nebula	3790		0x00408e08	0x002b6ba0	UpdateMoby_3790	proto
moby	25_wupash_nebula	3799		0x00409c08	0x002b6ba0	UpdateMoby_3799	proto
moby	25_wupash_nebula	3800		0x0040b188	0x002b6ba0	UpdateMoby_3800	proto
moby	25_wupash_nebula	3822		0x0040cda0	0x002b6ba0	UpdateMoby_3822	proto
moby	25_wupash_nebula	3949		0x0040ebb0	0x002b6ba0	UpdateMoby_3949	proto
moby	25_wupash_nebula	4016		0x0040f750	0x002b6ba0	UpdateMoby_4016	proto
moby	25_wupash_nebula	4031		0x0040fd48	0x002b6ba0	UpdateMoby_4031	proto
moby	25_wupash_nebula	4090		0x00411898	0x002b6ba0	UpdateMoby_4090	proto
moby	25_wupash_nebula	4100		0x00412aa0	0x002b6ba0	UpdateMoby_4100	proto
moby	25_wupash_nebula	4303		0x004141f0	0x002b6ba0	UpdateMoby_4303	proto
moby	25_wupash_nebula	4305		0x004147e0	0x002b6ba0	UpdateMoby_4305	proto
moby	25_wupash_nebula	4306		0x004147e0	0x002b6ba0	UpdateMoby_4306	proto
moby	25_wupash_nebula	4307		0x004147e0	0x002b6ba0	UpdateMoby_4307	proto
moby	25_wupash_nebula	4308		0x004147e0	0x002b6ba0	UpdateMoby_4308	proto
moby	25_wupash_nebula	4309		0x004147e0	0x002b6ba0	UpdateMoby_4309	proto
moby	25_wupash_nebula	4310		0x004147e0	0x002b6ba0	UpdateMoby_4310	proto
moby	25_wupash_nebula	4311		0x004147e0	0x002b6ba0	UpdateMoby_4311	proto
moby	25_wupash_nebula	4312		0x004147e0	0x002b6ba0	UpdateMoby_4312	proto
moby	25_wupash_nebula	4313		0x004147e0	0x002b6ba0	UpdateMoby_4313	proto
moby	25_wupash_nebula	4314		0x004147e0	0x002b6ba0	UpdateMoby_4314	proto
moby	25_wupash_nebula	4315		0x004147e0	0x002b6ba0	UpdateMoby_4315	proto
moby	25_wupash_nebula	4316		0x004147e0	0x002b6ba0	UpdateMoby_4316	proto
moby	25_wupash_nebula	4317		0x004147e0	0x002b6ba0	UpdateMoby_4317	proto
moby	25_wupash_nebula	4318		0x004147e0	0x002b6ba0	UpdateMoby_4318	proto
moby	25_wupash_nebula	4319		0x004147e0	0x002b6ba0	UpdateMoby_4319	proto
moby	25_wupash_nebula	4320		0x004147e0	0x002b6ba0	UpdateMoby_4320	proto
moby	25_wupash_nebula	4321		0x004147e0	0x002b6ba0	UpdateMoby_4321	proto
moby	25_wupash_nebula	4325		0x004147e0	0x002b6ba0	UpdateMoby_4325	proto
moby	25_wupash_nebula	4345		0x00414938	0x002b6ba0	UpdateMoby_4345	proto
moby	25_wupash_nebula	4406		0x00414de8	0x002b6ba0	UpdateMoby_4406	proto
moby	25_wupash_nebula	4449		0x003c97c0	0x002b6ba0	UpdateMoby_4449	proto
moby	25_wupash_nebula	4458		0x00417220	0x002b6ba0	UpdateMoby_4458	proto
moby	25_wupash_nebula	4467		0x003919d8	0x002b6ba0	UpdateMoby_4467	proto
moby	25_wupash_nebula	4476		0x00418650	0x002b6ba0	UpdateMoby_4476	proto
moby	25_wupash_nebula	4477		0x00418bf0	0x002b6ba0	UpdateMoby_4477	proto
moby	25_wupash_nebula	4479		0x00419178	0x002b6ba0	UpdateMoby_4479	proto
moby	25_wupash_nebula	4482		0x004197d0	0x002b6ba0	UpdateMoby_4482	proto
moby	25_wupash_nebula	4497		0x0041a0b8	0x002b6ba0	UpdateMoby_4497	proto
moby	25_wupash_nebula	4498		0x003cfd40	0x002b6ba0	UpdateMoby_4498	proto
moby	25_wupash_nebula	4499		0x0041a8e8	0x002b6ba0	UpdateMoby_4499	proto
moby	25_wupash_nebula	4501		0x0041bc00	0x002b6ba0	UpdateMoby_4501	proto
moby	25_wupash_nebula	4582		0x0041caf8	0x002b6ba0	UpdateMoby_4582	proto
moby	25_wupash_nebula	4646		0x0041dc70	0x002b6ba0	UpdateMoby_4646	proto
moby	25_wupash_nebula	5020		0x0041dfa8	0x002b6ba0	UpdateMoby_5020	proto
moby	25_wupash_nebula	5021		0x0041f690	0x002b6ba0	UpdateMoby_5021	proto
moby	25_wupash_nebula	5022		0x00420d00	0x002b6ba0	UpdateMoby_5022	proto
moby	25_wupash_nebula	5023		0x00422680	0x002b6ba0	UpdateMoby_5023	proto
moby	25_wupash_nebula	5024		0x003f7050	0x002b6ba0	UpdateMoby_5024	proto
moby	25_wupash_nebula	4323		0x004232f8	0x002b6ba0	UpdateMoby_4323	proto
moby	25_wupash_nebula	1481		0x00423348	0x002b6ba0	UpdateMoby_1481	proto
moby	25_wupash_nebula	2170		0x00426230	0x002b6ba0	UpdateMoby_2170	proto
moby	25_wupash_nebula	3209		0x00428508	0x002b6ba0	UpdateMoby_3209	proto
cam	25_wupash_nebula	0	InitCamera	0x0042fa60		InitCamera_0	proto
cam	25_wupash_nebula	0	ActivateCamera	0x0042caa8		ActivateCamera_0	proto
cam	25_wupash_nebula	0	UpdateCamera	0x0042fa68		UpdateCamera_0	proto
cam	25_wupash_nebula	0	ExitCamera	0x0042fb28		ExitCamera_0	proto
cam	25_wupash_nebula	4	InitCamera	0x00430328		InitCamera_4	proto
cam	25_wupash_nebula	4	ActivateCamera	0x004306b8		ActivateCamera_4	proto
cam	25_wupash_nebula	4	UpdateCamera	0x0042fd98		UpdateCamera_4	proto
cam	25_wupash_nebula	4	ExitCamera	0x00430770		ExitCamera_4	proto
cam	25_wupash_nebula	5	InitCamera	0x00431188		InitCamera_5	proto
cam	25_wupash_nebula	5	ActivateCamera	0x00430cd8		ActivateCamera_5	proto
cam	25_wupash_nebula	5	UpdateCamera	0x00431190		UpdateCamera_5	proto
cam	25_wupash_nebula	5	ExitCamera	0x004311e8		ExitCamera_5	proto
cam	25_wupash_nebula	6	InitCamera	0x00431b58		InitCamera_6	proto
cam	25_wupash_nebula	6	ActivateCamera	0x00431b60		ActivateCamera_6	proto
cam	25_wupash_nebula	6	UpdateCamera	0x00431c10		UpdateCamera_6	proto
cam	25_wupash_nebula	6	ExitCamera	0x00431c30		ExitCamera_6	proto
cam	25_wupash_nebula	7	InitCamera	0x004325a8		InitCamera_7	proto
cam	25_wupash_nebula	7	ActivateCamera	0x00431c38		ActivateCamera_7	proto
cam	25_wupash_nebula	7	UpdateCamera	0x004325b0		UpdateCamera_7	proto
cam	25_wupash_nebula	7	ExitCamera	0x00432698		ExitCamera_7	proto
cam	25_wupash_nebula	23	InitCamera	0x00432e48		InitCamera_23	proto
cam	25_wupash_nebula	23	ActivateCamera	0x00432ed0		ActivateCamera_23	proto
cam	25_wupash_nebula	23	UpdateCamera	0x00432ed8		UpdateCamera_23	proto
cam	25_wupash_nebula	23	ExitCamera	0x00432ee0		ExitCamera_23	proto
cam	25_wupash_nebula	25	InitCamera	0x00437078		InitCamera_25	proto
cam	25_wupash_nebula	25	ActivateCamera	0x00432ee8		ActivateCamera_25	proto
cam	25_wupash_nebula	25	UpdateCamera	0x004330e0		UpdateCamera_25	proto
cam	25_wupash_nebula	25	ExitCamera	0x00437118		ExitCamera_25	proto
cam	25_wupash_nebula	27	InitCamera	0x00437740		InitCamera_27	proto
cam	25_wupash_nebula	27	ActivateCamera	0x00437120		ActivateCamera_27	proto
cam	25_wupash_nebula	27	UpdateCamera	0x00437298		UpdateCamera_27	proto
cam	25_wupash_nebula	27	ExitCamera	0x00437748		ExitCamera_27	proto
moby	26_jamming_array	2		0x00380230	0x002a3fc0	UpdateMoby_2	proto
moby	26_jamming_array	14		0x00380238	0x002a3fc0	UpdateMoby_14	proto
moby	26_jamming_array	1007		0x00381d70	0x002a3fc0	UpdateMoby_1007	proto
moby	26_jamming_array	4917		0x00381f68	0x002a3fc0		
moby	26_jamming_array	4959		0x00383748	0x002a3fc0		
moby	26_jamming_array	4966		0x00384ef0	0x002a3fc0		
moby	26_jamming_array	4967		0x00387998	0x002a3fc0		
moby	26_jamming_array	13		0x00380238	0x002a3fc0	UpdateMoby_13	proto
moby	26_jamming_array	15		0x00380238	0x002a3fc0	UpdateMoby_15	proto
moby	26_jamming_array	16		0x00380238	0x002a3fc0	UpdateMoby_16	proto
moby	26_jamming_array	17		0x00380238	0x002a3fc0	UpdateMoby_17	proto
moby	26_jamming_array	18		0x00380238	0x002a3fc0	UpdateMoby_18	proto
moby	26_jamming_array	19		0x00380238	0x002a3fc0	UpdateMoby_19	proto
moby	26_jamming_array	71		0x0038a2f0	0x002a3fc0	UpdateMoby_71	proto
moby	26_jamming_array	112		0x0038b740	0x002a3fc0	UpdateMoby_112	proto
moby	26_jamming_array	121		0x0038b840	0x002a3fc0	UpdateMoby_121	proto
moby	26_jamming_array	122		0x0038d9c8	0x002a3fc0	UpdateMoby_122	proto
moby	26_jamming_array	163		0x0038dc90	0x002a3fc0	UpdateMoby_163	proto
moby	26_jamming_array	166		0x0038e020	0x002a3fc0	UpdateMoby_166	proto
moby	26_jamming_array	167		0x0038ed70	0x002a3fc0	UpdateMoby_167	proto
moby	26_jamming_array	172		0x0038fca0	0x002a3fc0	UpdateMoby_172	proto
moby	26_jamming_array	177		0x00390908	0x002a3fc0	UpdateMoby_177	proto
moby	26_jamming_array	179		0x003936b8	0x002a3fc0	UpdateMoby_179	proto
moby	26_jamming_array	180		0x00393800	0x002a3fc0	UpdateMoby_180	proto
moby	26_jamming_array	188		0x00394660	0x002a3fc0	UpdateMoby_188	proto
moby	26_jamming_array	192		0x00396238	0x002a3fc0	UpdateMoby_192	proto
moby	26_jamming_array	203		0x00396528	0x002a3fc0	UpdateMoby_203	proto
moby	26_jamming_array	208		0x00397830	0x002a3fc0	UpdateMoby_208	proto
moby	26_jamming_array	209		0x00398ac0	0x002a3fc0	UpdateMoby_209	proto
moby	26_jamming_array	280		0x00398d08	0x002a3fc0	UpdateMoby_280	proto
moby	26_jamming_array	357		0x00399c48	0x002a3fc0	UpdateMoby_357	proto
moby	26_jamming_array	358		0x00399e58	0x002a3fc0	UpdateMoby_358	proto
moby	26_jamming_array	500		0x0039a010	0x002a3fc0	UpdateMoby_500	proto
moby	26_jamming_array	501		0x0039a010	0x002a3fc0	UpdateMoby_501	proto
moby	26_jamming_array	511		0x0039a010	0x002a3fc0	UpdateMoby_511	proto
moby	26_jamming_array	562		0x0039bce0	0x002a3fc0	UpdateMoby_562	proto
moby	26_jamming_array	607		0x0039bf48	0x002a3fc0	UpdateMoby_607	proto
moby	26_jamming_array	639		0x0039c168	0x002a3fc0	UpdateMoby_639	proto
moby	26_jamming_array	775		0x0039cdd0	0x002a3fc0	UpdateMoby_775	proto
moby	26_jamming_array	804		0x0039ce20	0x002a3fc0	UpdateMoby_804	proto
moby	26_jamming_array	805		0x0039cfc8	0x002a3fc0	UpdateMoby_805	proto
moby	26_jamming_array	806		0x0039dbf0	0x002a3fc0	UpdateMoby_806	proto
moby	26_jamming_array	1134		0x0039f4a8	0x002a3fc0	UpdateMoby_1134	proto
moby	26_jamming_array	1192		0x0038b740	0x002a3fc0	UpdateMoby_1192	proto
moby	26_jamming_array	1482		0x003a02a0	0x002a3fc0	UpdateMoby_1482	proto
moby	26_jamming_array	1483		0x003a2250	0x002a3fc0	UpdateMoby_1483	proto
moby	26_jamming_array	1486		0x003a32a0	0x002a3fc0	UpdateMoby_1486	proto
moby	26_jamming_array	1487		0x003a3c40	0x002a3fc0	UpdateMoby_1487	proto
moby	26_jamming_array	1489		0x003a4758	0x002a3fc0	UpdateMoby_1489	proto
moby	26_jamming_array	1490		0x003a5fa0	0x002a3fc0	UpdateMoby_1490	proto
moby	26_jamming_array	1494		0x003a71e8	0x002a3fc0	UpdateMoby_1494	proto
moby	26_jamming_array	1496		0x003a8fc8	0x002a3fc0	UpdateMoby_1496	proto
moby	26_jamming_array	1497		0x003a9a78	0x002a3fc0	UpdateMoby_1497	proto
moby	26_jamming_array	1498		0x003ab238	0x002a3fc0	UpdateMoby_1498	proto
moby	26_jamming_array	2078		0x003ac278	0x002a3fc0	UpdateMoby_2078	proto
moby	26_jamming_array	2079		0x003adc70	0x002a3fc0	UpdateMoby_2079	proto
moby	26_jamming_array	2080		0x003b05e0	0x002a3fc0	UpdateMoby_2080	proto
moby	26_jamming_array	2085		0x003b0f50	0x002a3fc0	UpdateMoby_2085	proto
moby	26_jamming_array	2088		0x003b24d0	0x002a3fc0	UpdateMoby_2088	proto
moby	26_jamming_array	2143		0x003b27c8	0x002a3fc0	UpdateMoby_2143	proto
moby	26_jamming_array	2160		0x003b4c28	0x002a3fc0	UpdateMoby_2160	proto
moby	26_jamming_array	2169		0x003b4f68	0x002a3fc0	UpdateMoby_2169	proto
moby	26_jamming_array	2189		0x003b5748	0x002a3fc0		
moby	26_jamming_array	2311		0x003b6d10	0x002a3fc0	UpdateMoby_2311	proto
moby	26_jamming_array	2384		0x003b8958	0x002a3fc0	UpdateMoby_2384	proto
moby	26_jamming_array	2473		0x003b8978	0x002a3fc0	UpdateMoby_2473	proto
moby	26_jamming_array	2489		0x003bb528	0x002a3fc0	UpdateMoby_2489	proto
moby	26_jamming_array	2638		0x003bbb38	0x002a3fc0	UpdateMoby_2638	proto
moby	26_jamming_array	2650		0x003bd398	0x002a3fc0	UpdateMoby_2650	proto
moby	26_jamming_array	2651		0x003bd7e8	0x002a3fc0	UpdateMoby_2651	proto
moby	26_jamming_array	2652		0x003be160	0x002a3fc0	UpdateMoby_2652	proto
moby	26_jamming_array	2653		0x003c0668	0x002a3fc0	UpdateMoby_2653	proto
moby	26_jamming_array	2661		0x003c2bf8	0x002a3fc0	UpdateMoby_2661	proto
moby	26_jamming_array	2663		0x003c2e60	0x002a3fc0	UpdateMoby_2663	proto
moby	26_jamming_array	2681		0x003c3d48	0x002a3fc0	UpdateMoby_2681	proto
moby	26_jamming_array	2690		0x003c49b0	0x002a3fc0	UpdateMoby_2690	proto
moby	26_jamming_array	2715		0x003c5768	0x002a3fc0	UpdateMoby_2715	proto
moby	26_jamming_array	2743		0x003c8190	0x002a3fc0	UpdateMoby_2743	proto
moby	26_jamming_array	2784		0x003c8198	0x002a3fc0	UpdateMoby_2784	proto
moby	26_jamming_array	2801		0x003c8c68	0x002a3fc0	UpdateMoby_2801	proto
moby	26_jamming_array	2806		0x003b4f68	0x002a3fc0	UpdateMoby_2806	proto
moby	26_jamming_array	2818		0x003cb960	0x002a3fc0	UpdateMoby_2818	proto
moby	26_jamming_array	2862		0x003cc460	0x002a3fc0	UpdateMoby_2862	proto
moby	26_jamming_array	2865		0x003ce600	0x002a3fc0	UpdateMoby_2865	proto
moby	26_jamming_array	2866		0x003ce600	0x002a3fc0	UpdateMoby_2866	proto
moby	26_jamming_array	2867		0x003ce600	0x002a3fc0	UpdateMoby_2867	proto
moby	26_jamming_array	2868		0x003ce600	0x002a3fc0	UpdateMoby_2868	proto
moby	26_jamming_array	2875		0x003ce600	0x002a3fc0	UpdateMoby_2875	proto
moby	26_jamming_array	2904		0x003ce9c8	0x002a3fc0	UpdateMoby_2904	proto
moby	26_jamming_array	3031		0x003d0a30	0x002a3fc0	UpdateMoby_3031	proto
moby	26_jamming_array	3032		0x003d1f98	0x002a3fc0	UpdateMoby_3032	proto
moby	26_jamming_array	3062		0x003d2970	0x002a3fc0	UpdateMoby_3062	proto
moby	26_jamming_array	3070		0x003d3088	0x002a3fc0	UpdateMoby_3070	proto
moby	26_jamming_array	3072		0x003d4590	0x002a3fc0	UpdateMoby_3072	proto
moby	26_jamming_array	3076		0x003d4bd0	0x002a3fc0	UpdateMoby_3076	proto
moby	26_jamming_array	3077		0x003d5b00	0x002a3fc0	UpdateMoby_3077	proto
moby	26_jamming_array	3078		0x003d5da8	0x002a3fc0	UpdateMoby_3078	proto
moby	26_jamming_array	3079		0x003d8428	0x002a3fc0	UpdateMoby_3079	proto
moby	26_jamming_array	3137		0x003d8918	0x002a3fc0	UpdateMoby_3137	proto
moby	26_jamming_array	3146		0x003d8e18	0x002a3fc0	UpdateMoby_3146	proto
moby	26_jamming_array	3161		0x003db098	0x002a3fc0	UpdateMoby_3161	proto
moby	26_jamming_array	3162		0x003db5b0	0x002a3fc0	UpdateMoby_3162	proto
moby	26_jamming_array	3214		0x003db818	0x002a3fc0	UpdateMoby_3214	proto
moby	26_jamming_array	3217		0x003df680	0x002a3fc0	UpdateMoby_3217	proto
moby	26_jamming_array	3250		0x003e0628	0x002a3fc0	UpdateMoby_3250	proto
moby	26_jamming_array	3259		0x003e1680	0x002a3fc0	UpdateMoby_3259	proto
moby	26_jamming_array	3291		0x003c8198	0x002a3fc0	UpdateMoby_3291	proto
moby	26_jamming_array	3299		0x003e2770	0x002a3fc0	UpdateMoby_3299	proto
moby	26_jamming_array	3300		0x003e2bd0	0x002a3fc0	UpdateMoby_3300	proto
moby	26_jamming_array	3301		0x003e3140	0x002a3fc0	UpdateMoby_3301	proto
moby	26_jamming_array	3303		0x003e4f78	0x002a3fc0	UpdateMoby_3303	proto
moby	26_jamming_array	3305		0x003e7410	0x002a3fc0	UpdateMoby_3305	proto
moby	26_jamming_array	3307		0x003e7a50	0x002a3fc0	UpdateMoby_3307	proto
moby	26_jamming_array	3308		0x003e7d38	0x002a3fc0	UpdateMoby_3308	proto
moby	26_jamming_array	3310		0x003e8020	0x002a3fc0	UpdateMoby_3310	proto
moby	26_jamming_array	3315		0x003e84c0	0x002a3fc0	UpdateMoby_3315	proto
moby	26_jamming_array	3319		0x003e9178	0x002a3fc0	UpdateMoby_3319	proto
moby	26_jamming_array	3329		0x003a9a78	0x002a3fc0	UpdateMoby_3329	proto
moby	26_jamming_array	3332		0x003eca60	0x002a3fc0	UpdateMoby_3332	proto
moby	26_jamming_array	3406		0x003ed900	0x002a3fc0	UpdateMoby_3406	proto
moby	26_jamming_array	3412		0x003effd0	0x002a3fc0		
moby	26_jamming_array	3422		0x003f00f8	0x002a3fc0	UpdateMoby_3422	proto
moby	26_jamming_array	3484		0x003f0a40	0x002a3fc0	UpdateMoby_3484	proto
moby	26_jamming_array	3521		0x003f1580	0x002a3fc0	UpdateMoby_3521	proto
moby	26_jamming_array	3604		0x003f19f0	0x002a3fc0	UpdateMoby_3604	proto
moby	26_jamming_array	3631		0x003f2070	0x002a3fc0	UpdateMoby_3631	proto
moby	26_jamming_array	3684		0x003f2a48	0x002a3fc0	UpdateMoby_3684	proto
moby	26_jamming_array	3696		0x003f3618	0x002a3fc0	UpdateMoby_3696	proto
moby	26_jamming_array	3705		0x003f3748	0x002a3fc0	UpdateMoby_3705	proto
moby	26_jamming_array	3706		0x003f6590	0x002a3fc0	UpdateMoby_3706	proto
moby	26_jamming_array	3709		0x003f69f8	0x002a3fc0	UpdateMoby_3709	proto
moby	26_jamming_array	3740		0x003f7900	0x002a3fc0	UpdateMoby_3740	proto
moby	26_jamming_array	3742		0x003f19f0	0x002a3fc0	UpdateMoby_3742	proto
moby	26_jamming_array	3754		0x003f7ae0	0x002a3fc0	UpdateMoby_3754	proto
moby	26_jamming_array	3755		0x003f8370	0x002a3fc0	UpdateMoby_3755	proto
moby	26_jamming_array	3757		0x003f9590	0x002a3fc0	UpdateMoby_3757	proto
moby	26_jamming_array	3760		0x003fbbc0	0x002a3fc0	UpdateMoby_3760	proto
moby	26_jamming_array	3784		0x003fcbe0	0x002a3fc0	UpdateMoby_3784	proto
moby	26_jamming_array	3790		0x003fd438	0x002a3fc0	UpdateMoby_3790	proto
moby	26_jamming_array	3799		0x003fe238	0x002a3fc0	UpdateMoby_3799	proto
moby	26_jamming_array	3800		0x003ff7b8	0x002a3fc0	UpdateMoby_3800	proto
moby	26_jamming_array	3949		0x004016c8	0x002a3fc0	UpdateMoby_3949	proto
moby	26_jamming_array	4000		0x00402268	0x002a3fc0		
moby	26_jamming_array	4016		0x00402310	0x002a3fc0	UpdateMoby_4016	proto
moby	26_jamming_array	4100		0x00402908	0x002a3fc0	UpdateMoby_4100	proto
moby	26_jamming_array	4308		0x00403f80	0x002a3fc0	UpdateMoby_4308	proto
moby	26_jamming_array	4309		0x00403f80	0x002a3fc0	UpdateMoby_4309	proto
moby	26_jamming_array	4310		0x00403f80	0x002a3fc0	UpdateMoby_4310	proto
moby	26_jamming_array	4311		0x00403f80	0x002a3fc0	UpdateMoby_4311	proto
moby	26_jamming_array	4312		0x00403f80	0x002a3fc0	UpdateMoby_4312	proto
moby	26_jamming_array	4313		0x00403f80	0x002a3fc0	UpdateMoby_4313	proto
moby	26_jamming_array	4314		0x00403f80	0x002a3fc0	UpdateMoby_4314	proto
moby	26_jamming_array	4315		0x00403f80	0x002a3fc0	UpdateMoby_4315	proto
moby	26_jamming_array	4316		0x00403f80	0x002a3fc0	UpdateMoby_4316	proto
moby	26_jamming_array	4317		0x00403f80	0x002a3fc0	UpdateMoby_4317	proto
moby	26_jamming_array	4318		0x00403f80	0x002a3fc0	UpdateMoby_4318	proto
moby	26_jamming_array	4319		0x00403f80	0x002a3fc0	UpdateMoby_4319	proto
moby	26_jamming_array	4320		0x00403f80	0x002a3fc0	UpdateMoby_4320	proto
moby	26_jamming_array	4321		0x00403f80	0x002a3fc0	UpdateMoby_4321	proto
moby	26_jamming_array	4325		0x00403f80	0x002a3fc0	UpdateMoby_4325	proto
moby	26_jamming_array	4406		0x00403f90	0x002a3fc0	UpdateMoby_4406	proto
moby	26_jamming_array	4498		0x003be160	0x002a3fc0	UpdateMoby_4498	proto
moby	26_jamming_array	4501		0x00406200	0x002a3fc0	UpdateMoby_4501	proto
moby	26_jamming_array	4712		0x004070f8	0x002a3fc0	UpdateMoby_4712	proto
moby	26_jamming_array	5020		0x00407560	0x002a3fc0	UpdateMoby_5020	proto
moby	26_jamming_array	5021		0x00408c48	0x002a3fc0	UpdateMoby_5021	proto
moby	26_jamming_array	5022		0x0040a2b8	0x002a3fc0	UpdateMoby_5022	proto
moby	26_jamming_array	5023		0x0040bc38	0x002a3fc0	UpdateMoby_5023	proto
moby	26_jamming_array	5024		0x003eb498	0x002a3fc0	UpdateMoby_5024	proto
moby	26_jamming_array	1086		0x0040c7e0	0x002a3fc0	UpdateMoby_1086	proto
moby	26_jamming_array	2804		0x0040c8a8	0x002a3fc0		
moby	26_jamming_array	1481		0x0040c990	0x002a3fc0	UpdateMoby_1481	proto
moby	26_jamming_array	2170		0x0040f878	0x002a3fc0	UpdateMoby_2170	proto
moby	26_jamming_array	3209		0x00411b50	0x002a3fc0	UpdateMoby_3209	proto
cam	26_jamming_array	0	InitCamera	0x004190f0		InitCamera_0	proto
cam	26_jamming_array	0	ActivateCamera	0x004160f0		ActivateCamera_0	proto
cam	26_jamming_array	0	UpdateCamera	0x004190f8		UpdateCamera_0	proto
cam	26_jamming_array	0	ExitCamera	0x004191b8		ExitCamera_0	proto
cam	26_jamming_array	4	InitCamera	0x004199b8		InitCamera_4	proto
cam	26_jamming_array	4	ActivateCamera	0x00419d48		ActivateCamera_4	proto
cam	26_jamming_array	4	UpdateCamera	0x00419428		UpdateCamera_4	proto
cam	26_jamming_array	4	ExitCamera	0x00419e00		ExitCamera_4	proto
cam	26_jamming_array	5	InitCamera	0x0041a818		InitCamera_5	proto
cam	26_jamming_array	5	ActivateCamera	0x0041a368		ActivateCamera_5	proto
cam	26_jamming_array	5	UpdateCamera	0x0041a820		UpdateCamera_5	proto
cam	26_jamming_array	5	ExitCamera	0x0041a878		ExitCamera_5	proto
cam	26_jamming_array	6	InitCamera	0x0041b1e8		InitCamera_6	proto
cam	26_jamming_array	6	ActivateCamera	0x0041b1f0		ActivateCamera_6	proto
cam	26_jamming_array	6	UpdateCamera	0x0041b2a0		UpdateCamera_6	proto
cam	26_jamming_array	6	ExitCamera	0x0041b2c0		ExitCamera_6	proto
cam	26_jamming_array	7	InitCamera	0x0041bc38		InitCamera_7	proto
cam	26_jamming_array	7	ActivateCamera	0x0041b2c8		ActivateCamera_7	proto
cam	26_jamming_array	7	UpdateCamera	0x0041bc40		UpdateCamera_7	proto
cam	26_jamming_array	7	ExitCamera	0x0041bd28		ExitCamera_7	proto
cam	26_jamming_array	23	InitCamera	0x0041c4d8		InitCamera_23	proto
cam	26_jamming_array	23	ActivateCamera	0x0041c560		ActivateCamera_23	proto
cam	26_jamming_array	23	UpdateCamera	0x0041c568		UpdateCamera_23	proto
cam	26_jamming_array	23	ExitCamera	0x0041c570		ExitCamera_23	proto
cam	26_jamming_array	24	InitCamera	0x0041cd60		InitCamera_24	proto
cam	26_jamming_array	24	ActivateCamera	0x0041cd80		ActivateCamera_24	proto
cam	26_jamming_array	24	UpdateCamera	0x0041cd88		UpdateCamera_24	proto
cam	26_jamming_array	24	ExitCamera	0x0041cd90		ExitCamera_24	proto
cam	26_jamming_array	27	InitCamera	0x0041d3b8		InitCamera_27	proto
cam	26_jamming_array	27	ActivateCamera	0x0041cd98		ActivateCamera_27	proto
cam	26_jamming_array	27	UpdateCamera	0x0041cf10		UpdateCamera_27	proto
cam	26_jamming_array	27	ExitCamera	0x0041d3c0		ExitCamera_27	proto
snd	26_jamming_array	1	UpdateSound	0x0041d490		UpdateSound_1	proto
moby	30_insomniac_museum	2		0x003811b8	0x002aa7d4	UpdateMoby_2	proto
moby	30_insomniac_museum	14		0x003811c0	0x002aa7d4	UpdateMoby_14	proto
moby	30_insomniac_museum	1007		0x00382cf8	0x002aa7d4	UpdateMoby_1007	proto
moby	30_insomniac_museum	4504		0x003840e0	0x002aa7d4		
moby	30_insomniac_museum	4839		0x003842e0	0x002aa7d4		
moby	30_insomniac_museum	4875		0x003843d0	0x002aa7d4		
moby	30_insomniac_museum	4878		0x003844c8	0x002aa7d4		
moby	30_insomniac_museum	4879		0x003849d8	0x002aa7d4		
moby	30_insomniac_museum	4917		0x00384b20	0x002aa7d4		
moby	30_insomniac_museum	4942		0x00386300	0x002aa7d4		
moby	30_insomniac_museum	4959		0x00386400	0x002aa7d4		
moby	30_insomniac_museum	4966		0x00387ba8	0x002aa7d4		
moby	30_insomniac_museum	4967		0x0038a650	0x002aa7d4		
moby	30_insomniac_museum	13		0x003811c0	0x002aa7d4	UpdateMoby_13	proto
moby	30_insomniac_museum	15		0x003811c0	0x002aa7d4	UpdateMoby_15	proto
moby	30_insomniac_museum	16		0x003811c0	0x002aa7d4	UpdateMoby_16	proto
moby	30_insomniac_museum	17		0x003811c0	0x002aa7d4	UpdateMoby_17	proto
moby	30_insomniac_museum	18		0x003811c0	0x002aa7d4	UpdateMoby_18	proto
moby	30_insomniac_museum	19		0x003811c0	0x002aa7d4	UpdateMoby_19	proto
moby	30_insomniac_museum	71		0x0038cfa8	0x002aa7d4	UpdateMoby_71	proto
moby	30_insomniac_museum	112		0x0038e3f8	0x002aa7d4	UpdateMoby_112	proto
moby	30_insomniac_museum	121		0x0038e4f8	0x002aa7d4	UpdateMoby_121	proto
moby	30_insomniac_museum	122		0x00390680	0x002aa7d4	UpdateMoby_122	proto
moby	30_insomniac_museum	163		0x00390948	0x002aa7d4	UpdateMoby_163	proto
moby	30_insomniac_museum	166		0x00390cd8	0x002aa7d4	UpdateMoby_166	proto
moby	30_insomniac_museum	167		0x00391a28	0x002aa7d4	UpdateMoby_167	proto
moby	30_insomniac_museum	172		0x00392958	0x002aa7d4	UpdateMoby_172	proto
moby	30_insomniac_museum	177		0x003935c0	0x002aa7d4	UpdateMoby_177	proto
moby	30_insomniac_museum	179		0x00396370	0x002aa7d4	UpdateMoby_179	proto
moby	30_insomniac_museum	180		0x003964b8	0x002aa7d4	UpdateMoby_180	proto
moby	30_insomniac_museum	188		0x00397318	0x002aa7d4	UpdateMoby_188	proto
moby	30_insomniac_museum	192		0x00398ef0	0x002aa7d4	UpdateMoby_192	proto
moby	30_insomniac_museum	203		0x003991e0	0x002aa7d4	UpdateMoby_203	proto
moby	30_insomniac_museum	208		0x0039a4e8	0x002aa7d4	UpdateMoby_208	proto
moby	30_insomniac_museum	209		0x0039b778	0x002aa7d4	UpdateMoby_209	proto
moby	30_insomniac_museum	357		0x0039b9c0	0x002aa7d4	UpdateMoby_357	proto
moby	30_insomniac_museum	358		0x0039bbd0	0x002aa7d4	UpdateMoby_358	proto
moby	30_insomniac_museum	500		0x0039bd88	0x002aa7d4	UpdateMoby_500	proto
moby	30_insomniac_museum	562		0x0039da58	0x002aa7d4	UpdateMoby_562	proto
moby	30_insomniac_museum	607		0x0039dcc0	0x002aa7d4	UpdateMoby_607	proto
moby	30_insomniac_museum	639		0x0039dee0	0x002aa7d4	UpdateMoby_639	proto
moby	30_insomniac_museum	758		0x0039eaa0	0x002aa7d4	UpdateMoby_758	proto
moby	30_insomniac_museum	775		0x0039ee18	0x002aa7d4	UpdateMoby_775	proto
moby	30_insomniac_museum	804		0x0039ee68	0x002aa7d4	UpdateMoby_804	proto
moby	30_insomniac_museum	806		0x0039f8d0	0x002aa7d4	UpdateMoby_806	proto
moby	30_insomniac_museum	1192		0x0038e3f8	0x002aa7d4	UpdateMoby_1192	proto
moby	30_insomniac_museum	1258		0x003a1248	0x002aa7d4	UpdateMoby_1258	proto
moby	30_insomniac_museum	1482		0x003a16f8	0x002aa7d4	UpdateMoby_1482	proto
moby	30_insomniac_museum	1483		0x003a36a8	0x002aa7d4	UpdateMoby_1483	proto
moby	30_insomniac_museum	1486		0x003a46f8	0x002aa7d4	UpdateMoby_1486	proto
moby	30_insomniac_museum	1487		0x003a5098	0x002aa7d4	UpdateMoby_1487	proto
moby	30_insomniac_museum	1489		0x003a5bb0	0x002aa7d4	UpdateMoby_1489	proto
moby	30_insomniac_museum	1490		0x003a73f8	0x002aa7d4	UpdateMoby_1490	proto
moby	30_insomniac_museum	1494		0x003a8640	0x002aa7d4	UpdateMoby_1494	proto
moby	30_insomniac_museum	1496		0x003aa420	0x002aa7d4	UpdateMoby_1496	proto
moby	30_insomniac_museum	1497		0x003aaed0	0x002aa7d4	UpdateMoby_1497	proto
moby	30_insomniac_museum	1498		0x003ac690	0x002aa7d4	UpdateMoby_1498	proto
moby	30_insomniac_museum	2078		0x003ad6d0	0x002aa7d4	UpdateMoby_2078	proto
moby	30_insomniac_museum	2079		0x003af0c8	0x002aa7d4	UpdateMoby_2079	proto
moby	30_insomniac_museum	2080		0x003b1a38	0x002aa7d4	UpdateMoby_2080	proto
moby	30_insomniac_museum	2085		0x003b23a8	0x002aa7d4	UpdateMoby_2085	proto
moby	30_insomniac_museum	2088		0x003b3928	0x002aa7d4	UpdateMoby_2088	proto
moby	30_insomniac_museum	2131		0x003b3f70	0x002aa7d4		
moby	30_insomniac_museum	2140		0x003b5b48	0x002aa7d4	UpdateMoby_2140	proto
moby	30_insomniac_museum	2143		0x003b7008	0x002aa7d4	UpdateMoby_2143	proto
moby	30_insomniac_museum	2160		0x003b9468	0x002aa7d4	UpdateMoby_2160	proto
moby	30_insomniac_museum	2163		0x003b97a8	0x002aa7d4	UpdateMoby_2163	proto
moby	30_insomniac_museum	2169		0x003b9860	0x002aa7d4	UpdateMoby_2169	proto
moby	30_insomniac_museum	2189		0x003ba040	0x002aa7d4		
moby	30_insomniac_museum	2198		0x003bb608	0x002aa7d4	UpdateMoby_2198	proto
moby	30_insomniac_museum	2263		0x003be478	0x002aa7d4		
moby	30_insomniac_museum	2311		0x003be718	0x002aa7d4	UpdateMoby_2311	proto
moby	30_insomniac_museum	2384		0x003c0360	0x002aa7d4	UpdateMoby_2384	proto
moby	30_insomniac_museum	2416		0x003c0448	0x002aa7d4	UpdateMoby_2416	proto
moby	30_insomniac_museum	2458		0x003c0a70	0x002aa7d4	UpdateMoby_2458	proto
moby	30_insomniac_museum	2465		0x003c0f70	0x002aa7d4	UpdateMoby_2465	proto
moby	30_insomniac_museum	2473		0x003c11d0	0x002aa7d4	UpdateMoby_2473	proto
moby	30_insomniac_museum	2491		0x003c3d80	0x002aa7d4	UpdateMoby_2491	proto
moby	30_insomniac_museum	2596		0x003c44b0	0x002aa7d4	UpdateMoby_2596	proto
moby	30_insomniac_museum	2645		0x003c4548	0x002aa7d4	UpdateMoby_2645	proto
moby	30_insomniac_museum	2650		0x003c45c0	0x002aa7d4	UpdateMoby_2650	proto
moby	30_insomniac_museum	2651		0x003c4a10	0x002aa7d4	UpdateMoby_2651	proto
moby	30_insomniac_museum	2652		0x003c5388	0x002aa7d4	UpdateMoby_2652	proto
moby	30_insomniac_museum	2653		0x003c7890	0x002aa7d4	UpdateMoby_2653	proto
moby	30_insomniac_museum	2661		0x003c9e20	0x002aa7d4	UpdateMoby_2661	proto
moby	30_insomniac_museum	2663		0x003ca088	0x002aa7d4	UpdateMoby_2663	proto
moby	30_insomniac_museum	2690		0x003caf70	0x002aa7d4	UpdateMoby_2690	proto
moby	30_insomniac_museum	2715		0x003cbd28	0x002aa7d4	UpdateMoby_2715	proto
moby	30_insomniac_museum	2784		0x003ce750	0x002aa7d4	UpdateMoby_2784	proto
moby	30_insomniac_museum	2801		0x003cf220	0x002aa7d4	UpdateMoby_2801	proto
moby	30_insomniac_museum	2806		0x003b9860	0x002aa7d4	UpdateMoby_2806	proto
moby	30_insomniac_museum	2812		0x003d12d8	0x002aa7d4	UpdateMoby_2812	proto
moby	30_insomniac_museum	2818		0x003d1f20	0x002aa7d4	UpdateMoby_2818	proto
moby	30_insomniac_museum	2834		0x003d29b0	0x002aa7d4	UpdateMoby_2834	proto
moby	30_insomniac_museum	2856		0x003d29b8	0x002aa7d4	UpdateMoby_2856	proto
moby	30_insomniac_museum	2857		0x003d4e88	0x002aa7d4	UpdateMoby_2857	proto
moby	30_insomniac_museum	2862		0x003d5aa0	0x002aa7d4	UpdateMoby_2862	proto
moby	30_insomniac_museum	2904		0x003d7c40	0x002aa7d4	UpdateMoby_2904	proto
moby	30_insomniac_museum	2948		0x003da018	0x002aa7d4	UpdateMoby_2948	proto
moby	30_insomniac_museum	3029		0x003da040	0x002aa7d4	UpdateMoby_3029	proto
moby	30_insomniac_museum	3031		0x003da188	0x002aa7d4	UpdateMoby_3031	proto
moby	30_insomniac_museum	3032		0x003db6f0	0x002aa7d4	UpdateMoby_3032	proto
moby	30_insomniac_museum	3070		0x003dc458	0x002aa7d4	UpdateMoby_3070	proto
moby	30_insomniac_museum	3076		0x003dd960	0x002aa7d4	UpdateMoby_3076	proto
moby	30_insomniac_museum	3077		0x003de890	0x002aa7d4	UpdateMoby_3077	proto
moby	30_insomniac_museum	3078		0x003deb38	0x002aa7d4	UpdateMoby_3078	proto
moby	30_insomniac_museum	3079		0x003e11b8	0x002aa7d4	UpdateMoby_3079	proto
moby	30_insomniac_museum	3137		0x003e16a8	0x002aa7d4	UpdateMoby_3137	proto
moby	30_insomniac_museum	3142		0x003e1ba8	0x002aa7d4		
moby	30_insomniac_museum	3146		0x003e1e98	0x002aa7d4	UpdateMoby_3146	proto
moby	30_insomniac_museum	3161		0x003e4118	0x002aa7d4	UpdateMoby_3161	proto
moby	30_insomniac_museum	3162		0x003e4630	0x002aa7d4	UpdateMoby_3162	proto
moby	30_insomniac_museum	3250		0x003e53c8	0x002aa7d4	UpdateMoby_3250	proto
moby	30_insomniac_museum	3259		0x003e6420	0x002aa7d4	UpdateMoby_3259	proto
moby	30_insomniac_museum	3291		0x003ce750	0x002aa7d4	UpdateMoby_3291	proto
moby	30_insomniac_museum	3299		0x003e7510	0x002aa7d4	UpdateMoby_3299	proto
moby	30_insomniac_museum	3300		0x003e7970	0x002aa7d4	UpdateMoby_3300	proto
moby	30_insomniac_museum	3301		0x003e7ee0	0x002aa7d4	UpdateMoby_3301	proto
moby	30_insomniac_museum	3303		0x003e9d18	0x002aa7d4	UpdateMoby_3303	proto
moby	30_insomniac_museum	3307		0x003ec1b0	0x002aa7d4	UpdateMoby_3307	proto
moby	30_insomniac_museum	3308		0x003ec498	0x002aa7d4	UpdateMoby_3308	proto
moby	30_insomniac_museum	3310		0x003ec780	0x002aa7d4	UpdateMoby_3310	proto
moby	30_insomniac_museum	3315		0x003ecc20	0x002aa7d4	UpdateMoby_3315	proto
moby	30_insomniac_museum	3319		0x003ed8d8	0x002aa7d4	UpdateMoby_3319	proto
moby	30_insomniac_museum	3329		0x003aaed0	0x002aa7d4	UpdateMoby_3329	proto
moby	30_insomniac_museum	3332		0x003f11c0	0x002aa7d4	UpdateMoby_3332	proto
moby	30_insomniac_museum	3406		0x003f2060	0x002aa7d4	UpdateMoby_3406	proto
moby	30_insomniac_museum	3412		0x003f4730	0x002aa7d4		
moby	30_insomniac_museum	3422		0x003f4858	0x002aa7d4	UpdateMoby_3422	proto
moby	30_insomniac_museum	3484		0x003f51a0	0x002aa7d4	UpdateMoby_3484	proto
moby	30_insomniac_museum	3521		0x003f5ce0	0x002aa7d4	UpdateMoby_3521	proto
moby	30_insomniac_museum	3546		0x003f63e8	0x002aa7d4	UpdateMoby_3546	proto
moby	30_insomniac_museum	3604		0x003f6578	0x002aa7d4	UpdateMoby_3604	proto
moby	30_insomniac_museum	3631		0x003f6bf8	0x002aa7d4	UpdateMoby_3631	proto
moby	30_insomniac_museum	3684		0x003f75d0	0x002aa7d4	UpdateMoby_3684	proto
moby	30_insomniac_museum	3696		0x003f81a0	0x002aa7d4	UpdateMoby_3696	proto
moby	30_insomniac_museum	3705		0x003f82d0	0x002aa7d4	UpdateMoby_3705	proto
moby	30_insomniac_museum	3706		0x003fb118	0x002aa7d4	UpdateMoby_3706	proto
moby	30_insomniac_museum	3709		0x003fb580	0x002aa7d4	UpdateMoby_3709	proto
moby	30_insomniac_museum	3742		0x003f6578	0x002aa7d4	UpdateMoby_3742	proto
moby	30_insomniac_museum	3749		0x003fc488	0x002aa7d4	UpdateMoby_3749	proto
moby	30_insomniac_museum	3751		0x003fd0b8	0x002aa7d4	UpdateMoby_3751	proto
moby	30_insomniac_museum	3754		0x003fdbc8	0x002aa7d4	UpdateMoby_3754	proto
moby	30_insomniac_museum	3755		0x003fe458	0x002aa7d4	UpdateMoby_3755	proto
moby	30_insomniac_museum	3757		0x003ff678	0x002aa7d4	UpdateMoby_3757	proto
moby	30_insomniac_museum	3758		0x00401fa0	0x002aa7d4	UpdateMoby_3758	proto
moby	30_insomniac_museum	3760		0x00403308	0x002aa7d4	UpdateMoby_3760	proto
moby	30_insomniac_museum	3773		0x00404328	0x002aa7d4	UpdateMoby_3773	proto
moby	30_insomniac_museum	3777		0x004052e0	0x002aa7d4	UpdateMoby_3777	proto
moby	30_insomniac_museum	3784		0x00406648	0x002aa7d4	UpdateMoby_3784	proto
moby	30_insomniac_museum	3790		0x00406ea0	0x002aa7d4	UpdateMoby_3790	proto
moby	30_insomniac_museum	3799		0x00407ca0	0x002aa7d4	UpdateMoby_3799	proto
moby	30_insomniac_museum	3800		0x00409220	0x002aa7d4	UpdateMoby_3800	proto
moby	30_insomniac_museum	3887		0x0040b9d8	0x002aa7d4	UpdateMoby_3887	proto
moby	30_insomniac_museum	3921		0x0040cbc8	0x002aa7d4	UpdateMoby_3921	proto
moby	30_insomniac_museum	3949		0x0040d5f8	0x002aa7d4	UpdateMoby_3949	proto
moby	30_insomniac_museum	3959		0x0040e198	0x002aa7d4	UpdateMoby_3959	proto
moby	30_insomniac_museum	3962		0x0040e1a0	0x002aa7d4	UpdateMoby_3962	proto
moby	30_insomniac_museum	4016		0x0040f030	0x002aa7d4	UpdateMoby_4016	proto
moby	30_insomniac_museum	4100		0x0040f628	0x002aa7d4	UpdateMoby_4100	proto
moby	30_insomniac_museum	4308		0x00410ca0	0x002aa7d4	UpdateMoby_4308	proto
moby	30_insomniac_museum	4309		0x00410ca0	0x002aa7d4	UpdateMoby_4309	proto
moby	30_insomniac_museum	4310		0x00410ca0	0x002aa7d4	UpdateMoby_4310	proto
moby	30_insomniac_museum	4311		0x00410ca0	0x002aa7d4	UpdateMoby_4311	proto
moby	30_insomniac_museum	4312		0x00410ca0	0x002aa7d4	UpdateMoby_4312	proto
moby	30_insomniac_museum	4313		0x00410ca0	0x002aa7d4	UpdateMoby_4313	proto
moby	30_insomniac_museum	4314		0x00410ca0	0x002aa7d4	UpdateMoby_4314	proto
moby	30_insomniac_museum	4315		0x00410ca0	0x002aa7d4	UpdateMoby_4315	proto
moby	30_insomniac_museum	4316		0x00410ca0	0x002aa7d4	UpdateMoby_4316	proto
moby	30_insomniac_museum	4317		0x00410ca0	0x002aa7d4	UpdateMoby_4317	proto
moby	30_insomniac_museum	4318		0x00410ca0	0x002aa7d4	UpdateMoby_4318	proto
moby	30_insomniac_museum	4319		0x00410ca0	0x002aa7d4	UpdateMoby_4319	proto
moby	30_insomniac_museum	4320		0x00410ca0	0x002aa7d4	UpdateMoby_4320	proto
moby	30_insomniac_museum	4321		0x00410ca0	0x002aa7d4	UpdateMoby_4321	proto
moby	30_insomniac_museum	4325		0x00410ca0	0x002aa7d4	UpdateMoby_4325	proto
moby	30_insomniac_museum	4406		0x00410cb0	0x002aa7d4	UpdateMoby_4406	proto
moby	30_insomniac_museum	4447		0x00412df0	0x002aa7d4	UpdateMoby_4447	proto
moby	30_insomniac_museum	4490		0x004130e8	0x002aa7d4	UpdateMoby_4490	proto
moby	30_insomniac_museum	4498		0x003c5388	0x002aa7d4	UpdateMoby_4498	proto
moby	30_insomniac_museum	4501		0x004139f8	0x002aa7d4	UpdateMoby_4501	proto
moby	30_insomniac_museum	4564		0x004148f0	0x002aa7d4	UpdateMoby_4564	proto
moby	30_insomniac_museum	4580		0x00415090	0x002aa7d4	UpdateMoby_4580	proto
moby	30_insomniac_museum	4581		0x004156d8	0x002aa7d4	UpdateMoby_4581	proto
moby	30_insomniac_museum	4586		0x00416a88	0x002aa7d4	UpdateMoby_4586	proto
moby	30_insomniac_museum	4882		0x00417988	0x002aa7d4		
moby	30_insomniac_museum	4887		0x004186b0	0x002aa7d4	UpdateMoby_4887	proto
moby	30_insomniac_museum	4933		0x00418b58	0x002aa7d4		
moby	30_insomniac_museum	5020		0x00419160	0x002aa7d4	UpdateMoby_5020	proto
moby	30_insomniac_museum	5021		0x0041a848	0x002aa7d4	UpdateMoby_5021	proto
moby	30_insomniac_museum	5022		0x0041beb8	0x002aa7d4	UpdateMoby_5022	proto
moby	30_insomniac_museum	5023		0x0041d838	0x002aa7d4	UpdateMoby_5023	proto
moby	30_insomniac_museum	5024		0x003efbf8	0x002aa7d4	UpdateMoby_5024	proto
moby	30_insomniac_museum	1086		0x0041e3e0	0x002aa7d4	UpdateMoby_1086	proto
moby	30_insomniac_museum	2456		0x0041e560	0x002aa7d4	UpdateMoby_2456	proto
moby	30_insomniac_museum	1481		0x0041e7e0	0x002aa7d4	UpdateMoby_1481	proto
moby	30_insomniac_museum	2170		0x004216c8	0x002aa7d4	UpdateMoby_2170	proto
moby	30_insomniac_museum	3209		0x004239a0	0x002aa7d4	UpdateMoby_3209	proto
cam	30_insomniac_museum	0	InitCamera	0x0042aef8		InitCamera_0	proto
cam	30_insomniac_museum	0	ActivateCamera	0x00427f40		ActivateCamera_0	proto
cam	30_insomniac_museum	0	UpdateCamera	0x0042af00		UpdateCamera_0	proto
cam	30_insomniac_museum	0	ExitCamera	0x0042afc0		ExitCamera_0	proto
cam	30_insomniac_museum	4	InitCamera	0x0042b7c0		InitCamera_4	proto
cam	30_insomniac_museum	4	ActivateCamera	0x0042bb50		ActivateCamera_4	proto
cam	30_insomniac_museum	4	UpdateCamera	0x0042b230		UpdateCamera_4	proto
cam	30_insomniac_museum	4	ExitCamera	0x0042bc08		ExitCamera_4	proto
cam	30_insomniac_museum	5	InitCamera	0x0042c620		InitCamera_5	proto
cam	30_insomniac_museum	5	ActivateCamera	0x0042c170		ActivateCamera_5	proto
cam	30_insomniac_museum	5	UpdateCamera	0x0042c628		UpdateCamera_5	proto
cam	30_insomniac_museum	5	ExitCamera	0x0042c680		ExitCamera_5	proto
cam	30_insomniac_museum	6	InitCamera	0x0042cff0		InitCamera_6	proto
cam	30_insomniac_museum	6	ActivateCamera	0x0042cff8		ActivateCamera_6	proto
cam	30_insomniac_museum	6	UpdateCamera	0x0042d0a8		UpdateCamera_6	proto
cam	30_insomniac_museum	6	ExitCamera	0x0042d0c8		ExitCamera_6	proto
cam	30_insomniac_museum	7	InitCamera	0x0042dd18		InitCamera_7	proto
cam	30_insomniac_museum	7	ActivateCamera	0x0042d0d0		ActivateCamera_7	proto
cam	30_insomniac_museum	7	UpdateCamera	0x0042dd20		UpdateCamera_7	proto
cam	30_insomniac_museum	7	ExitCamera	0x0042de08		ExitCamera_7	proto
cam	30_insomniac_museum	23	InitCamera	0x0042e5b8		InitCamera_23	proto
cam	30_insomniac_museum	23	ActivateCamera	0x0042e640		ActivateCamera_23	proto
cam	30_insomniac_museum	23	UpdateCamera	0x0042e648		UpdateCamera_23	proto
cam	30_insomniac_museum	23	ExitCamera	0x0042e650		ExitCamera_23	proto
cam	30_insomniac_museum	27	InitCamera	0x0042ec98		InitCamera_27	proto
cam	30_insomniac_museum	27	ActivateCamera	0x0042e678		ActivateCamera_27	proto
cam	30_insomniac_museum	27	UpdateCamera	0x0042e7f0		UpdateCamera_27	proto
cam	30_insomniac_museum	27	ExitCamera	0x0042eca0		ExitCamera_27	proto
